Date,Open,High,Low,Close,Volume,RSI,MACD,Signal,Histogramme,BB_Haute,BB_Moyenne,BB_Basse,MM20,MM50,MM200,ATR,Stoch_K,Stoch_D
2024-06-15 00:00:00+00:00,66006.74,66402.19,65871.77,66191.0,14121265576,,0.0,0.0,0.0,,,,,,,,,
2024-06-16 00:00:00+00:00,66189.36,66894.84,66018.25,66639.05,13281140541,,35.74,7.15,28.59,,,,,,,,,
2024-06-17 00:00:00+00:00,66636.52,67188.32,65094.96,66490.3,30006354476,,51.47,16.01,35.46,,,,,,,,,
2024-06-18 00:00:00+00:00,66490.98,66556.7,64066.96,65140.75,39481285950,,-44.45,3.92,-48.37,,,,,,,,,
2024-06-19 00:00:00+00:00,65146.66,65695.35,64693.3,64960.3,21103423504,,-133.49,-23.56,-109.93,,,,,,,,,
2024-06-20 00:00:00+00:00,64960.3,66438.96,64547.85,64828.66,25641109124,,-212.23,-61.29,-150.93,,,,,,,,,
2024-06-21 00:00:00+00:00,64837.99,65007.55,63378.89,64096.2,26188171739,,-329.93,-115.02,-214.91,,,,,,,,,
2024-06-22 00:00:00+00:00,64113.86,64475.47,63929.76,64252.58,9858198793,,-405.91,-173.2,-232.71,,,,,,,,,
2024-06-23 00:00:00+00:00,64248.96,64491.7,63180.8,63180.8,11170471802,,-546.31,-247.82,-298.49,,,,,,,,,
2024-06-24 00:00:00+00:00,63173.35,63292.53,58601.7,60277.41,43152133651,,-881.7,-374.6,-507.1,,,,,,,,,
2024-06-25 00:00:00+00:00,60266.28,62258.26,60239.75,61804.64,29201215431,,-1012.59,-502.19,-510.39,,,,,,,,,
2024-06-26 00:00:00+00:00,61789.68,62434.14,60695.19,60811.28,22506003064,,-1182.84,-638.32,-544.51,,,,,,,,,
2024-06-27 00:00:00+00:00,60811.23,62293.86,60585.33,61604.8,21231745045,,-1239.44,-758.55,-480.9,,,,,,,,,
2024-06-28 00:00:00+00:00,61612.8,62126.1,59985.4,60320.14,24952866877,,-1372.15,-881.27,-490.88,,,,,,,1857.42,20.01,
2024-06-29 00:00:00+00:00,60319.88,61097.62,60300.96,60887.38,12652903396,31.01,-1415.23,-988.06,-427.17,,,,,,,1744.5,26.62,
2024-06-30 00:00:00+00:00,60888.45,62892.83,60632.95,62678.29,17333226409,43.71,-1290.0,-1048.45,-241.55,,,,,,,1797.5,47.48,31.37
2024-07-01 00:00:00+00:00,62673.61,63777.23,62495.51,62851.98,25468379421,44.78,-1163.32,-1071.42,-91.9,,,,,,,1746.07,53.43,42.51
2024-07-02 00:00:00+00:00,62844.41,63203.36,61752.75,62029.02,20151616992,40.84,-1116.47,-1080.43,-36.03,,,,,,,1717.42,43.73,48.21
2024-07-03 00:00:00+00:00,62034.33,62187.7,59419.39,60173.92,29756701685,33.67,-1215.02,-1107.35,-107.67,,,,,,,1816.79,20.06,39.07
2024-07-04 00:00:00+00:00,60147.14,60399.68,56777.8,56977.7,41149609230,25.39,-1533.35,-1192.55,-340.8,67877.83,62809.81,57741.79,62809.81,,,1983.62,2.43,22.07
2024-07-05 00:00:00+00:00,57022.81,57497.15,53717.38,56662.38,55417544033,24.74,-1790.44,-1312.13,-478.31,67835.95,62333.38,56830.81,62333.38,,,2146.21,27.33,16.61
2024-07-06 00:00:00+00:00,56659.07,58472.55,56038.96,58303.54,20610320577,34.14,-1840.54,-1417.81,-422.73,67307.6,61916.6,56525.61,61916.6,,,2171.74,42.57,24.11
2024-07-07 00:00:00+00:00,58239.43,58371.12,55793.32,55849.11,20553359505,28.42,-2054.61,-1545.17,-509.44,66971.8,61384.54,55797.29,61384.54,,,2207.19,21.19,30.36
2024-07-08 00:00:00+00:00,55849.57,58131.34,54321.02,56705.1,39766159899,32.66,-2130.63,-1662.26,-468.37,66629.15,60962.76,55296.37,60962.76,,,2344.97,29.7,31.15
2024-07-09 00:00:00+00:00,56704.6,58239.2,56316.88,58009.23,27849512607,38.62,-2061.88,-1742.19,-319.69,66098.96,60615.21,55131.45,60615.21,,,2309.16,42.66,31.18
2024-07-10 00:00:00+00:00,58033.88,59359.43,57178.41,57742.5,26175260526,37.88,-2005.79,-1794.91,-210.89,65509.03,60260.9,55012.77,60260.9,,,2298.45,40.01,37.46
2024-07-11 00:00:00+00:00,57729.89,59299.43,57120.38,57344.91,28707803842,36.75,-1970.71,-1830.07,-140.64,64998.41,59923.34,54848.26,59923.34,,,2288.59,36.06,39.58
2024-07-12 00:00:00+00:00,57341.2,58532.55,56590.18,57899.46,25604805221,39.46,-1876.53,-1839.36,-37.17,64322.47,59605.68,54888.89,59605.68,,,2260.31,41.57,39.21
2024-07-13 00:00:00+00:00,57908.74,59787.08,57796.44,59231.95,17080061806,45.5,-1675.06,-1806.5,131.44,63815.34,59408.24,55001.14,59408.24,,,2238.5,54.82,44.15
2024-07-14 00:00:00+00:00,59225.25,61329.53,59225.25,60787.79,22223416061,51.57,-1374.01,-1720.0,345.99,63867.88,59433.76,54999.64,59433.76,,,2227.75,70.28,55.56
2024-07-15 00:00:00+00:00,60815.46,64870.15,60704.93,64870.15,38094526099,63.17,-796.83,-1535.37,738.54,64546.98,59587.03,54627.08,59587.03,,,2381.61,100.0,75.03
2024-07-16 00:00:00+00:00,64784.42,65354.34,62487.97,65097.15,41617346768,63.69,-317.43,-1291.78,974.35,65322.56,59801.32,54280.09,59801.32,,,2419.8,97.79,89.36
2024-07-17 00:00:00+00:00,65091.83,66066.73,63896.09,64118.79,32525071311,59.77,-16.26,-1036.68,1020.41,65728.5,59927.02,54125.55,59927.02,,,2400.31,84.23,94.01
2024-07-18 00:00:00+00:00,64104.74,65104.66,63246.16,63974.07,27239305337,59.19,208.33,-787.67,996.01,66186.91,60109.72,54032.54,60109.72,,,2358.22,83.05,88.36
2024-07-19 00:00:00+00:00,63972.32,67442.64,63329.34,66710.16,37003855410,65.93,600.19,-510.1,1110.29,67155.1,60400.86,53646.62,60400.86,,,2493.71,94.42,87.23
2024-07-20 00:00:00+00:00,66709.92,67610.73,66299.62,67163.65,19029581250,66.9,936.54,-220.77,1157.31,67969.82,60625.13,53280.44,60625.13,,,2402.94,96.64,91.37
2024-07-21 00:00:00+00:00,67164.91,68372.91,65842.3,68154.52,26652190004,68.99,1268.43,77.07,1191.36,68923.91,60890.25,52856.6,60890.25,,,2412.69,98.45,96.5
2024-07-22 00:00:00+00:00,68152.98,68480.06,66611.3,67585.25,42649109453,66.4,1468.59,355.37,1113.22,69734.17,61168.07,52601.96,61168.07,,,2371.36,92.64,95.91
2024-07-23 00:00:00+00:00,67584.8,67779.02,65484.46,65927.67,35605668666,59.4,1476.44,579.58,896.86,70264.32,61455.75,52647.19,61455.75,,,2365.56,78.53,89.87
2024-07-24 00:00:00+00:00,65927.86,67113.98,65147.0,65372.13,27470942309,57.22,1421.46,747.96,673.5,70585.03,61875.48,53165.92,61875.48,,,2335.54,73.86,81.68
2024-07-25 00:00:00+00:00,65375.88,66112.42,63473.47,65777.23,38315761670,58.42,1394.49,877.27,517.23,70843.89,62331.22,53818.55,62331.22,,,2358.3,77.27,76.55
2024-07-26 00:00:00+00:00,65771.81,68207.6,65743.77,67912.06,30488630457,64.12,1527.77,1007.37,520.41,71450.83,62811.64,54172.46,62811.64,,,2366.19,94.68,81.94
2024-07-27 00:00:00+00:00,67911.81,69398.51,66705.22,67813.34,34691905492,63.68,1606.91,1127.28,479.64,71667.57,63409.86,55152.14,63409.86,,,2390.56,84.42,85.46
2024-07-28 00:00:00+00:00,67808.66,68301.85,67085.83,68255.87,18043166945,64.83,1685.9,1239.0,446.9,71878.24,63987.39,56096.55,63987.39,,,2303.32,86.86,88.65
2024-07-29 00:00:00+00:00,68259.05,69987.54,66532.59,66819.91,40780682628,58.37,1614.03,1314.01,300.02,71885.37,64427.93,56970.48,64427.93,,,2388.62,57.76,76.35
2024-07-30 00:00:00+00:00,66819.05,66987.67,65323.19,66201.02,31380492109,55.79,1489.96,1349.2,140.76,71641.49,64850.85,58060.22,64850.85,,,2335.12,43.83,62.82
2024-07-31 00:00:00+00:00,66201.27,66810.21,64532.05,64619.25,31292785994,49.73,1249.58,1329.27,-79.69,71020.27,65214.57,59408.87,65214.57,,,2330.92,20.37,40.65
2024-08-01 00:00:00+00:00,64625.84,65593.24,62248.94,65357.5,40975554494,52.33,1105.91,1284.6,-178.69,70262.89,65587.47,60912.06,65587.47,,,2405.43,40.17,34.79
2024-08-02 00:00:00+00:00,65353.5,65523.22,61184.89,61415.07,43060875727,40.34,666.25,1160.93,-494.68,69816.17,65696.63,61577.08,65696.63,,,2547.25,2.61,21.05
2024-08-03 00:00:00+00:00,61414.81,62148.37,59836.53,60680.09,31753030589,38.56,255.56,979.86,-724.3,69838.0,65691.24,61544.49,65691.24,62971.14,,2530.01,8.31,17.03
2024-08-04 00:00:00+00:00,60676.09,61062.99,57210.8,58116.98,31758917219,33.09,-273.58,729.17,-1002.75,70706.28,65353.59,60000.89,65353.59,62809.66,,2626.66,7.09,6.01
2024-08-05 00:00:00+00:00,58110.3,58268.83,49121.24,53991.46,108991085584,26.56,-1014.14,380.51,-1394.64,72181.91,64798.3,57414.69,64798.3,62556.71,,3102.53,23.34,12.91
2024-08-06 00:00:00+00:00,53991.35,57059.92,53973.27,56034.32,49300484106,33.55,-1419.82,20.44,-1440.26,72754.85,64394.08,56033.3,64394.08,62347.59,,3101.38,33.13,21.19
2024-08-07 00:00:00+00:00,56040.63,57726.88,54620.51,55027.46,41637562185,31.94,-1801.8,-344.01,-1457.8,73300.52,63946.75,54592.97,63946.75,62145.32,,3101.74,28.31,28.26
2024-08-08 00:00:00+00:00,55030.03,62673.77,54766.73,61710.14,45298472567,49.35,-1547.45,-584.7,-962.76,73006.71,63696.75,54386.79,63696.75,62080.32,,3450.9,60.33,40.59
2024-08-09 00:00:00+00:00,61728.21,61751.86,59587.86,60880.11,33425553115,47.72,-1396.76,-747.11,-649.65,72623.76,63382.57,54141.38,63382.57,62001.35,,3357.51,56.35,48.33
2024-08-10 00:00:00+00:00,60881.23,61464.51,60287.57,60945.81,15745822278,47.87,-1257.53,-849.19,-408.34,72039.26,63022.13,54005.01,63022.13,61938.34,,3199.44,56.67,57.78
2024-08-11 00:00:00+00:00,60944.89,61778.66,58348.82,58719.48,22759754812,43.41,-1311.72,-941.7,-370.02,71522.84,62578.85,53634.85,62578.85,61827.68,,3216.12,46.0,53.01
2024-08-12 00:00:00+00:00,58719.39,60680.33,57688.9,59354.52,37078637820,44.98,-1288.56,-1011.07,-277.49,71159.06,62250.19,53341.32,62250.19,61751.15,,3199.87,57.28,53.31
2024-08-13 00:00:00+00:00,59356.21,61572.4,58506.25,60609.57,30327698167,48.06,-1155.62,-1039.98,-115.64,70823.64,62012.06,53200.48,62012.06,61757.8,,3190.2,64.95,56.07
2024-08-14 00:00:00+00:00,60611.05,61687.76,58472.88,58737.27,29961696180,44.1,-1187.65,-1069.52,-118.14,70400.51,61660.06,52919.61,61660.06,61696.45,,3191.99,58.38,60.2
2024-08-15 00:00:00+00:00,58733.26,59838.65,56161.59,57560.1,35682112440,41.77,-1293.12,-1114.24,-178.88,69543.5,61142.46,52741.43,61142.46,61631.43,,3226.99,51.45,58.26
2024-08-16 00:00:00+00:00,57560.27,59847.36,57110.02,58894.11,29350938673,45.3,-1254.6,-1142.31,-112.29,68534.59,60696.5,52858.41,60696.5,61577.21,,3191.68,72.11,60.65
2024-08-17 00:00:00+00:00,58893.53,59694.67,58814.83,59478.97,13589684021,46.82,-1163.46,-1146.54,-16.92,67250.98,60257.66,53264.33,60257.66,61560.39,,3025.1,76.43,66.66
2024-08-18 00:00:00+00:00,59468.13,60262.72,58445.4,58483.96,17740625837,44.55,-1158.18,-1148.87,-9.31,66147.32,59840.86,53534.4,59840.86,61512.32,,2938.13,69.08,72.54
2024-08-19 00:00:00+00:00,58480.71,59612.66,57864.71,59493.45,25911207712,47.34,-1060.31,-1131.15,70.85,65055.9,59505.48,53955.06,59505.48,61448.62,,2852.47,63.45,69.65
2024-08-20 00:00:00+00:00,59493.45,61396.33,58610.88,59012.79,31613400008,46.15,-1009.89,-1106.9,97.01,64227.36,59225.16,54222.96,59225.16,61371.84,,2847.65,54.54,62.36
2024-08-21 00:00:00+00:00,59014.99,61834.35,58823.45,61175.19,32731154072,51.99,-786.38,-1042.8,256.42,63225.73,59016.04,54806.36,59016.04,61354.76,,2859.39,81.05,66.34
2024-08-22 00:00:00+00:00,61168.32,61408.11,59815.25,60381.91,27625734377,49.86,-665.58,-967.35,301.77,63074.29,58964.38,54854.48,58964.38,61358.92,,2768.37,74.4,69.99
2024-08-23 00:00:00+00:00,60380.95,64947.06,60372.05,64094.36,42530509233,58.46,-267.21,-827.32,560.12,63792.27,59135.1,54477.92,59135.1,61501.26,,2898.14,90.29,81.91
2024-08-24 00:00:00+00:00,64103.87,64513.79,63619.92,64178.99,21430585163,58.64,54.7,-650.92,705.62,64580.2,59438.2,54296.2,59438.2,61651.59,,2754.23,91.26,85.32
2024-08-25 00:00:00+00:00,64176.37,64996.42,63833.52,64333.54,18827683555,58.98,318.62,-457.01,775.63,64865.88,59955.3,55044.73,59955.3,61772.19,,2640.02,92.5,91.35
2024-08-26 00:00:00+00:00,64342.23,64489.71,62849.56,62880.66,27682040631,54.46,405.86,-284.44,690.3,65007.75,60297.62,55587.49,60297.62,61912.82,,2568.28,76.05,86.6
2024-08-27 00:00:00+00:00,62879.71,63210.8,58116.75,59504.13,39103882198,45.71,200.24,-187.5,387.74,64553.78,60521.45,56489.13,60521.45,61968.8,,2749.44,37.83,68.79
2024-08-28 00:00:00+00:00,59507.93,60236.45,57890.68,59027.62,40289564698,44.62,-1.16,-150.23,149.07,64431.61,60387.33,56343.04,60387.33,61989.17,,2720.5,32.44,48.78
2024-08-29 00:00:00+00:00,59027.47,61184.08,58786.23,59388.18,32224990582,45.67,-130.18,-146.22,16.05,64373.75,60312.73,56251.71,60312.73,62022.08,,2697.37,28.89,33.05
2024-08-30 00:00:00+00:00,59388.6,59896.89,57768.53,59119.48,32292756405,44.99,-251.21,-167.22,-83.99,64304.56,60221.41,56138.26,60221.41,62057.57,,2656.59,18.69,26.67
2024-08-31 00:00:00+00:00,59117.48,59432.59,58768.79,58969.9,12403470760,44.58,-355.1,-204.8,-150.31,64299.19,60233.94,56168.68,60233.94,62078.98,,2513.81,16.62,21.4
2024-09-01 00:00:00+00:00,58969.8,59062.07,57217.82,57325.49,24592449997,40.31,-563.63,-276.56,-287.07,64387.01,60132.48,55877.96,60132.48,62040.85,,2465.84,1.38,12.23
2024-09-02 00:00:00+00:00,57326.97,59403.07,57136.03,59112.48,27036454524,46.33,-578.03,-336.86,-241.18,64329.46,60057.63,55785.8,60057.63,62007.35,,2451.6,25.14,14.38
2024-09-03 00:00:00+00:00,59106.19,59815.06,57425.17,57431.02,26666961053,42.03,-716.86,-412.86,-304.01,64387.31,59992.32,55597.32,59992.32,61858.56,,2447.19,3.75,10.09
2024-09-04 00:00:00+00:00,57430.35,58511.57,55673.16,57971.54,35627680312,43.84,-774.35,-485.16,-289.19,64363.58,60012.89,55662.2,60012.89,61716.05,,2475.19,24.65,17.85
2024-09-05 00:00:00+00:00,57971.7,58300.58,55712.45,56160.49,31030280656,39.41,-955.03,-579.13,-375.9,64535.68,59876.21,55216.73,59876.21,61556.89,,2483.28,5.23,11.21
2024-09-06 00:00:00+00:00,56160.19,56976.11,52598.7,53948.75,49361693566,34.8,-1262.14,-715.73,-546.41,64961.82,59599.7,54237.57,59599.7,61356.38,,2618.84,10.89,13.59
2024-09-07 00:00:00+00:00,53949.09,54838.14,53740.07,54139.69,19061486526,35.5,-1473.14,-867.22,-605.93,65261.92,59382.48,53503.05,59382.48,61104.97,,2510.02,12.43,9.52
2024-09-08 00:00:00+00:00,54147.93,55300.86,53653.76,54841.57,18268287531,38.14,-1565.68,-1006.91,-558.77,65369.09,59149.89,52930.69,59149.89,60858.53,,2448.27,18.86,14.06
2024-09-09 00:00:00+00:00,54851.89,58041.12,54598.43,57019.54,34618096173,45.58,-1446.59,-1094.84,-351.75,65342.13,59050.23,52758.32,59050.23,60635.83,,2519.42,41.66,24.32
2024-09-10 00:00:00+00:00,57020.1,58029.98,56419.41,57648.71,28857630507,47.54,-1286.62,-1133.2,-153.42,65112.5,58873.9,52635.31,58873.9,60437.1,,2454.4,58.82,39.78
2024-09-11 00:00:00+00:00,57650.29,57991.32,55567.34,57343.17,37049062672,46.66,-1170.99,-1140.76,-30.23,64953.93,58721.97,52490.0,58721.97,60265.41,,2452.23,55.26,51.91
2024-09-12 00:00:00+00:00,57343.17,58534.36,57330.1,58127.01,33835707949,49.26,-1004.53,-1113.51,108.98,64121.03,58423.6,52726.16,58423.6,60120.51,,2362.97,75.75,63.28
2024-09-13 00:00:00+00:00,58130.32,60648.02,57650.11,60571.3,32490528356,56.38,-667.67,-1024.34,356.67,63373.64,58243.21,53112.79,58243.21,60016.39,,2408.38,99.05,76.69
2024-09-14 00:00:00+00:00,60569.12,60656.72,59517.88,60005.12,16428405496,54.47,-441.31,-907.74,466.42,62382.1,58026.79,53671.48,58026.79,59858.25,,2317.6,91.91,88.9
2024-09-15 00:00:00+00:00,60000.73,60381.92,58696.31,59182.84,18120960867,51.73,-324.53,-791.1,466.56,61603.04,57841.9,54080.77,57841.9,59685.64,,2272.41,81.71,90.89
2024-09-16 00:00:00+00:00,59185.23,59205.51,57501.34,58192.51,32032822113,48.57,-308.34,-694.55,386.21,61460.37,57776.32,54092.27,57776.32,59484.37,,2231.78,69.42,81.01
2024-09-17 00:00:00+00:00,58192.51,61316.09,57628.07,60308.54,38075570118,54.92,-123.34,-580.3,456.97,61658.12,57840.37,54022.61,57840.37,59354.14,,2335.89,88.44,79.86
2024-09-18 00:00:00+00:00,60309.0,61664.07,59218.25,61649.68,40990702891,58.42,130.0,-438.24,568.24,62085.27,57953.44,53821.62,57953.44,59263.12,,2343.75,99.84,85.9
2024-09-19 00:00:00+00:00,61651.16,63872.44,61609.87,62940.46,42710252573,61.52,429.97,-264.6,694.57,62820.8,58144.49,53468.18,58144.49,59229.54,,2337.95,91.73,93.34
2024-09-20 00:00:00+00:00,62941.43,64119.53,62364.61,63192.98,35177164222,62.12,680.23,-75.64,755.86,63542.4,58355.64,53168.88,58355.64,59186.25,,2296.27,91.15,94.24
2024-09-21 00:00:00+00:00,63184.34,63543.36,62783.11,63394.84,14408616220,62.62,884.65,116.42,768.23,64283.82,58659.11,53034.41,58659.11,59225.85,,2186.49,93.08,91.99
2024-09-22 00:00:00+00:00,63396.8,63993.42,62440.73,63648.71,20183348802,63.27,1054.99,304.13,750.85,64937.26,58885.92,52834.58,58885.92,59285.22,,2141.19,95.05,93.09
2024-09-23 00:00:00+00:00,63643.1,64733.56,62628.08,63329.8,31400285425,61.81,1150.97,473.5,677.47,65502.59,59180.86,52859.13,59180.86,59389.47,,2138.64,84.69,90.94
2024-09-24 00:00:00+00:00,63326.84,64695.21,62737.42,64301.97,29938335243,64.5,1290.61,636.92,653.69,66187.36,59497.38,52807.41,59497.38,59595.68,,2125.71,95.29,91.68
2024-09-25 00:00:00+00:00,64302.59,64804.5,62945.38,63143.14,25078377700,59.15,1292.87,768.11,524.76,66532.07,59846.52,53160.97,59846.52,59737.86,,2106.66,77.77,85.92
2024-09-26 00:00:00+00:00,63138.55,65790.8,62669.27,65181.02,36873129847,64.7,1442.47,902.98,539.48,66891.69,60408.13,53924.57,60408.13,59940.93,,2179.18,92.64,88.57
2024-09-27 00:00:00+00:00,65180.66,66480.7,64852.99,65790.66,32058813449,66.18,1591.87,1040.76,551.11,67190.25,60990.68,54791.1,60990.68,60022.54,,2139.78,92.32,87.58
2024-09-28 00:00:00+00:00,65792.18,66255.53,65458.04,65887.65,15243637984,66.42,1698.52,1172.31,526.2,67394.35,61542.98,55691.61,61542.98,60122.69,,2043.86,93.4,92.78
2024-09-29 00:00:00+00:00,65888.9,66069.34,65450.02,65635.3,14788214575,65.12,1742.59,1286.37,456.22,67689.99,61973.77,56257.55,61973.77,60216.48,,1942.07,90.59,92.1
2024-09-30 00:00:00+00:00,65634.66,65635.05,62873.62,63329.5,37112957475,54.59,1573.32,1343.76,229.56,67622.9,62257.81,56892.72,62257.81,60308.68,,2000.63,64.4,82.79
2024-10-01 00:00:00+00:00,63335.61,64110.98,60189.28,60837.01,50220923500,45.95,1223.94,1319.79,-95.86,67331.05,62432.5,57533.96,62432.5,60338.33,,2137.9,22.29,59.09
2024-10-02 00:00:00+00:00,60836.32,62357.69,59996.95,60632.79,40762722398,45.31,919.97,1239.83,-319.86,67108.5,62557.79,58007.08,62557.79,60338.8,,2153.82,9.81,32.17
2024-10-03 00:00:00+00:00,60632.48,61469.04,59878.8,60759.4,36106447279,45.81,681.43,1128.15,-446.72,67101.37,62567.2,58033.03,62567.2,60379.24,,2113.55,13.34,15.14
2024-10-04 00:00:00+00:00,60754.62,62465.99,60459.94,62067.48,29585472513,50.8,591.13,1020.74,-429.62,67050.33,62670.31,58290.3,62670.31,60469.39,,2105.87,33.15,18.77
2024-10-05 00:00:00+00:00,62067.61,62371.02,61689.58,62089.95,13305410749,50.89,515.43,919.68,-404.25,66890.71,62815.67,58740.63,62815.67,60533.3,,2004.1,33.49,26.66
2024-10-06 00:00:00+00:00,62084.99,62959.57,61833.15,62818.95,14776233667,53.64,508.41,837.43,-329.02,66493.87,63046.99,59600.11,63046.99,60600.1,,1941.4,44.53,37.06
2024-10-07 00:00:00+00:00,62819.11,64443.71,62152.55,62236.66,34253562610,51.17,450.66,760.07,-309.42,66368.51,63143.4,59918.29,63143.4,60675.16,,1966.39,35.71,37.91
2024-10-08 00:00:00+00:00,62221.64,63174.3,61843.56,62131.97,28134475157,50.72,391.92,686.44,-294.52,66352.56,63167.51,59982.47,63167.51,60727.93,,1920.97,34.13,38.13
2024-10-09 00:00:00+00:00,62131.73,62508.84,60314.61,60582.1,27670982363,44.46,217.81,592.72,-374.91,66438.16,63049.59,59661.03,63049.59,60759.32,,1940.5,10.65,26.83
2024-10-10 00:00:00+00:00,60581.93,61236.72,58895.21,60274.5,30452813570,43.32,54.37,485.05,-430.68,66510.56,62903.67,59296.78,62903.67,60741.3,,1969.14,18.18,20.99
2024-10-11 00:00:00+00:00,60275.46,63400.87,60046.12,62445.09,30327141594,52.58,98.85,407.81,-308.95,66460.85,62856.18,59251.51,62856.18,60782.56,,2068.13,48.23,25.69
2024-10-12 00:00:00+00:00,62444.62,63448.79,62443.27,63193.02,16744110886,55.29,192.24,364.69,-172.45,66422.7,62833.4,59244.09,62833.4,60764.54,,1992.22,59.91,42.11
2024-10-13 00:00:00+00:00,63192.95,63272.65,62035.64,62851.38,18177529690,53.78,235.97,338.95,-102.98,66391.22,62809.48,59227.73,62809.48,60737.99,,1938.27,58.7,55.61
2024-10-14 00:00:00+00:00,62848.4,66482.49,62442.15,66046.12,43706958056,63.76,522.39,375.64,146.75,66708.95,62896.68,59084.42,62896.68,60772.24,,2088.43,94.25,70.95
2024-10-15 00:00:00+00:00,66050.37,67881.68,64809.2,67041.11,48863870879,66.21,820.21,464.55,355.66,67331.48,63091.58,58851.69,63091.58,60855.45,,2158.73,90.65,81.2
2024-10-16 00:00:00+00:00,67042.46,68375.29,66758.73,67612.72,38195189534,67.57,1089.8,589.6,500.2,67828.21,63213.17,58598.12,63213.17,61017.62,,2120.0,91.96,92.28
2024-10-17 00:00:00+00:00,67617.08,67912.21,66647.39,67399.84,32790898511,66.5,1271.61,726.0,545.61,68147.79,63293.63,58439.46,63293.63,61185.06,,2058.91,89.71,90.77
2024-10-18 00:00:00+00:00,67419.11,68969.75,67177.82,68418.79,36857165014,69.02,1480.85,876.97,603.88,68674.59,63420.18,58165.78,63420.18,61365.67,,2039.84,94.53,92.07
2024-10-19 00:00:00+00:00,68418.98,68668.01,68024.64,68362.73,14443497908,68.72,1623.43,1026.26,597.17,69181.54,63556.56,57931.57,63556.56,61550.54,,1940.08,93.97,92.74
2024-10-20 00:00:00+00:00,68364.18,69359.01,68105.72,69001.7,18975847518,70.34,1767.62,1174.53,593.08,69966.58,63840.17,57713.76,63840.17,61751.18,,1891.02,96.59,95.03
2024-10-21 00:00:00+00:00,69002.0,69462.73,66829.85,67367.85,37498611780,61.56,1730.1,1285.65,444.46,70315.29,64166.71,58018.12,64166.71,61952.02,,1944.02,80.18,90.25
2024-10-22 00:00:00+00:00,67360.7,67801.58,66581.37,67361.41,31808472566,61.52,1680.48,1364.62,315.87,70573.4,64503.14,58432.88,64503.14,62117.0,,1892.31,80.12,85.63
2024-10-23 00:00:00+00:00,67362.38,67402.74,65188.04,66432.2,32263980353,56.84,1548.33,1401.36,146.97,70646.99,64786.78,58926.57,64786.78,62297.03,,1915.34,71.32,77.2
2024-10-24 00:00:00+00:00,66653.7,68798.96,66454.1,68161.05,31414428647,62.55,1565.06,1434.1,130.96,70989.88,65091.46,59193.03,65091.46,62500.82,,1947.59,86.18,79.2
2024-10-25 00:00:00+00:00,68165.3,68722.16,65521.79,66642.41,41469984306,55.6,1439.19,1435.12,4.07,71079.55,65319.08,59558.61,65319.08,62710.45,,2037.08,62.03,73.18
2024-10-26 00:00:00+00:00,66628.73,67317.92,66360.59,67014.7,19588098156,56.86,1353.87,1418.87,-65.0,71211.04,65528.87,59846.69,65528.87,62971.77,,1959.95,67.04,71.75
2024-10-27 00:00:00+00:00,67023.48,68221.31,66847.23,67929.3,16721307878,59.89,1344.55,1404.0,-59.45,71370.23,65813.5,60256.77,65813.5,63247.56,,1918.1,78.16,69.07
2024-10-28 00:00:00+00:00,67922.67,70212.27,67535.13,69907.76,38799856657,65.52,1479.75,1419.15,60.6,71762.54,66202.29,60642.03,66202.29,63548.89,,1972.32,94.36,79.85
2024-10-29 00:00:00+00:00,69910.05,73577.21,69729.91,72720.49,58541874402,71.62,1793.2,1493.96,299.24,72435.96,66809.21,61182.46,66809.21,63862.91,,2106.25,89.79,87.44
2024-10-30 00:00:00+00:00,72715.37,72905.3,71411.73,72339.54,40646637831,69.82,1987.95,1592.76,395.19,72663.83,67412.46,62161.09,67412.46,64156.72,,2062.49,85.25,89.8
2024-10-31 00:00:00+00:00,72335.05,72662.31,69590.5,70215.19,40627912076,60.66,1948.41,1663.89,284.52,72638.37,67800.97,62963.56,67800.97,64414.16,,2134.58,59.92,78.32
2024-11-01 00:00:00+00:00,70216.9,71559.02,68779.7,69482.47,49989795365,57.84,1836.78,1698.47,138.31,72486.84,68115.44,63744.03,68115.44,64641.27,,2180.64,51.19,65.45
2024-11-02 00:00:00+00:00,69486.02,69867.35,69033.72,69289.27,18184612091,57.08,1712.98,1701.37,11.61,72060.76,68437.33,64813.9,68437.33,64815.63,,2084.42,48.89,53.33
2024-11-03 00:00:00+00:00,69296.38,69361.66,67482.52,68741.12,34868307655,54.9,1552.73,1671.64,-118.91,72017.14,68572.08,65127.02,68572.08,64990.35,,2069.76,42.35,47.48
2024-11-04 00:00:00+00:00,68742.13,69433.18,66803.65,67811.51,41184819348,51.31,1335.33,1604.38,-269.05,72000.37,68610.6,65220.83,68610.6,65162.93,,2109.74,31.27,40.84
2024-11-05 00:00:00+00:00,67811.17,70522.79,67458.87,69359.56,46046889204,56.42,1273.28,1538.16,-264.88,72069.42,68697.94,65326.47,68697.94,65386.27,,2177.9,49.73,41.12
2024-11-06 00:00:00+00:00,69358.5,76460.16,69322.03,75639.08,118592653963,70.11,1711.08,1572.75,138.34,73631.03,69109.91,64588.78,69109.91,65692.88,,2532.21,92.49,57.83
2024-11-07 00:00:00+00:00,75637.09,76943.12,74480.42,75904.86,63467654989,70.54,2055.79,1669.35,386.44,74912.87,69484.21,64055.55,69484.21,65977.98,,2527.24,90.91,77.71
2024-11-08 00:00:00+00:00,75902.84,77252.75,75648.74,76545.48,55176858003,71.58,2353.54,1806.19,547.35,76138.18,69893.35,63648.51,69893.35,66250.08,,2461.3,93.51,92.3
2024-11-09 00:00:00+00:00,76556.19,76932.77,75773.79,76778.87,29009480361,71.97,2578.61,1960.68,617.94,77223.03,70282.21,63341.38,70282.21,66521.8,,2368.27,95.46,93.29
2024-11-10 00:00:00+00:00,76775.55,81474.42,76565.43,80474.19,82570594495,77.27,3020.35,2172.61,847.74,79089.06,70937.52,62785.99,70937.52,66863.39,,2549.76,93.18,94.05
2024-11-11 00:00:00+00:00,80471.41,89604.5,80283.25,88701.48,117966845037,84.36,3988.33,2535.76,1452.58,83202.51,72004.53,60806.54,72004.53,67364.44,,3033.44,96.04,94.9
2024-11-12 00:00:00+00:00,88705.56,89956.88,85155.11,87955.81,133673285375,81.87,4641.79,2956.96,1684.82,86024.75,73080.71,60136.66,73080.71,67856.96,,3159.75,91.36,93.53
2024-11-13 00:00:00+00:00,87929.97,93434.35,86256.93,90584.16,123559027869,83.7,5310.52,3427.67,1882.85,89090.1,74201.86,59313.63,74201.86,68382.61,,3446.73,89.3,92.23
2024-11-14 00:00:00+00:00,90574.88,91765.22,86682.81,87250.43,87616705248,73.56,5508.0,3843.74,1664.26,90756.56,75232.26,59707.97,75232.26,68864.75,,3563.57,76.78,85.81
2024-11-15 00:00:00+00:00,87284.18,91868.74,87124.9,91066.01,78243109518,77.0,5904.33,4255.86,1648.47,92972.02,76434.83,59897.64,76434.83,69382.45,,3647.87,91.11,85.73
2024-11-16 00:00:00+00:00,91064.37,91763.95,90094.23,90558.48,44333192814,75.59,6107.07,4626.1,1480.97,94737.58,77566.29,60394.99,77566.29,69877.81,,3506.58,89.2,85.7
2024-11-17 00:00:00+00:00,90558.46,91433.04,88741.66,89845.85,46350159305,73.56,6139.47,4928.78,1210.7,96171.87,78563.19,60954.51,78563.19,70356.97,,3448.35,86.52,88.94
2024-11-18 00:00:00+00:00,89843.72,92596.79,89393.59,90542.64,75535775084,74.29,6150.48,5173.12,977.36,97613.25,79454.3,61295.35,79454.3,70855.12,,3430.84,88.87,88.2
2024-11-19 00:00:00+00:00,90536.81,94002.87,90426.98,92343.79,74521048295,76.12,6232.69,5385.03,847.66,99158.92,80454.51,61750.1,80454.51,71435.41,,3441.2,93.28,89.56
2024-11-20 00:00:00+00:00,92341.89,94902.02,91619.5,94339.49,71730956426,77.99,6385.27,5585.08,800.19,100693.45,81660.73,62628.01,81660.73,72105.46,,3429.86,97.25,93.13
2024-11-21 00:00:00+00:00,94334.64,99014.22,94132.6,98504.73,106024505582,81.28,6764.32,5820.93,943.39,102653.73,83111.84,63569.95,83111.84,72862.89,,3533.56,97.82,96.11
2024-11-22 00:00:00+00:00,98496.43,99655.5,97222.66,98997.66,78473580551,81.63,7023.53,6061.45,962.08,104231.4,84597.26,64963.12,84597.26,73627.66,,3454.94,97.25,97.44
2024-11-23 00:00:00+00:00,99006.74,99014.68,97232.89,97777.28,44414644677,77.75,7049.22,6259.0,790.22,105029.74,86049.07,67068.39,86049.07,74341.86,,3335.43,91.87,95.64
2024-11-24 00:00:00+00:00,97778.09,98647.18,95788.08,98013.82,51712020623,77.97,7007.89,6408.78,599.11,105188.12,87559.18,69930.25,87559.18,75060.33,,3301.4,91.53,93.55
2024-11-25 00:00:00+00:00,98033.45,98935.03,92642.91,93102.3,80909462490,63.93,6503.84,6427.79,76.05,104289.24,88746.32,73203.41,88746.32,75666.0,,3515.03,54.81,79.4
2024-11-26 00:00:00+00:00,93087.28,94991.75,90770.81,91985.32,91656519855,61.23,5945.71,6331.38,-385.67,103874.81,89563.63,75252.45,89563.63,76260.97,,3565.45,42.75,63.03
2024-11-27 00:00:00+00:00,91978.14,97361.18,91778.66,95962.53,71133452438,66.63,5757.94,6216.69,-458.75,103601.81,90566.52,77531.22,90566.52,76937.58,,3709.53,71.53,56.36
2024-11-28 00:00:00+00:00,95954.95,96650.2,94677.35,95652.47,52260008261,65.86,5520.48,6077.45,-556.97,102929.52,91521.87,80114.22,91521.87,77638.99,,3585.48,68.05,60.78
2024-11-29 00:00:00+00:00,95653.95,98693.17,95407.88,97461.52,54968682476,68.18,5415.83,5945.12,-529.29,101899.43,92556.0,83212.57,92556.0,78382.73,,3564.04,79.9,73.16
2024-11-30 00:00:00+00:00,97468.81,97499.34,96144.22,96449.05,31634227866,65.5,5191.36,5794.37,-603.01,100909.45,93354.74,85800.03,93354.74,79062.81,,3406.25,70.62,72.86
2024-12-01 00:00:00+00:00,96461.34,97888.12,95770.19,97279.79,36590695296,66.66,5022.59,5640.02,-617.42,101198.77,93783.66,86368.54,93783.66,79744.55,,3314.23,76.85,75.79
2024-12-02 00:00:00+00:00,97276.01,98152.6,94482.87,95865.3,72680784305,62.8,4720.3,5456.07,-735.77,101113.64,94179.13,87244.63,94179.13,80404.82,,3339.62,58.93,68.8
2024-12-03 00:00:00+00:00,95854.59,96297.2,93629.56,96002.16,67067810961,63.02,4440.58,5252.97,-812.39,101214.44,94450.03,87685.62,94450.03,81003.95,,3291.63,58.88,64.89
2024-12-04 00:00:00+00:00,95988.53,99207.33,94660.52,98768.53,77199817112,67.29,4391.51,5080.68,-689.17,101139.4,95025.94,88912.47,95025.94,81638.49,,3381.28,90.02,69.28
2024-12-05 00:00:00+00:00,98741.54,103900.47,91998.78,96593.57,149218945580,61.3,4129.51,4890.45,-760.94,101156.28,95302.31,89448.35,95302.31,82218.11,,3989.88,44.35,64.42
2024-12-06 00:00:00+00:00,97074.23,102039.88,96514.88,99920.71,94534772658,66.25,4142.6,4740.88,-598.28,101523.6,95770.43,90017.25,95770.43,82868.53,,4099.54,69.69,68.02
2024-12-07 00:00:00+00:00,99916.71,100563.38,99030.88,99923.34,44177510897,66.25,4105.85,4613.87,-508.02,101591.38,96274.3,90957.22,96274.3,83498.62,,3916.18,69.71,61.25
2024-12-08 00:00:00+00:00,99921.91,101399.99,98771.52,101236.02,44125751925,68.12,4134.98,4518.09,-383.11,101842.29,96808.97,91775.65,96808.97,84156.08,,3824.2,79.71,73.03
2024-12-09 00:00:00+00:00,101237.06,101272.51,94355.91,97432.72,110676473908,58.1,3807.29,4375.93,-568.64,101640.12,97063.42,92486.71,97063.42,84724.71,,4045.08,50.74,66.72
2024-12-10 00:00:00+00:00,97441.23,98270.16,94321.26,96675.43,104823780634,56.32,3446.75,4190.1,-743.35,101580.03,97180.21,92780.39,97180.21,85310.86,,4038.21,40.4,56.95
2024-12-11 00:00:00+00:00,96656.06,101913.36,95747.23,101173.03,85391409936,63.47,3483.78,4048.83,-565.05,102032.79,97313.63,92594.47,97313.63,85987.09,,4190.21,77.08,56.07
2024-12-12 00:00:00+00:00,101167.8,102524.91,99339.95,100043.0,72073983533,60.78,3382.95,3915.66,-532.71,102185.67,97365.89,92546.12,97365.89,86659.31,,4118.4,67.59,61.69
2024-12-13 00:00:00+00:00,100046.65,101888.8,99233.28,101459.26,56894751583,62.9,3378.37,3808.2,-429.83,102705.51,97549.99,92394.47,97549.99,87325.27,,4013.91,79.49,74.72
2024-12-14 00:00:00+00:00,101451.44,102618.88,100634.05,101372.97,40422968793,62.68,3329.4,3712.44,-383.04,103148.62,97717.95,92287.28,97717.95,88019.88,,3868.98,78.76,75.28
2024-12-15 00:00:00+00:00,101373.53,105047.54,101227.03,104298.7,51145914137,66.95,3486.49,3667.25,-180.76,104005.3,98277.77,92550.24,98277.77,88765.56,,3865.51,94.26,84.17
2024-12-16 00:00:00+00:00,104293.58,107780.58,103322.98,106029.72,91020417816,69.19,3707.92,3675.38,32.53,104899.76,98979.99,93060.22,98979.99,89527.57,,3907.81,88.91,87.31
2024-12-17 00:00:00+00:00,106030.69,108268.45,105291.73,106140.6,68589364868,69.34,3847.99,3709.9,138.08,106033.43,99488.89,92944.36,99488.89,90252.23,,3841.3,86.92,90.03
2024-12-18 00:00:00+00:00,106147.3,106470.61,100041.54,100041.54,93865656139,54.32,3427.35,3653.39,-226.05,106000.72,99708.35,93415.98,99708.35,90798.65,,4026.14,49.43,75.09
2024-12-19 00:00:00+00:00,100070.69,102748.15,95587.68,97490.95,97221662392,49.5,2855.26,3493.77,-638.51,105999.99,99709.82,93419.65,99709.82,91301.68,,4250.02,22.73,53.03
2024-12-20 00:00:00+00:00,97484.7,98098.91,92175.18,97755.93,105634083408,49.99,2395.64,3274.14,-878.5,105948.78,99775.16,93601.55,99775.16,91852.49,,4369.57,34.68,35.61
2024-12-21 00:00:00+00:00,97756.2,99507.1,96426.52,97224.73,51765334294,48.95,1965.87,3012.49,-1046.62,105950.76,99772.41,93594.06,99772.41,92407.34,,4277.5,31.38,29.59
2024-12-22 00:00:00+00:00,97218.32,97360.27,94202.19,95104.94,43147981314,44.93,1437.64,2697.52,-1259.87,106022.36,99734.39,93446.43,99734.39,92923.65,,4197.54,18.2,28.09
2024-12-23 00:00:00+00:00,95099.39,96416.21,92403.13,94686.24,65239002919,44.16,974.01,2352.82,-1378.8,106145.69,99668.6,93191.5,99668.6,93442.55,,4184.37,15.6,21.73
2024-12-24 00:00:00+00:00,94684.34,99404.06,93448.02,98676.09,47114953674,52.52,917.95,2065.84,-1147.9,106143.91,99663.97,93184.04,99663.97,94059.84,,4310.92,40.4,24.73
2024-12-25 00:00:00+00:00,98675.91,99478.75,97593.47,99299.2,33700394629,53.69,913.27,1835.33,-922.06,106120.31,99799.26,93478.2,99799.26,94658.64,,4137.66,44.27,33.42
2024-12-26 00:00:00+00:00,99297.7,99884.57,95137.88,95795.52,47054980873,46.74,619.7,1592.2,-972.51,106161.73,99593.0,93024.26,99593.0,95061.76,,4181.16,22.5,35.72
2024-12-27 00:00:00+00:00,95704.98,97294.84,93310.74,94164.86,52419934565,43.89,252.55,1324.27,-1071.72,106303.59,99305.07,92306.55,99305.07,95426.96,,4167.08,12.36,26.38
2024-12-28 00:00:00+00:00,94160.19,95525.9,94014.29,95163.93,24107436185,46.06,41.71,1067.76,-1026.04,106172.0,99001.47,91830.93,99001.47,95799.33,,3977.41,18.57,17.81
2024-12-29 00:00:00+00:00,95174.05,95174.88,92881.79,93530.23,29635885267,43.12,-254.27,803.35,-1057.62,106358.84,98806.34,91253.85,98806.34,96134.36,,3857.1,8.42,13.12
2024-12-30 00:00:00+00:00,93527.2,94903.32,91317.13,92643.21,56188003691,41.57,-554.02,531.88,-1085.9,106599.09,98604.73,90610.38,98604.73,96377.74,,3837.75,7.82,11.6
2024-12-31 00:00:00+00:00,92643.25,96090.6,91914.03,93429.2,43625106843,43.51,-719.86,281.53,-1001.39,106435.14,98217.54,89999.94,98217.54,96472.3,71523.27,3861.95,13.94,10.06
2025-01-01 00:00:00+00:00,93425.1,94929.87,92788.12,94419.76,24519888919,45.94,-762.57,72.71,-835.28,106274.91,97936.38,89597.85,97936.38,96601.57,71664.42,3739.08,27.14,16.3
2025-01-02 00:00:00+00:00,94416.29,97739.82,94201.57,96886.88,46009564411,51.54,-590.53,-59.94,-530.59,105888.84,97707.76,89526.68,97707.76,96727.63,71815.66,3724.73,65.01,35.36
2025-01-03 00:00:00+00:00,96881.73,98956.91,96034.62,98107.43,35611391163,54.07,-351.65,-118.28,-233.37,105545.94,97544.48,89543.03,97544.48,96944.77,71973.74,3667.42,79.26,57.14
2025-01-04 00:00:00+00:00,98106.99,98734.43,97562.98,98236.23,22342608078,54.34,-150.21,-124.66,-25.54,104598.88,97241.36,89883.84,97241.36,97088.17,72139.22,3489.13,80.76,75.01
2025-01-05 00:00:00+00:00,98233.91,98813.3,97291.77,98314.96,20525254825,54.52,15.61,-96.61,112.22,102978.46,96855.62,90732.78,96855.62,97243.3,72305.99,3348.59,81.68,80.57
2025-01-06 00:00:00+00:00,98314.95,102482.88,97926.15,102078.09,51823432705,62.08,445.54,11.82,433.72,101643.26,96652.5,91661.73,96652.5,97487.95,72492.24,3434.88,96.37,86.27
2025-01-07 00:00:00+00:00,102248.85,102712.48,96132.88,96922.7,58685738547,49.85,366.04,82.66,283.38,101229.7,96496.55,91763.41,96496.55,97615.55,72656.37,3659.51,49.19,75.75
2025-01-08 00:00:00+00:00,96924.16,97258.32,92525.84,95043.52,63875859171,46.28,149.68,96.07,53.61,101125.6,96374.18,91622.77,96374.18,97669.54,72810.33,3736.15,32.7,59.42
2025-01-09 00:00:00+00:00,95043.48,95349.72,91220.84,92484.04,62777261693,41.87,-225.71,31.71,-257.42,101117.32,96110.59,91103.85,96110.59,97632.43,72956.84,3764.2,10.99,30.96
2025-01-10 00:00:00+00:00,92494.49,95770.61,92250.09,94701.45,62058693684,46.61,-340.36,-42.7,-297.66,101000.11,95984.42,90968.74,95984.42,97556.37,73128.96,3746.79,30.29,24.66
2025-01-11 00:00:00+00:00,94700.84,94977.69,93840.05,94566.59,18860894100,46.37,-437.07,-121.58,-315.49,100998.78,95957.51,90916.24,95957.51,97467.75,73292.77,3560.43,29.11,23.47
2025-01-12 00:00:00+00:00,94565.73,95367.54,93712.51,94488.44,20885130965,46.21,-514.09,-200.08,-314.01,101000.15,95947.62,90895.08,95947.62,97401.97,73461.16,3424.33,28.43,29.28
2025-01-13 00:00:00+00:00,94488.89,95837.0,89260.1,94516.52,72978998252,46.28,-566.34,-273.33,-293.01,100659.99,95739.64,90819.29,95739.64,97332.02,73625.72,3649.51,39.07,32.21
2025-01-14 00:00:00+00:00,94519.01,97352.66,94322.16,96534.05,53769675818,51.11,-439.87,-306.64,-133.23,100248.4,95601.38,90954.36,95601.38,97400.66,73806.79,3605.3,54.07,40.53
2025-01-15 00:00:00+00:00,96534.05,100697.23,96501.64,100504.49,57805923627,58.94,-19.05,-249.12,230.07,100976.34,95836.83,90697.32,95836.83,97571.04,74004.87,3647.46,83.59,58.91
2025-01-16 00:00:00+00:00,100505.3,100781.59,97364.45,99756.91,54103781805,57.09,251.24,-149.05,400.29,101476.66,96116.43,90756.2,96116.43,97646.93,74190.27,3631.01,78.03,71.9
2025-01-17 00:00:00+00:00,100025.77,105884.23,99948.91,104462.04,71888972663,64.63,835.48,47.86,787.62,103084.72,96581.34,90077.95,96581.34,97823.12,74398.32,3809.32,91.45,84.35
2025-01-18 00:00:00+00:00,104124.95,104913.2,102226.62,104408.07,50445655726,64.49,1279.39,294.16,985.22,104335.29,97125.23,89915.17,97125.23,97962.05,74610.21,3729.12,91.12,86.86
2025-01-19 00:00:00+00:00,104411.29,106299.8,99570.53,101089.61,76789928525,56.4,1347.88,504.9,842.97,104640.75,97547.55,90454.35,97547.55,98054.86,74814.79,3943.42,69.42,84.0
2025-01-20 00:00:00+00:00,101083.75,109114.88,99471.36,102016.66,126279678351,57.99,1460.13,695.95,764.18,105060.1,97976.92,90893.74,97976.92,98149.6,75039.99,4350.57,64.25,74.93
2025-01-21 00:00:00+00:00,102052.58,107180.92,100103.95,106146.27,88733878242,64.23,1860.87,928.93,931.93,106316.33,98563.25,90810.17,98563.25,98355.22,75287.4,4545.31,85.05,72.91
2025-01-22 00:00:00+00:00,106136.38,106294.34,103360.27,103653.07,53878181052,58.57,1954.74,1134.1,820.65,106932.16,98901.56,90870.95,98901.56,98508.24,75514.15,4430.22,72.49,73.93
2025-01-23 00:00:00+00:00,103657.67,106820.33,101257.8,103960.17,104104515428,59.05,2030.51,1313.38,717.13,107523.93,99194.19,90864.45,99194.19,98612.07,75754.71,4511.1,74.04,77.19
2025-01-24 00:00:00+00:00,103965.67,107098.55,102772.12,104819.48,52388229265,60.43,2135.28,1477.76,657.52,108206.5,99523.36,90840.21,99523.36,98776.59,75995.28,4497.91,78.37,74.97
2025-01-25 00:00:00+00:00,104824.03,105243.79,104120.38,104714.65,23888996502,60.16,2184.67,1619.14,565.53,108806.16,99843.34,90880.52,99843.34,98872.47,76228.81,4256.87,77.84,76.75
2025-01-26 00:00:00+00:00,104713.21,105438.65,102507.71,102682.5,22543395879,55.1,2036.36,1702.59,333.78,108872.11,99873.56,90875.01,99873.56,98927.65,76453.51,4162.16,67.6,74.6
2025-01-27 00:00:00+00:00,102680.3,103214.11,97795.94,102087.69,89006608428,53.68,1849.51,1731.97,117.54,109070.04,100131.81,91193.58,100131.81,98944.69,76677.22,4251.88,52.5,65.98
2025-01-28 00:00:00+00:00,102095.41,103730.82,100238.19,101332.48,47180685494,51.85,1621.8,1709.94,-88.14,109067.65,100446.26,91824.86,100446.26,99022.68,76894.39,4197.65,38.3,52.8
2025-01-29 00:00:00+00:00,101317.52,104750.8,101283.82,103703.21,47432049818,56.83,1614.02,1690.75,-76.73,108874.24,101007.22,93140.2,101007.22,99163.24,77116.74,4145.46,53.94,48.25
2025-01-30 00:00:00+00:00,103709.34,106418.77,103321.65,104735.3,41915744521,58.82,1671.87,1686.98,-15.11,108951.03,101508.91,94066.79,101508.91,99234.48,77336.48,4070.58,61.31,51.18
2025-01-31 00:00:00+00:00,104737.56,106026.35,101543.88,102405.02,45732764360,52.88,1512.25,1652.03,-139.78,108591.2,101900.83,95210.47,101900.83,99281.72,77524.15,4100.0,40.72,51.99
2025-02-01 00:00:00+00:00,102402.8,102755.73,100297.71,100655.91,27757944848,48.88,1230.43,1567.71,-337.28,107964.18,102209.2,96454.23,102209.2,99265.66,77701.95,3982.71,25.27,42.43
2025-02-02 00:00:00+00:00,100661.54,101430.66,96216.08,97688.98,63091816853,42.96,758.92,1405.95,-647.03,107353.51,102367.83,97382.15,102367.83,99191.98,77869.8,4070.7,11.42,25.8
2025-02-03 00:00:00+00:00,97681.1,102514.17,91242.89,101405.42,115400897748,50.98,677.33,1260.23,-582.9,106811.09,102611.4,98411.71,102611.4,99134.11,78056.96,4585.03,63.76,33.48
2025-02-04 00:00:00+00:00,101398.72,101745.62,96208.11,97871.82,73002130211,44.56,323.81,1072.94,-749.14,107101.35,102479.76,97858.18,102479.76,98970.95,78212.76,4653.06,41.81,39.0
2025-02-05 00:00:00+00:00,97878.01,99113.21,96174.83,96615.45,49125911241,42.51,-57.09,846.94,-904.02,107512.53,102322.69,97132.85,102322.69,98780.45,78360.02,4530.59,33.88,46.48
2025-02-06 00:00:00+00:00,96610.64,99168.61,95707.35,96593.3,45302471947,42.48,-356.62,606.23,-962.85,107606.38,101929.25,96252.12,101929.25,98711.48,78502.22,4454.21,33.74,36.48
2025-02-07 00:00:00+00:00,96581.32,100154.14,95653.88,96529.09,55741290456,42.36,-592.36,366.51,-958.87,107570.38,101535.3,95500.23,101535.3,98692.25,78646.94,4457.5,34.83,34.15
2025-02-08 00:00:00+00:00,96533.26,96877.8,95702.49,96482.45,22447526395,42.27,-774.02,138.4,-912.43,107749.47,101304.95,94860.42,101304.95,98666.78,78799.71,4223.05,34.53,34.37
2025-02-09 00:00:00+00:00,96481.31,97325.28,94745.26,96500.09,27732901800,42.32,-906.13,-70.5,-835.62,107808.88,101029.12,94249.35,101029.12,98652.28,78955.35,4105.69,34.64,34.67
2025-02-10 00:00:00+00:00,96499.46,98333.22,95320.84,97437.55,40078962391,45.03,-924.52,-241.31,-683.21,107102.89,100593.68,94084.47,100593.68,98698.94,79113.65,4027.6,40.82,36.66
2025-02-11 00:00:00+00:00,97438.13,98492.9,94875.04,95747.43,37488783272,41.27,-1063.21,-405.69,-657.52,106883.15,100198.4,93513.65,100198.4,98720.16,79252.83,3998.33,29.68,35.05
2025-02-12 00:00:00+00:00,95745.7,98151.02,94101.2,97885.86,49340445530,47.28,-989.17,-522.38,-466.79,106409.61,99894.68,93379.76,99894.68,98704.36,79403.19,4002.01,43.77,38.09
2025-02-13 00:00:00+00:00,97888.75,98111.09,95269.71,96623.87,37147280860,44.39,-1020.57,-622.02,-398.54,105720.56,99484.9,93249.24,99484.9,98650.85,79545.03,3919.11,36.4,36.62
2025-02-14 00:00:00+00:00,96623.37,98819.47,96342.8,97508.97,32697987277,46.84,-962.92,-690.2,-272.72,104903.97,99124.62,93345.27,99124.62,98685.12,79698.48,3816.08,54.43,44.87
2025-02-15 00:00:00+00:00,97508.38,97975.04,97240.2,97580.35,17047266288,47.04,-901.09,-732.38,-168.71,104434.04,98869.51,93304.98,98869.51,98753.43,79855.37,3595.99,56.23,49.02
2025-02-16 00:00:00+00:00,97580.49,97725.59,96060.98,96175.03,16536755396,43.52,-954.49,-776.8,-177.69,104046.0,98573.88,93101.76,98573.88,98773.65,80013.15,3458.03,43.76,51.47
2025-02-17 00:00:00+00:00,96179.01,97032.23,95243.55,95773.38,27336550690,42.54,-1017.49,-824.94,-192.55,103742.75,98295.92,92849.1,98295.92,98818.51,80165.23,3338.79,21.87,40.62
2025-02-18 00:00:00+00:00,95773.81,96695.38,93388.84,95539.55,37325720482,41.95,-1073.9,-874.73,-199.17,102828.42,97887.74,92947.06,97887.74,98876.44,80335.85,3336.49,31.79,32.47
2025-02-19 00:00:00+00:00,95532.53,96855.59,95011.97,96635.61,28990872862,45.76,-1018.43,-903.47,-114.96,101248.18,97482.76,93717.33,97482.76,98940.57,80515.63,3229.86,47.99,33.89
2025-02-20 00:00:00+00:00,96632.68,98767.2,96442.67,98333.94,31668022771,51.12,-827.88,-888.35,60.47,100288.47,97279.2,94269.93,97279.2,99018.85,80716.72,3165.19,73.1,50.96
2025-02-21 00:00:00+00:00,98340.67,99497.97,94852.96,96125.55,49608706470,44.91,-845.32,-879.75,34.42,99644.87,97052.68,94460.5,97052.68,99003.62,80927.39,3270.89,44.8,55.29
2025-02-22 00:00:00+00:00,96134.2,96950.16,95765.34,96577.76,18353824477,46.35,-813.28,-866.45,53.17,99579.5,96997.12,94414.75,96997.12,98973.03,81130.1,3121.89,52.2,56.7
2025-02-23 00:00:00+00:00,96577.8,96671.88,95270.45,96273.92,16999478976,45.49,-803.15,-853.79,50.64,98293.1,96740.55,95188.0,96740.55,98933.79,81336.34,2999.0,47.23,48.07
2025-02-24 00:00:00+00:00,96277.96,96503.45,91371.74,91418.17,44046480529,34.49,-1173.41,-917.72,-255.69,99186.67,96417.87,93649.06,96417.87,98795.85,81484.88,3151.33,0.57,33.33
2025-02-25 00:00:00+00:00,91437.12,92511.08,86008.23,88736.17,92139104128,30.15,-1664.08,-1066.99,-597.09,100431.55,96023.9,91616.25,96023.9,98529.01,81624.16,3390.73,20.22,22.67
2025-02-26 00:00:00+00:00,88638.89,89286.25,82131.9,84347.02,64597492134,24.68,-2379.67,-1329.53,-1050.15,102229.63,95411.59,88593.55,95411.59,98277.5,81741.16,3659.56,12.76,11.18
2025-02-27 00:00:00+00:00,84076.86,87000.78,83144.96,84704.23,52659591954,25.86,-2884.71,-1640.56,-1244.15,103120.18,94820.34,86520.51,94820.34,98070.71,81871.09,3673.58,14.81,15.93
2025-02-28 00:00:00+00:00,84705.62,85036.32,78248.91,84373.01,83610570576,25.47,-3273.94,-1967.24,-1306.7,103688.01,94214.87,84741.74,94214.87,97908.49,81996.18,3895.99,28.82,18.8
2025-03-01 00:00:00+00:00,84373.87,86522.3,83794.23,86031.91,29190628396,31.18,-3409.25,-2255.64,-1153.61,103770.37,93691.46,83612.55,93691.46,97735.1,82123.29,3812.57,36.63,26.75
2025-03-02 00:00:00+00:00,86036.26,95043.44,85040.21,94248.35,58398341092,51.15,-2820.97,-2368.71,-452.26,103461.17,93532.0,83602.84,93532.0,97728.74,82300.85,4254.76,75.29,46.91
2025-03-03 00:00:00+00:00,94248.42,94429.75,85081.3,86065.67,70072228536,39.01,-2980.66,-2491.1,-489.57,103454.85,93047.92,82640.98,93047.92,97560.28,82443.37,4618.6,36.79,49.57
2025-03-04 00:00:00+00:00,86064.07,88911.27,81529.24,87222.2,68095241474,41.13,-2979.56,-2588.79,-390.77,102970.59,92514.73,82058.88,92514.73,97414.39,82585.01,4815.98,42.23,51.44
2025-03-05 00:00:00+00:00,87222.95,90998.24,86379.77,90623.56,50498988027,46.99,-2673.4,-2605.71,-67.69,102517.35,92214.72,81912.09,92214.72,97296.18,82740.74,4801.88,58.24,45.75
2025-03-06 00:00:00+00:00,90622.36,92804.94,87852.14,89961.73,47749810486,46.03,-2455.86,-2575.74,119.88,101872.91,91837.36,81801.8,91837.36,97085.33,82898.13,4812.66,55.12,51.86
2025-03-07 00:00:00+00:00,89963.28,91191.05,84717.68,86742.67,65945677657,41.58,-2514.23,-2563.44,49.21,101194.8,91295.47,81396.14,91295.47,96825.04,83034.37,4931.28,45.42,52.93
2025-03-08 00:00:00+00:00,86742.66,86847.27,85247.48,86154.59,18206118081,40.81,-2578.22,-2566.4,-11.83,100668.21,90794.45,80920.69,90794.45,96458.89,83170.08,4693.31,42.91,47.82
2025-03-09 00:00:00+00:00,86154.3,86471.13,80052.48,80601.04,30899345977,34.3,-3042.0,-2661.52,-380.48,100605.78,90035.83,79465.88,90035.83,95982.75,83267.21,4816.55,12.89,33.74
2025-03-10 00:00:00+00:00,80597.15,83955.93,77420.59,78532.0,54061099422,32.24,-3535.73,-2836.36,-699.37,100594.34,89185.46,77776.57,89185.46,95531.6,83357.96,4939.32,6.31,20.7
2025-03-11 00:00:00+00:00,78523.88,83577.76,76624.25,82862.21,54702837196,40.32,-3536.84,-2976.46,-560.39,99672.57,88496.78,77321.0,88496.78,95148.51,83451.8,5083.19,33.87,17.69
2025-03-12 00:00:00+00:00,82857.38,84358.58,80635.25,83722.36,40353484454,41.81,-3428.79,-3066.92,-361.87,98114.02,87766.21,77418.39,87766.21,94700.03,83549.52,4986.06,38.54,26.24
2025-03-13 00:00:00+00:00,83724.92,84301.7,79931.85,81066.7,31412940153,38.61,-3516.91,-3156.92,-359.99,96984.62,87013.26,77041.9,87013.26,94248.31,83633.18,4942.05,24.12,32.17
2025-03-14 00:00:00+00:00,81066.99,85263.29,80797.56,83969.1,29588112414,43.68,-3314.34,-3188.4,-125.93,95352.04,86382.83,77413.63,86382.83,93848.49,83738.62,4908.02,39.88,34.18
2025-03-15 00:00:00+00:00,83968.41,84672.67,83639.59,84343.11,13650491277,44.32,-3088.02,-3168.33,80.31,93482.24,85786.29,78090.34,85786.29,93438.96,83862.82,4631.24,41.91,35.3
2025-03-16 00:00:00+00:00,84333.32,85051.6,82017.91,82579.69,21330270174,41.91,-3016.19,-3137.9,121.71,92685.52,85344.37,78003.21,85344.37,92996.26,83980.58,4517.13,33.45,38.41
2025-03-17 00:00:00+00:00,82576.34,84725.33,82492.16,84075.69,25092785558,44.66,-2806.2,-3071.56,265.36,92293.32,85111.34,77929.37,85111.34,92624.12,84104.02,4353.99,46.05,40.47
2025-03-18 00:00:00+00:00,84075.72,84075.72,81179.99,82718.5,24095774594,42.68,-2717.96,-3000.84,282.88,92284.93,85029.92,77774.9,85029.92,92236.74,84222.01,4249.83,37.66,39.05
2025-03-19 00:00:00+00:00,82718.8,87021.19,82569.73,86854.23,34931960257,49.94,-2287.94,-2858.26,570.32,92435.7,85137.42,77839.13,85137.42,91947.17,84361.43,4264.23,63.22,48.98
2025-03-20 00:00:00+00:00,86872.95,87443.27,83647.2,84167.2,29028988961,45.88,-2139.31,-2714.47,575.16,92430.52,85127.13,77823.73,85127.13,91556.45,84495.64,4230.79,51.78,50.89
2025-03-21 00:00:00+00:00,84164.54,84782.27,83171.07,84043.24,19030452299,45.69,-2008.36,-2573.25,564.88,92333.37,85027.69,77722.01,85027.69,91142.61,84620.3,4043.68,68.57,61.19
2025-03-22 00:00:00+00:00,84046.26,84513.88,83674.78,83832.48,9863214091,45.36,-1899.7,-2438.54,538.84,90391.85,84506.9,78621.95,84506.9,90771.16,84752.3,3814.78,66.63,62.33
2025-03-23 00:00:00+00:00,83831.9,86094.78,83794.91,86054.38,12594615537,49.55,-1615.67,-2273.96,658.3,90390.66,84506.33,78622.01,84506.33,90479.13,84892.72,3706.57,87.16,74.12
2025-03-24 00:00:00+00:00,86070.93,88758.73,85541.2,87498.91,34582604933,52.13,-1259.49,-2071.07,811.58,90432.62,84520.17,78607.72,84520.17,90275.33,85049.41,3671.64,89.62,81.14
2025-03-25 00:00:00+00:00,87512.82,88542.4,86346.08,87471.7,30005840049,52.07,-968.25,-1850.51,882.25,89733.24,84362.58,78991.91,84362.58,89996.66,85217.02,3566.26,85.42,87.4
2025-03-26 00:00:00+00:00,87460.23,88292.16,85861.45,86900.88,26704046038,50.88,-774.58,-1635.32,860.74,89057.4,84209.53,79361.67,84209.53,89777.24,85380.83,3485.15,78.95,84.66
2025-03-27 00:00:00+00:00,86896.26,87786.73,85837.94,87177.1,24413471941,51.46,-591.97,-1426.65,834.68,89130.53,84231.26,79331.98,84231.26,89588.47,85542.51,3375.41,80.13,81.5
2025-03-28 00:00:00+00:00,87185.23,87489.86,83557.64,84353.15,34198619509,45.57,-667.43,-1274.81,607.37,88957.1,84141.18,79325.27,84141.18,89343.67,85679.18,3415.18,41.87,66.98
2025-03-29 00:00:00+00:00,84352.07,84567.34,81634.14,82597.59,16969396135,42.32,-859.0,-1191.65,332.65,88825.14,84241.01,79656.88,84241.01,89065.04,85803.92,3380.75,18.7,46.9
2025-03-30 00:00:00+00:00,82596.98,83505.0,81573.25,82334.52,14763760943,41.84,-1020.28,-1157.37,137.1,88273.74,84431.14,80588.53,84431.14,88782.08,85928.88,3277.25,15.23,25.27
2025-03-31 00:00:00+00:00,82336.06,83870.12,81293.89,82548.91,29004228247,42.41,-1117.9,-1149.48,31.57,88287.45,84415.47,80543.49,84415.47,88503.05,86050.99,3227.18,18.06,17.33
2025-04-01 00:00:00+00:00,82551.92,85487.37,82429.36,85169.17,28175650319,49.04,-972.63,-1114.11,141.48,88359.33,84487.81,80616.3,84487.81,88257.69,86173.98,3215.1,51.91,28.4
2025-04-02 00:00:00+00:00,85180.61,88466.95,82343.54,82485.71,47584398470,43.52,-1061.79,-1103.65,41.85,88212.16,84558.76,80905.37,84558.76,87992.45,86286.38,3422.83,15.97,28.65
2025-04-03 00:00:00+00:00,82487.48,83909.3,81282.1,83102.83,36852112080,45.05,-1070.32,-1096.98,26.66,88218.49,84515.45,80812.41,84515.45,87696.79,86405.98,3366.0,24.35,30.74
2025-04-04 00:00:00+00:00,83100.25,84696.15,81670.75,83843.8,45157640207,46.91,-1005.7,-1078.72,73.03,88205.13,84490.48,80775.84,84490.48,87441.19,86534.24,3341.67,34.26,24.86
2025-04-05 00:00:00+00:00,83844.7,84207.02,82377.73,83504.8,14380803631,46.14,-970.65,-1057.11,86.46,88173.42,84536.74,80900.06,84536.74,87161.11,86650.22,3233.65,29.73,29.45
2025-04-06 00:00:00+00:00,83504.51,83704.72,77097.74,78214.48,36294853736,36.16,-1354.15,-1116.52,-237.63,88851.72,84243.68,79635.64,84243.68,86773.79,86733.04,3474.6,9.58,24.52
2025-04-07 00:00:00+00:00,78221.34,81119.06,74436.68,79235.34,91262424987,38.91,-1557.74,-1204.76,-352.98,89158.46,84069.52,78980.58,84069.52,86435.0,86814.52,3703.73,34.02,24.44
2025-04-08 00:00:00+00:00,79218.48,80823.89,76198.02,76271.95,48314590749,34.3,-1935.89,-1350.99,-584.91,89530.93,83540.41,77549.88,83540.41,86044.97,86879.91,3769.59,13.08,18.89
2025-04-09 00:00:00+00:00,76273.56,83541.0,74589.67,82573.95,84213627038,48.32,-1707.38,-1422.27,-285.12,89458.55,83460.74,77462.94,83460.74,85785.66,86975.81,4139.72,58.0,35.03
2025-04-10 00:00:00+00:00,82565.98,82700.93,78456.13,79626.14,44718000633,43.63,-1744.04,-1486.62,-257.42,89468.25,83239.89,77011.53,83239.89,85445.47,87055.69,4147.22,36.99,36.02
2025-04-11 00:00:00+00:00,79625.05,84247.48,78936.32,83404.84,41656778779,50.29,-1451.46,-1479.59,28.13,89441.23,83218.51,76995.78,83218.51,85146.88,87156.07,4230.36,63.92,52.97
2025-04-12 00:00:00+00:00,83404.52,85856.19,82769.38,85287.11,24258059104,53.26,-1055.53,-1394.78,339.25,89338.38,83180.14,77021.91,83180.14,84930.12,87260.99,4148.68,77.34,59.41
2025-04-13 00:00:00+00:00,85279.47,86015.19,83027.01,83684.98,28796984817,50.5,-861.11,-1288.04,426.93,88811.63,82989.45,77167.27,82989.45,84672.26,87363.7,4065.79,65.92,69.06
2025-04-14 00:00:00+00:00,83694.52,85785.0,83690.64,84542.39,34090769777,51.93,-630.57,-1156.55,525.98,88328.01,82842.98,77357.95,82842.98,84437.63,87460.51,3925.37,72.03,71.76
2025-04-15 00:00:00+00:00,84539.7,86429.35,83598.82,83668.99,28040322885,50.33,-512.44,-1027.73,515.29,87844.0,82681.39,77518.77,82681.39,84282.65,87549.9,3847.17,65.8,67.92
2025-04-16 00:00:00+00:00,83674.51,85428.28,83100.62,84033.87,29617804112,51.01,-384.94,-899.17,514.23,87286.44,82524.23,77762.01,82524.23,84188.6,87640.63,3738.64,80.03,72.62
2025-04-17 00:00:00+00:00,84030.67,85449.07,83749.75,84895.75,21276866029,52.66,-211.91,-761.72,549.81,87363.36,82551.36,77739.35,82551.36,84199.57,87736.93,3592.97,87.21,77.68
2025-04-18 00:00:00+00:00,84900.19,85095.05,84298.88,84450.8,12728372364,51.69,-109.42,-631.26,521.84,87530.56,82644.02,77757.47,82644.02,84194.51,87842.54,3393.2,83.5,83.58
2025-04-19 00:00:00+00:00,84450.87,85597.7,84353.46,85063.41,15259300427,52.97,21.0,-500.81,521.8,87781.67,82780.46,77779.25,82780.46,84208.31,87963.67,3239.7,88.61,86.44
2025-04-20 00:00:00+00:00,85066.07,85306.38,83976.84,85174.3,14664050812,53.21,131.78,-374.29,506.07,88023.94,82911.73,77799.52,82911.73,84191.16,88086.38,3103.26,89.53,87.22
2025-04-21 00:00:00+00:00,85171.54,88460.09,85143.84,87518.91,41396190190,58.12,404.11,-218.61,622.72,88458.06,83029.22,77600.37,83029.22,84056.57,88220.18,3118.47,93.21,90.45
2025-04-22 00:00:00+00:00,87521.88,93817.38,87084.53,93441.89,55899038456,67.4,1085.35,42.18,1043.17,90716.54,83577.03,76437.51,83577.03,84204.1,88377.05,3376.64,98.05,93.6
2025-04-23 00:00:00+00:00,93427.59,94535.73,91962.96,93699.11,41719568821,67.74,1627.24,359.19,1268.05,92551.56,84106.84,75662.13,84106.84,84333.64,88535.1,3319.22,94.8,95.35
2025-04-24 00:00:00+00:00,93692.4,94016.2,91696.71,93943.8,31483175315,68.07,2052.78,697.91,1354.86,94130.06,84611.84,75093.62,84611.84,84400.04,88690.72,3247.82,96.21,96.35
2025-04-25 00:00:00+00:00,93954.25,95768.39,92898.59,94720.5,40915232364,69.17,2424.74,1043.28,1381.46,95685.81,85172.63,74659.44,85172.63,84495.22,88853.14,3220.81,91.94,94.31
2025-04-26 00:00:00+00:00,94714.65,95251.36,93927.25,94646.93,17612825123,68.93,2682.66,1371.15,1311.5,96782.63,85994.25,75205.86,85994.25,84653.3,89015.71,3085.34,91.2,93.11
2025-04-27 00:00:00+00:00,94660.91,95301.2,93665.4,93754.84,18090367764,65.92,2783.0,1653.52,1129.47,97547.6,86720.22,75892.85,86720.22,84805.31,89181.58,2981.8,84.1,89.08
2025-04-28 00:00:00+00:00,93755.3,95598.49,92860.8,94978.75,32363449569,67.99,2927.53,1908.32,1019.21,97898.83,87655.56,77412.29,87655.56,85092.86,89355.1,2964.36,93.77,89.69
2025-04-29 00:00:00+00:00,94981.86,95485.41,93796.63,94284.79,25806129921,65.56,2952.04,2117.07,834.98,98599.51,88241.11,77882.7,88241.11,85407.92,89514.3,2873.25,88.29,88.72
2025-04-30 00:00:00+00:00,94286.47,95249.32,92979.64,94207.31,28344679831,65.28,2931.43,2279.94,651.49,98815.34,88970.16,79124.98,88970.16,85634.82,89669.37,2830.14,87.01,89.69
2025-05-01 00:00:00+00:00,94212.86,97437.96,94153.63,96492.34,32875889623,69.43,3064.15,2436.78,627.37,99650.32,89624.54,79598.76,89624.54,85890.22,89837.57,2862.58,92.98,89.42
2025-05-02 00:00:00+00:00,96494.97,97905.9,96375.95,96910.07,26421924677,70.13,3166.55,2582.74,583.81,100516.27,90205.69,79895.11,90205.69,86207.08,89991.89,2767.39,92.85,90.95
2025-05-03 00:00:00+00:00,96904.63,96943.88,95821.29,95891.8,15775154889,66.14,3129.45,2692.08,437.37,100944.94,90816.03,80687.12,90816.03,86445.54,90136.15,2649.9,85.54,90.46
2025-05-04 00:00:00+00:00,95877.19,96318.92,94173.43,94315.98,18198688416,60.42,2939.02,2741.47,197.55,101096.65,91304.71,81512.76,91304.71,86645.0,90269.66,2613.88,71.87,83.42
2025-05-05 00:00:00+00:00,94319.56,95193.19,93566.27,94748.05,25816260327,61.4,2790.79,2751.33,39.46,101067.98,91858.66,82649.34,91858.66,86888.36,90406.4,2543.38,70.82,76.08
2025-05-06 00:00:00+00:00,94748.38,96889.18,93399.86,96802.48,26551275827,65.77,2806.74,2762.41,44.33,101177.59,92497.09,83816.59,92497.09,87142.9,90548.32,2610.95,82.23,74.97
2025-05-07 00:00:00+00:00,96800.2,97625.8,95829.34,97032.32,76983822462,66.23,2805.59,2771.05,34.54,101225.89,93103.92,84981.95,93103.92,87429.18,90691.67,2552.77,85.93,79.66
2025-05-08 00:00:00+00:00,97034.25,103969.54,96913.88,103241.46,69895404397,75.73,3268.03,2870.44,397.58,102297.06,94043.45,85789.85,94043.45,87756.92,90862.87,2874.4,93.45,87.2
2025-05-09 00:00:00+00:00,103239.12,104297.49,102343.09,102970.85,58198593958,74.74,3571.51,3010.66,560.85,102973.0,94938.82,86904.65,94938.82,88132.99,91040.89,2808.69,88.4,89.26
2025-05-10 00:00:00+00:00,102973.71,104961.77,102830.48,104696.33,42276713994,76.82,3906.22,3189.77,716.45,103693.58,95914.93,88136.27,95914.93,88546.05,91227.56,2760.3,97.81,93.22
2025-05-11 00:00:00+00:00,104701.07,104937.99,103364.74,104106.36,46285517406,74.56,4076.89,3367.19,709.69,104287.29,96744.3,89201.3,96744.3,88951.53,91415.93,2675.51,92.93,93.05
2025-05-12 00:00:00+00:00,104106.96,105747.45,100814.41,102812.95,63250475404,69.73,4060.96,3505.95,555.01,105050.57,97212.85,89375.14,97212.85,89286.7,91589.19,2836.77,77.02,89.25
2025-05-13 00:00:00+00:00,102812.49,104997.42,101515.09,104169.81,52608876410,71.8,4110.44,3626.84,483.59,105974.46,97736.39,89498.31,97736.39,89620.12,91776.83,2882.88,87.64,85.86
2025-05-14 00:00:00+00:00,104167.33,104303.56,102618.3,103539.41,45956071155,69.43,4052.07,3711.89,340.18,106639.82,98216.17,89792.51,98216.17,89941.48,91959.45,2797.33,82.12,82.26
2025-05-15 00:00:00+00:00,103538.83,104153.62,101440.81,103744.64,50408241840,69.78,3976.54,3764.82,211.72,107267.53,98667.37,90067.22,98667.37,90278.35,92138.53,2791.3,83.78,84.51
2025-05-16 00:00:00+00:00,103735.66,104533.48,103137.48,103489.29,44386499364,68.72,3851.68,3782.19,69.49,107748.45,99109.49,90470.53,99109.49,90604.6,92306.43,2691.63,81.71,82.54
2025-05-17 00:00:00+00:00,103489.29,103716.95,102659.18,103191.09,37898552742,67.44,3686.17,3762.99,-76.82,108017.26,99581.3,91145.35,99581.3,90981.35,92458.79,2574.93,79.3,81.6
2025-05-18 00:00:00+00:00,103186.95,106597.17,103142.6,106446.01,49887082058,73.29,3774.14,3765.22,8.92,108828.9,100154.67,91480.43,100154.67,91458.32,92629.32,2637.76,98.85,86.62
2025-05-19 00:00:00+00:00,106430.53,107068.72,102112.69,105606.18,61761126647,69.81,3733.06,3758.79,-25.73,109258.65,100720.74,92182.82,100720.74,91923.76,92806.28,2803.35,89.3,89.15
2025-05-20 00:00:00+00:00,105605.41,107307.12,104206.52,106791.09,36515726122,71.84,3752.85,3757.6,-4.75,109719.83,101349.93,92980.02,101349.93,92408.6,92992.82,2824.58,95.5,94.55
2025-05-21 00:00:00+00:00,106791.31,110724.46,106127.23,109678.08,78086364051,76.07,3955.89,3797.26,158.64,110833.0,102009.21,93185.42,102009.21,92898.78,93194.76,2951.2,92.42,92.41
2025-05-22 00:00:00+00:00,109673.49,111970.17,109285.07,111673.28,70157575642,78.48,4229.05,3883.62,345.43,112221.18,102747.37,93273.56,102747.37,93482.53,93409.42,2932.19,97.34,95.09
2025-05-23 00:00:00+00:00,111679.36,111798.91,106841.3,107287.8,67548133399,63.39,4045.03,3915.9,129.13,112418.36,103317.17,94215.99,103317.17,93966.23,93606.8,3076.87,58.03,82.6
2025-05-24 00:00:00+00:00,107278.51,109454.52,106895.29,107791.16,45903627163,64.24,3894.91,3911.7,-16.79,112241.82,103990.93,95740.05,103990.93,94445.18,93798.96,3039.89,62.54,72.64
2025-05-25 00:00:00+00:00,107802.27,109313.3,106683.38,109035.39,47518041841,66.32,3832.17,3895.79,-63.63,112005.99,104705.3,97404.61,104705.3,94955.79,93965.94,3010.61,73.69,64.75
2025-05-26 00:00:00+00:00,109023.78,110376.88,108735.64,109440.37,45950461571,66.99,3771.64,3870.96,-99.32,111909.16,105337.19,98765.23,105337.19,95580.3,94133.62,2912.8,75.97,70.74
2025-05-27 00:00:00+00:00,109440.41,110744.21,107609.55,108994.64,57450176272,65.44,3645.68,3825.91,-180.23,111410.75,105935.31,100459.87,105935.31,96175.49,94295.87,2928.64,71.74,73.8
2025-05-28 00:00:00+00:00,108992.17,109298.29,106812.93,107802.33,49155377493,61.35,3410.34,3742.79,-332.46,111545.51,106163.35,100781.2,106163.35,96806.1,94450.98,2896.98,60.42,69.38
2025-05-29 00:00:00+00:00,107795.57,108910.05,105374.4,105641.76,56022752042,54.68,3014.73,3597.18,-582.45,111474.16,106296.9,101119.63,106296.9,97267.45,94576.82,2942.6,35.8,55.99
2025-05-30 00:00:00+00:00,105646.21,106308.95,103685.79,103998.57,57655287183,50.21,2539.35,3385.61,-846.26,111493.81,106262.01,101030.21,106262.01,97754.9,94653.31,2919.78,19.13,38.45
2025-05-31 00:00:00+00:00,103994.72,104927.1,103136.12,104638.09,38997843858,51.86,2188.98,3146.29,-957.31,111479.51,106288.6,101097.68,106288.6,98179.57,94736.72,2839.15,25.62,26.85
2025-06-01 00:00:00+00:00,104637.3,105884.55,103826.95,105652.1,37397056873,54.44,1970.41,2911.11,-940.7,111370.48,106430.55,101490.63,106430.55,98586.87,94812.06,2783.33,35.91,26.89
2025-06-02 00:00:00+00:00,105649.81,105958.31,103727.55,105881.53,45819706290,55.02,1795.02,2687.89,-892.88,111349.31,106516.14,101682.97,106516.14,99030.8,94905.21,2743.86,31.08,30.87
2025-06-03 00:00:00+00:00,105888.48,106813.58,104920.84,105432.47,46196508367,53.57,1601.32,2470.58,-869.26,111269.5,106610.79,101952.09,106610.79,99448.6,94977.05,2683.06,25.99,30.99
2025-06-04 00:00:00+00:00,105434.37,105997.7,104232.7,104731.98,44544857105,51.29,1375.44,2251.55,-876.11,111210.65,106660.16,102109.67,106660.16,99869.86,95047.91,2617.49,18.06,25.05
2025-06-05 00:00:00+00:00,104750.78,105936.69,100436.88,101575.95,57479298400,42.52,931.03,1987.45,-1056.42,111462.83,106564.49,101666.16,106564.49,100220.7,95106.56,2823.37,10.03,18.03
2025-06-06 00:00:00+00:00,101574.37,105376.77,101169.57,104390.34,48856653697,50.63,796.74,1749.31,-952.56,111376.08,106624.46,101872.83,106624.46,100610.59,95175.8,2922.21,38.36,22.15
2025-06-07 00:00:00+00:00,104390.65,105972.76,103987.31,105615.62,38365033776,53.69,780.19,1555.48,-775.29,111355.59,106582.94,101810.28,106582.94,101033.89,95242.16,2855.3,50.24,32.87
2025-06-08 00:00:00+00:00,105617.51,106497.06,105075.33,105793.65,36626232328,54.14,772.54,1398.9,-626.35,111357.62,106592.31,101827.0,106592.31,101448.5,95299.43,2752.9,51.97,46.86
2025-06-09 00:00:00+00:00,105793.02,110561.42,105400.23,110294.1,55903193732,63.65,1116.75,1342.47,-225.71,111812.81,106767.46,101722.11,106767.46,101950.89,95358.38,2924.92,95.63,65.95
2025-06-10 00:00:00+00:00,110295.69,110380.12,108367.71,110257.23,54700101509,63.53,1370.76,1348.13,22.64,111918.18,106796.42,101674.66,106796.42,102405.66,95414.68,2859.75,97.0,81.53
2025-06-11 00:00:00+00:00,110261.8,110384.22,108086.33,108686.62,50842662052,58.62,1428.87,1364.27,64.59,111325.07,106647.08,101969.1,106647.08,102710.55,95469.22,2819.61,81.48,91.37
2025-06-12 00:00:00+00:00,108685.91,108780.7,105785.69,105929.05,54843867968,51.14,1238.13,1339.04,-100.92,111257.42,106579.15,101900.87,106579.15,102955.15,95508.8,2832.14,54.25,77.57
2025-06-13 00:00:00+00:00,105924.59,106182.55,102822.02,106090.97,69550440846,51.53,1087.49,1288.73,-201.24,111141.37,106494.14,101846.91,106494.14,103198.09,95573.74,2869.88,55.85,63.86
2025-06-14 00:00:00+00:00,106108.09,106203.76,104379.37,105472.41,38007870453,49.89,907.74,1212.53,-304.8,110824.13,106315.99,101807.85,106315.99,103413.13,95641.18,2795.2,49.74,53.28
2025-06-15 00:00:00+00:00,105464.84,106157.1,104519.88,105552.02,36744307742,50.11,762.91,1122.61,-359.7,110391.46,106121.57,101851.68,106121.57,103631.23,95689.13,2712.49,50.52,52.03
2025-06-16 00:00:00+00:00,105555.59,108915.38,104997.62,106796.76,50366626945,53.55,740.04,1046.1,-306.05,110078.53,106011.68,101944.83,106011.68,103892.07,95744.85,2798.58,62.82,54.36
2025-06-17 00:00:00+00:00,106794.12,107750.2,103396.53,104601.12,55964092176,47.35,538.54,944.59,-406.04,109873.46,105851.62,101829.77,105851.62,104084.52,95780.55,2909.66,41.13,51.49
2025-06-18 00:00:00+00:00,104602.07,105581.85,103602.27,104883.33,47318089133,48.18,397.05,835.08,-438.03,109858.11,105813.7,101769.28,105813.7,104296.49,95822.72,2843.23,43.92,49.29
2025-06-19 00:00:00+00:00,104886.77,105250.89,103940.77,104684.29,37333806920,47.61,265.79,721.22,-455.43,109838.88,105847.98,101857.08,105847.98,104506.03,95859.74,2733.72,37.42,40.82
2025-06-20 00:00:00+00:00,104681.03,106539.38,102372.21,103309.6,50951862476,43.76,50.26,587.03,-536.77,109899.45,105781.56,101663.67,105781.56,104642.38,95896.96,2836.11,11.45,30.93
2025-06-21 00:00:00+00:00,103315.08,104015.78,100973.06,102257.41,38360555118,41.02,-203.11,429.0,-632.11,110021.68,105611.82,101201.97,105611.82,104749.32,95928.24,2850.87,13.39,20.75
2025-06-22 00:00:00+00:00,102212.03,103351.63,98286.2,100987.14,65536997201,37.94,-500.64,243.07,-743.71,110233.52,105367.1,100500.68,105367.1,104851.23,95939.33,3009.05,22.0,15.61
2025-06-23 00:00:00+00:00,100987.48,106116.86,99705.75,105577.77,65237759656,51.99,-361.84,122.09,-483.93,110241.63,105374.37,100507.1,105374.37,105076.46,95984.25,3252.05,60.27,31.89
2025-06-24 00:00:00+00:00,105571.52,106316.83,104740.24,106045.63,48822986421,53.15,-211.64,55.34,-266.99,110306.27,105440.05,100573.83,105440.05,105302.42,96014.88,3132.38,64.14,48.8
2025-06-25 00:00:00+00:00,106047.41,108168.4,105881.39,107361.26,51624120283,56.36,13.39,46.95,-33.56,110307.68,105729.32,101150.95,105729.32,105513.59,96052.07,3071.99,85.38,69.93
2025-06-26 00:00:00+00:00,107375.07,108305.55,106666.35,106960.0,43891990613,55.12,157.54,69.07,88.47,110422.15,105857.8,101293.45,105857.8,105712.15,96080.69,2969.65,81.6,77.04
2025-06-27 00:00:00+00:00,106954.92,107772.47,106449.99,107088.43,45353692675,55.46,278.93,111.04,167.89,110526.76,105931.44,101336.12,105931.44,105789.09,96128.97,2852.0,82.81,83.26
2025-06-28 00:00:00+00:00,107090.55,107567.88,106883.98,107327.7,30037708335,56.12,389.94,166.82,223.12,110644.8,106008.14,101371.48,106008.14,105876.22,96182.23,2697.13,85.06,83.16
2025-06-29 00:00:00+00:00,107327.82,108526.3,107230.11,108385.57,35534874438,59.02,556.86,244.83,312.03,110246.65,105912.72,101578.78,105912.72,105950.01,96218.29,2597.06,95.02,87.63
2025-06-30 00:00:00+00:00,108383.44,108798.79,106759.65,107135.34,42064804590,54.44,581.56,312.18,269.38,109632.37,105756.62,101880.87,105756.62,106010.59,96253.75,2557.21,84.18,88.09
2025-07-01 00:00:00+00:00,107144.38,107550.68,105270.23,105698.28,44110692247,49.67,479.65,345.67,133.98,109229.47,105607.2,101984.94,105607.2,106068.29,96274.95,2537.44,70.51,83.23
2025-07-02 00:00:00+00:00,105703.1,109763.66,105157.4,108859.32,56248657737,58.32,646.5,405.84,240.66,109656.94,105753.72,101850.49,105753.72,106162.08,96312.38,2685.22,92.12,82.27
2025-07-03 00:00:00+00:00,108845.02,110541.46,108605.8,109647.98,50494742270,60.16,832.76,491.22,341.54,110206.0,105931.57,101657.14,105931.57,106284.25,96339.12,2631.68,92.71,85.11
2025-07-04 00:00:00+00:00,109635.66,109751.98,107296.38,108034.34,42616442656,54.83,840.49,561.07,279.41,110428.66,106059.66,101690.67,106059.66,106370.05,96349.15,2619.1,79.54,88.12
2025-07-05 00:00:00+00:00,108015.84,108381.34,107842.27,108231.18,30615537520,55.35,852.66,619.39,233.27,110660.28,106193.62,101726.96,106193.62,106464.89,96359.6,2470.53,81.15,84.47
2025-07-06 00:00:00+00:00,108231.19,109731.62,107847.02,109232.07,36746020463,57.99,932.33,681.98,250.35,110979.68,106315.39,101651.09,106315.39,106585.71,96405.55,2428.67,87.92,82.87
2025-07-07 00:00:00+00:00,109235.33,109710.25,107527.05,108299.85,45415696597,54.74,909.75,727.53,182.22,111171.73,106500.32,101828.92,106500.32,106622.78,96459.6,2411.14,61.36,76.81
2025-07-08 00:00:00+00:00,108298.23,109198.97,107499.55,108950.27,44282204127,56.57,933.58,768.74,164.84,111432.43,106703.67,101974.92,106703.67,106689.66,96515.57,2360.3,70.45,73.24
2025-07-09 00:00:00+00:00,108950.27,111925.38,108357.68,111326.55,57927418065,62.54,1131.18,841.23,289.95,112089.23,107035.78,101982.33,107035.78,106780.37,96586.08,2446.55,91.15,74.32
2025-07-10 00:00:00+00:00,111329.2,116608.78,110660.75,115987.2,95911605728,70.96,1644.88,1001.96,642.92,113817.15,107669.66,101522.18,107669.66,106906.56,96690.49,2696.65,94.57,85.39
2025-07-11 00:00:00+00:00,115986.23,118856.48,115245.69,117516.99,86928361085,73.1,2150.65,1231.7,918.95,115474.54,108432.64,101390.75,108432.64,107023.43,96804.64,2761.95,90.22,91.98
2025-07-12 00:00:00+00:00,117530.71,118219.9,116977.02,117435.23,45524560304,72.79,2515.88,1488.53,1027.34,116475.32,109255.05,102034.78,109255.05,107226.38,96898.44,2653.44,89.63,91.47
2025-07-13 00:00:00+00:00,117432.2,119449.57,117265.44,119116.12,49021091807,75.12,2907.44,1772.32,1135.12,118167.73,109931.97,101696.2,109931.97,107452.88,96997.52,2619.92,97.67,92.5
2025-07-14 00:00:00+00:00,119115.79,123091.61,118959.2,119849.7,181746419401,76.08,3239.6,2065.77,1173.83,119751.79,110622.17,101492.55,110622.17,107669.16,97117.79,2727.96,81.92,89.74
2025-07-15 00:00:00+00:00,119853.85,119935.56,115765.69,117777.19,98321661181,68.08,3297.6,2312.14,985.46,120669.09,111142.97,101616.84,111142.97,107835.9,97235.86,2830.95,70.37,83.32
2025-07-16 00:00:00+00:00,117777.19,120065.52,117064.82,118738.51,72162029070,69.67,3382.15,2526.14,856.01,121618.7,111731.89,101845.09,111731.89,108030.78,97353.73,2843.07,72.44,74.91
2025-07-17 00:00:00+00:00,118738.51,120999.61,117508.22,119289.84,72363841798,70.58,3453.82,2711.68,742.15,122523.72,112341.96,102160.2,112341.96,108260.53,97482.53,2889.38,75.93,72.91
2025-07-18 00:00:00+00:00,119284.11,120851.91,116925.98,118003.23,77945799785,65.65,3367.99,2842.94,525.05,123069.99,112875.74,102681.49,112875.74,108507.76,97609.33,2963.42,67.37,71.91
2025-07-19 00:00:00+00:00,117998.12,118541.4,117388.41,117939.98,47564562765,65.4,3257.31,2925.81,331.49,123557.21,113353.46,103149.7,113353.46,108786.59,97731.88,2834.11,66.96,70.09
2025-07-20 00:00:00+00:00,117944.11,118865.03,116550.13,117300.79,57515447231,62.88,3082.48,2957.15,125.34,123769.77,113861.73,103953.7,113861.73,109039.84,97846.29,2797.02,62.86,65.73
2025-07-21 00:00:00+00:00,117306.47,119671.56,116584.4,117439.54,69820091744,63.21,2921.45,2950.01,-28.55,123689.09,114448.79,105208.5,114448.79,109275.59,97949.05,2817.74,63.75,64.52
2025-07-22 00:00:00+00:00,117426.5,120269.97,116233.23,119995.41,79217583118,68.75,2965.88,2953.18,12.7,124169.5,115005.6,105841.69,115005.6,109557.87,98058.49,2904.81,78.99,68.53
2025-07-23 00:00:00+00:00,119997.45,120113.35,117391.39,118754.96,66608604537,63.74,2867.94,2936.14,-68.19,124406.38,115460.95,106515.52,115460.95,109824.32,98161.08,2891.75,65.11,69.28
2025-07-24 00:00:00+00:00,118770.98,119535.45,117247.97,118368.0,72627318560,62.21,2727.66,2894.44,-166.78,124288.12,115977.63,107667.14,115977.63,110097.04,98261.35,2848.59,39.8,61.3
2025-07-25 00:00:00+00:00,118368.0,118486.98,114759.82,117635.88,104857024569,59.32,2528.26,2821.2,-292.95,123936.46,116447.87,108959.27,116447.87,110418.24,98339.14,2911.35,34.52,46.48
2025-07-26 00:00:00+00:00,117644.84,118335.69,117181.23,117947.37,48508954046,60.17,2368.07,2730.58,-362.51,123576.26,116883.63,110191.01,116883.63,110689.38,98444.26,2785.85,38.26,37.52
2025-07-27 00:00:00+00:00,117944.73,119815.59,117859.69,119448.49,54683390892,64.06,2335.33,2651.53,-316.2,122859.18,117441.06,112022.95,117441.06,110966.03,98566.29,2726.57,56.27,43.02
2025-07-28 00:00:00+00:00,119457.52,119819.79,117441.44,117924.48,64822943193,57.88,2161.49,2553.52,-392.03,121547.62,117889.77,114231.93,117889.77,111208.65,98693.49,2701.7,50.72,48.42
2025-07-29 00:00:00+00:00,117938.59,119273.87,116987.37,117922.15,68463107433,57.87,2000.47,2442.91,-442.44,120182.6,118219.55,116256.51,118219.55,111361.21,98809.59,2672.04,50.68,52.56
2025-07-30 00:00:00+00:00,117921.99,118780.73,115800.83,117831.19,68896148592,57.49,1844.26,2323.18,-478.92,119985.18,118311.75,116638.32,118311.75,111512.69,98925.91,2694.03,49.22,50.21
2025-07-31 00:00:00+00:00,117833.63,118919.98,115505.22,115758.2,69370346018,49.44,1535.5,2165.64,-630.15,120225.71,118223.81,116221.92,118223.81,111654.12,99032.26,2745.51,16.39,38.76
2025-08-01 00:00:00+00:00,115738.95,116060.77,112724.45,113320.09,91294530181,41.99,1081.59,1948.83,-867.24,120977.93,118018.06,115058.19,118018.06,111801.94,99126.28,2787.71,7.89,24.5
2025-08-02 00:00:00+00:00,113320.39,114021.6,112005.77,112526.91,56870866000,39.89,650.37,1689.14,-1038.77,121483.05,117688.6,113894.14,117688.6,111930.66,99206.24,2732.58,6.31,10.2
2025-08-03 00:00:00+00:00,112525.8,114747.42,111943.8,114217.67,48099615826,46.09,439.98,1439.31,-999.33,121358.84,117406.99,113455.15,117406.99,112105.57,99274.81,2737.65,27.31,13.84
2025-08-04 00:00:00+00:00,114223.92,115729.47,114130.41,115071.88,35783028986,48.96,338.27,1219.1,-880.83,121353.29,117271.73,113190.17,117271.73,112295.96,99351.39,2656.32,37.57,23.73
2025-08-05 00:00:00+00:00,115072.19,115117.44,112701.11,114141.45,61039182286,46.08,180.51,1011.38,-830.87,121290.0,117041.88,112793.75,117041.88,112442.86,99399.78,2639.18,26.9,30.59
2025-08-06 00:00:00+00:00,114140.91,115737.84,113372.25,115028.0,56379133510,49.15,125.58,834.22,-708.65,121029.42,116828.78,112628.14,116828.78,112651.4,99452.88,2619.64,39.16,34.54
2025-08-07 00:00:00+00:00,115030.05,117676.91,114279.71,117496.9,64051649681,56.55,278.05,722.99,-444.94,120980.34,116803.47,112626.6,116803.47,112903.67,99534.92,2675.18,70.51,45.52
2025-08-08 00:00:00+00:00,117505.5,117689.2,115917.46,116688.73,59713005166,53.79,329.87,644.37,-314.49,120883.44,116740.9,112598.37,116740.9,113143.76,99608.28,2610.65,60.25,56.64
2025-08-09 00:00:00+00:00,116678.27,117906.61,116363.84,116500.36,54004312429,53.14,351.69,585.83,-234.14,120836.11,116700.88,112565.66,116700.88,113407.57,99660.05,2534.37,57.85,62.87
2025-08-10 00:00:00+00:00,116497.72,119320.71,116485.16,119306.76,64755458694,60.76,588.65,586.39,2.25,121081.21,116794.24,112507.28,116794.24,113748.56,99738.32,2555.88,93.49,70.53
2025-08-11 00:00:00+00:00,119306.81,122321.09,118159.03,118731.45,90528784177,58.65,721.7,613.45,108.24,120853.42,116731.05,112608.67,116731.05,114103.44,99812.17,2670.61,65.41,72.25
2025-08-12 00:00:00+00:00,118717.66,120302.47,118228.72,120172.91,72803657984,62.19,932.7,677.3,255.4,121115.23,116801.94,112488.66,116801.94,114395.35,99888.94,2627.98,79.3,79.4
2025-08-13 00:00:00+00:00,120168.98,123682.45,118939.63,123344.06,90904808795,68.56,1340.36,809.91,530.44,122231.27,117050.75,111870.22,117050.75,114741.32,99982.09,2779.04,97.12,80.61
2025-08-14 00:00:00+00:00,123339.4,124457.12,117254.88,118359.58,104055627395,53.35,1246.85,897.3,349.55,122294.7,117086.93,111879.16,117086.93,114961.28,100060.47,3094.98,51.27,75.9
2025-08-15 00:00:00+00:00,118365.78,119332.31,116864.57,117398.35,68665353159,51.0,1082.7,934.38,148.32,122253.93,117059.48,111865.03,117059.48,115170.05,100137.03,3050.18,43.59,63.99
2025-08-16 00:00:00+00:00,117398.42,117996.06,117271.95,117491.35,48036922378,51.22,949.17,937.34,11.83,122038.99,116961.62,111884.26,116961.62,115378.11,100217.82,2884.03,44.33,46.4
2025-08-17 00:00:00+00:00,117492.79,118595.77,117279.52,117453.06,45852169525,51.12,830.69,916.01,-85.32,122000.96,116938.05,111875.15,116938.05,115580.61,100286.57,2772.05,40.42,42.78
2025-08-18 00:00:00+00:00,117453.91,117614.17,114723.68,116252.31,72787808090,47.85,632.6,859.33,-226.73,121904.19,116854.56,111804.93,116854.56,115737.95,100344.16,2780.51,30.21,38.32
2025-08-19 00:00:00+00:00,116241.86,116764.5,112730.4,112831.18,71657600353,40.0,197.29,726.92,-529.63,121937.73,116604.56,111271.39,116604.56,115851.87,100396.29,2870.05,0.86,23.83
2025-08-20 00:00:00+00:00,112828.02,114625.8,112387.96,114274.74,67993811526,44.16,-30.86,575.36,-606.23,121953.62,116530.39,111107.15,116530.39,116023.4,100464.38,2824.89,15.63,15.57
2025-08-21 00:00:00+00:00,114275.69,114802.65,111986.23,112419.03,57817883700,40.3,-357.3,388.83,-746.13,122034.37,116485.33,110936.29,116485.33,116094.59,100538.03,2824.29,3.47,6.65
2025-08-22 00:00:00+00:00,112433.73,117377.4,111678.95,116874.09,82528088240,51.32,-253.59,260.35,-513.93,121930.12,116702.69,111475.27,116702.69,116239.11,100615.37,3029.58,40.66,19.92
2025-08-23 00:00:00+00:00,116866.37,116996.25,114536.11,115374.33,55377142586,48.1,-289.08,150.46,-439.54,121896.99,116760.53,111624.06,116760.53,116385.91,100702.89,2988.91,28.92,24.35
2025-08-24 00:00:00+00:00,115387.39,115615.09,111060.55,113458.43,73961489632,44.28,-466.43,27.08,-493.52,121976.18,116679.85,111383.52,116679.85,116490.46,100787.1,3100.74,17.9,29.16
2025-08-25 00:00:00+00:00,113456.9,113637.84,109324.28,110124.35,85706860190,38.54,-866.03,-151.54,-714.49,122443.23,116479.0,110514.77,116479.0,116508.3,100854.76,3187.37,5.29,17.37
2025-08-26 00:00:00+00:00,110124.1,112397.02,108762.04,111802.66,69396320317,42.57,-1035.36,-328.3,-707.06,122612.42,116317.73,110023.04,116317.73,116578.36,100931.13,3219.34,19.37,14.19
2025-08-27 00:00:00+00:00,111795.71,112619.41,110398.27,111222.06,62137056409,41.56,-1202.54,-503.15,-699.39,122666.0,116003.99,109341.98,116003.99,116623.79,101004.82,3148.04,15.67,13.44
2025-08-28 00:00:00+00:00,111219.05,113450.08,110900.92,112544.8,58860155962,44.79,-1214.3,-645.38,-568.92,122624.83,115796.79,108968.76,115796.79,116648.16,101085.05,3105.26,35.79,23.61
2025-08-29 00:00:00+00:00,112550.52,112619.05,107559.62,108410.84,77843379644,37.76,-1539.45,-824.19,-715.25,122962.9,115392.32,107821.73,115392.32,116496.63,101139.91,3244.85,7.71,19.72
2025-08-30 00:00:00+00:00,108409.41,108929.35,107444.45,108808.07,51486264208,38.75,-1744.96,-1008.35,-736.62,122744.85,114867.38,106989.92,114867.38,116322.45,101205.22,3119.14,12.23,18.58
2025-08-31 00:00:00+00:00,108818.46,109491.0,108104.66,108236.71,47986191770,37.82,-1931.67,-1193.01,-738.66,122528.47,114342.65,106156.83,114342.65,116138.48,101256.97,2995.37,7.79,9.24
2025-09-01 00:00:00+00:00,108228.75,109890.59,107271.18,109250.59,66870372995,40.56,-1975.06,-1349.42,-625.64,121799.93,113796.53,105793.13,113796.53,115941.17,101320.1,2968.51,19.59,13.2
2025-09-02 00:00:00+00:00,109243.07,111748.02,108454.03,111200.59,74776999491,45.54,-1830.99,-1445.74,-385.26,119877.43,113189.36,106501.28,113189.36,115768.19,101388.56,2991.76,38.88,22.09
2025-09-03 00:00:00+00:00,111190.7,112600.23,110582.96,111723.21,61119643565,46.83,-1655.56,-1487.7,-167.86,119109.87,112857.54,106605.21,112857.54,115647.11,101459.28,2922.15,44.05,34.17
2025-09-04 00:00:00+00:00,111718.15,112208.33,109347.23,110723.6,60131132901,44.66,-1578.99,-1505.96,-73.03,118460.17,112523.8,106587.43,112523.8,115486.81,101532.02,2917.79,34.16,39.03
2025-09-05 00:00:00+00:00,110723.02,113357.49,110233.4,110650.98,60241647677,44.49,-1506.8,-1506.13,-0.67,117685.54,112181.78,106678.03,112181.78,115314.04,101606.41,2932.53,34.75,37.66
2025-09-06 00:00:00+00:00,110650.57,111275.02,110024.09,110224.7,21500719036,43.5,-1467.07,-1498.32,31.25,116790.06,111820.36,106850.67,111820.36,115158.46,101679.83,2812.41,35.4,34.77
2025-09-07 00:00:00+00:00,110221.33,111591.08,110211.62,111167.62,24618007520,46.35,-1344.01,-1467.45,123.45,116080.58,111566.13,107051.68,111566.13,115023.02,101752.49,2710.06,61.2,43.78
2025-09-08 00:00:00+00:00,111163.02,112869.23,110630.61,112071.43,40212813407,49.01,-1160.17,-1406.0,245.82,116010.44,111528.14,107045.84,111528.14,114918.43,101821.18,2676.39,77.69,58.1
2025-09-09 00:00:00+00:00,112077.58,113225.44,110776.7,111530.55,45984480722,47.5,-1046.07,-1334.01,287.94,115683.2,111390.93,107098.66,111390.93,114800.25,101898.21,2660.13,68.93,69.27
2025-09-10 00:00:00+00:00,111531.25,114275.25,110940.08,113955.36,56377473784,54.32,-751.32,-1217.47,466.15,115890.5,111467.75,107045.0,111467.75,114679.45,101985.09,2708.34,95.43,80.68
2025-09-11 00:00:00+00:00,113961.43,115522.55,113453.84,115507.54,45685065332,58.08,-388.01,-1051.58,663.57,115501.06,111399.42,107297.78,111399.42,114614.5,102081.26,2662.66,99.82,88.06
2025-09-12 00:00:00+00:00,115507.79,116769.38,114794.48,116101.58,54785725894,59.46,-51.55,-851.58,800.02,115695.64,111435.78,107175.93,111435.78,114569.17,102204.68,2613.53,92.97,96.07
2025-09-13 00:00:00+00:00,116093.56,116334.63,115248.27,115950.51,34549454947,58.93,200.59,-641.14,841.73,116198.36,111560.39,106922.41,111560.39,114535.46,102340.75,2504.45,91.38,94.72
2025-09-14 00:00:00+00:00,115950.29,116181.5,115222.4,115407.66,32798036057,56.96,352.54,-442.41,794.95,116713.21,111824.55,106935.9,111824.55,114484.67,102496.05,2394.06,85.66,90.0
2025-09-15 00:00:00+00:00,115399.63,116747.88,114461.06,115444.88,52937859416,57.07,470.55,-259.82,730.36,117156.28,112006.66,106857.05,112006.66,114404.6,102649.76,2386.4,84.07,87.04
2025-09-16 00:00:00+00:00,115423.76,117005.27,114813.09,116843.19,45781744593,60.95,669.19,-74.02,743.2,117853.78,112287.72,106721.67,112287.72,114382.97,102812.11,2372.53,97.88,89.21
2025-09-17 00:00:00+00:00,116840.51,117328.61,114794.98,116468.51,60528025996,59.4,787.3,98.25,689.05,118356.28,112483.91,106611.53,112483.91,114353.9,102964.29,2384.04,89.22,90.39
2025-09-18 00:00:00+00:00,116461.27,117911.79,116188.8,117137.2,49457272032,61.29,924.21,263.44,660.77,118815.07,112920.22,107025.38,112920.22,114340.02,103078.74,2336.82,90.18,92.43
2025-09-19 00:00:00+00:00,117137.67,117479.76,115141.82,115688.86,38828473971,55.29,905.41,391.83,513.57,118947.98,113264.26,107580.55,113264.26,114338.63,103226.85,2336.9,71.82,83.74
2025-09-20 00:00:00+00:00,115691.12,116191.15,115473.52,115721.96,22864449614,55.39,883.0,490.07,392.93,118898.29,113638.53,108378.76,113638.53,114386.67,103369.35,2221.24,71.56,77.85
2025-09-21 00:00:00+00:00,115730.23,115901.09,115252.58,115306.09,22495852193,53.65,822.2,556.49,265.71,118820.96,113941.3,109061.64,113941.3,114442.25,103492.76,2108.9,64.21,69.2
2025-09-22 00:00:00+00:00,115309.22,115431.31,112037.65,112748.51,70684158591,44.39,561.18,557.43,3.75,118762.54,114018.7,109274.86,114018.7,114412.87,103606.7,2200.67,27.64,54.47
2025-09-23 00:00:00+00:00,112757.48,113351.91,111535.57,112014.5,47211853279,42.14,291.72,504.29,-212.57,118749.13,114033.26,109317.39,114033.26,114351.72,103733.06,2173.22,15.41,35.75
2025-09-24 00:00:00+00:00,112007.66,113986.27,111229.64,113328.63,48044595085,47.29,182.11,439.85,-257.74,118631.9,114163.51,109695.13,114163.51,114335.47,103868.93,2214.89,31.41,24.82
2025-09-25 00:00:00+00:00,113330.16,113541.09,108713.4,109049.29,75528654284,36.04,-247.21,302.44,-549.65,118863.43,114083.43,109303.43,114083.43,114215.89,104011.17,2401.52,3.65,16.82
2025-09-26 00:00:00+00:00,109041.3,110359.2,108728.98,109712.83,57738288949,38.49,-527.82,136.39,-664.21,118929.43,114057.84,109186.24,114057.84,114060.21,104167.07,2346.43,10.87,15.31
2025-09-27 00:00:00+00:00,109707.14,109778.5,109144.3,109681.95,26308042910,38.41,-744.12,-39.71,-704.41,119080.79,113983.55,108886.31,113983.55,113920.08,104301.17,2224.12,10.53,8.35
2025-09-28 00:00:00+00:00,109681.95,112375.48,109236.95,112122.64,33371048505,47.03,-710.41,-173.85,-536.56,119079.36,113986.11,108892.87,113986.11,113832.52,104443.17,2289.44,37.06,19.49
2025-09-29 00:00:00+00:00,112117.88,114473.57,111589.95,114400.38,60000147466,53.56,-494.2,-237.92,-256.28,119091.57,114129.6,109167.63,114129.6,113734.39,104609.84,2331.88,61.83,36.47
2025-09-30 00:00:00+00:00,114396.52,114836.62,112740.56,114056.09,58986330258,52.5,-346.64,-259.67,-86.97,119096.07,114134.64,109173.21,114134.64,113640.89,104760.27,2315.04,58.08,52.32
2025-10-01 00:00:00+00:00,114057.59,118648.93,113981.4,118648.93,71328680132,62.97,139.3,-179.87,319.17,119621.38,114291.71,108962.04,114291.71,113610.41,104931.8,2483.07,100.0,73.3
2025-10-02 00:00:00+00:00,118652.38,121086.41,118383.16,120681.26,71415163912,66.48,680.56,-7.79,688.35,120528.19,114520.69,108513.2,114520.69,113557.15,105122.31,2498.8,96.73,84.94
2025-10-03 00:00:00+00:00,120656.98,123944.7,119344.31,122266.53,83941392228,68.96,1223.33,238.44,984.89,121755.37,114836.49,107917.62,114836.49,113635.29,105313.27,2648.91,88.98,95.24
2025-10-04 00:00:00+00:00,122267.47,122857.64,121577.57,122425.43,36769171735,69.21,1647.31,520.21,1127.1,122895.07,115187.38,107479.7,115187.38,113735.83,105511.8,2551.14,90.03,91.91
2025-10-05 00:00:00+00:00,122419.67,125559.21,122191.96,123513.48,73689317763,70.91,2047.51,825.67,1221.84,124152.57,115590.81,107029.06,115590.81,113856.27,105695.1,2609.43,87.86,88.95
2025-10-06 00:00:00+00:00,123510.45,126198.07,123196.05,124752.53,72568881188,72.75,2436.57,1147.85,1288.72,125472.37,115986.28,106500.19,115986.28,114002.26,105898.02,2637.47,91.73,89.87
2025-10-07 00:00:00+00:00,124752.14,125184.02,120681.97,121451.38,76149412513,61.56,2450.28,1408.34,1041.94,126031.52,116235.42,106439.33,116235.42,114106.25,106085.06,2770.66,72.85,84.15
2025-10-08 00:00:00+00:00,121448.35,124167.09,121119.18,123354.87,65354305286,64.91,2584.94,1643.66,941.28,126844.66,116546.31,106247.95,116546.31,114316.72,106282.68,2790.46,83.74,82.77
2025-10-09 00:00:00+00:00,123337.07,123739.34,119812.03,121705.59,74653009425,60.03,2529.42,1820.81,708.61,127388.69,116847.14,106305.6,116847.14,114465.34,106460.93,2871.66,74.28,76.96
2025-10-10 00:00:00+00:00,121704.74,122509.66,104582.41,113214.37,153125018868,42.36,1779.73,1812.59,-32.86,127378.67,116721.76,106064.85,116721.76,114481.24,106589.51,3947.06,39.93,65.99
2025-10-11 00:00:00+00:00,113236.43,113429.73,109760.56,110807.88,110236934340,38.87,980.12,1646.1,-665.98,127464.89,116496.85,105528.82,116496.85,114359.92,106706.19,3927.21,28.8,47.67
2025-10-12 00:00:00+00:00,110811.52,115805.06,109715.54,115169.77,93710414091,47.34,690.43,1454.97,-764.53,127464.53,116617.92,105771.31,116617.92,114355.83,106847.53,4081.66,48.98,39.24
2025-10-13 00:00:00+00:00,115161.68,116020.48,113821.19,115271.08,71582026739,47.52,463.68,1256.71,-793.03,127432.4,116780.75,106129.09,116780.75,114392.08,106988.0,3947.21,49.45,42.41
2025-10-14 00:00:00+00:00,115264.88,115502.88,110029.48,113118.66,92212917403,44.04,109.04,1027.17,-918.14,127436.64,116770.25,106103.86,116770.25,114451.97,107131.83,4056.22,39.49,45.97
2025-10-15 00:00:00+00:00,113113.97,113622.38,110235.84,110783.16,72574132855,40.57,-356.37,750.47,-1106.83,127284.62,116856.94,106429.27,116856.94,114431.58,107272.76,4008.39,28.69,39.21
2025-10-16 00:00:00+00:00,110782.17,111990.81,107537.03,108186.04,87306423067,37.07,-924.11,415.55,-1339.66,127448.09,116780.6,106113.11,116780.6,114370.86,107402.02,4040.2,16.67,28.28
2025-10-17 00:00:00+00:00,108179.13,109235.8,103598.43,106467.79,99703051669,34.92,-1495.47,33.35,-1528.82,127821.16,116619.89,105418.63,116619.89,114249.32,107521.61,4154.29,12.7,19.35
2025-10-18 00:00:00+00:00,106483.73,107490.98,106387.45,107198.27,37779905278,36.6,-1867.8,-346.88,-1520.91,128190.73,116373.67,104556.62,116373.67,114225.06,107631.76,3936.37,15.93,15.1
2025-10-19 00:00:00+00:00,107204.31,109488.99,106157.79,108666.71,47657008953,39.96,-2021.08,-681.72,-1339.36,128374.45,116086.99,103799.53,116086.99,114222.24,107762.66,3893.15,22.43,17.02
2025-10-20 00:00:00+00:00,108667.45,111711.03,107485.02,110588.93,63507793085,44.13,-1964.8,-938.34,-1026.47,128417.66,115913.63,103409.6,115913.63,114269.28,107900.09,3916.92,32.39,23.58
2025-10-21 00:00:00+00:00,110587.63,113996.34,107534.75,108476.89,101194375480,40.78,-2066.8,-1164.03,-902.77,128263.09,115405.03,102546.97,115405.03,114253.81,108023.26,4098.69,23.72,26.18
2025-10-22 00:00:00+00:00,108491.53,109115.13,106778.0,107688.59,80807013218,39.57,-2186.05,-1368.43,-817.61,127802.52,114755.4,101708.27,114755.4,114183.57,108144.18,3972.86,20.31,25.47
2025-10-23 00:00:00+00:00,107679.44,111288.59,107548.43,110069.73,54944076060,44.88,-2064.61,-1507.67,-556.94,126850.14,114145.56,101440.97,114145.56,114150.5,108303.45,3956.24,34.22,26.08
2025-10-24 00:00:00+00:00,110069.35,111842.53,109770.15,111033.92,48160816980,46.92,-1869.03,-1579.94,-289.09,125726.95,113575.98,101425.02,113575.98,114156.7,108462.45,3821.68,59.86,38.13
2025-10-25 00:00:00+00:00,111032.62,111947.7,110704.41,111641.73,24707667305,48.22,-1646.0,-1593.15,-52.85,124214.48,112982.39,101750.31,112982.39,114176.52,108639.3,3637.51,64.75,52.94
2025-10-26 00:00:00+00:00,111639.05,115260.91,111268.48,114472.45,41708524143,53.87,-1226.7,-1519.86,293.16,122284.16,112468.39,102652.62,112468.39,114261.47,108798.79,3662.86,87.54,70.72
2025-10-27 00:00:00+00:00,114479.85,116273.31,113882.29,114119.33,61761358733,53.09,-912.38,-1398.37,485.99,121010.71,112101.79,103192.86,112101.79,114320.51,108971.25,3572.01,83.01,78.43
2025-10-28 00:00:00+00:00,114129.09,116078.98,112291.68,112956.16,64528066504,50.5,-748.5,-1268.39,519.89,118773.87,111581.85,104389.84,111581.85,114338.2,109119.01,3587.39,73.83,81.46
2025-10-29 00:00:00+00:00,112921.33,113642.73,109368.72,110055.3,62192043469,44.65,-842.99,-1183.31,340.32,116403.97,110999.34,105594.7,110999.34,114308.7,109242.85,3636.43,50.94,69.26
2025-10-30 00:00:00+00:00,110059.2,111612.35,106376.69,108305.55,69673964814,41.52,-1046.99,-1156.05,109.06,116180.79,110753.9,105327.0,110753.9,114195.7,109365.95,3750.67,37.14,53.97
2025-10-31 00:00:00+00:00,108304.41,111031.82,108288.27,109556.16,60090359560,44.51,-1095.13,-1143.86,48.74,116144.39,110691.31,105238.23,110691.31,114076.67,109491.02,3678.73,33.6,40.56
2025-11-01 00:00:00+00:00,109558.62,110574.9,109372.95,110064.02,25871668762,45.73,-1079.85,-1131.06,51.21,115468.13,110436.02,105403.92,110436.02,113955.92,109623.0,3501.82,38.62,36.45
2025-11-02 00:00:00+00:00,110064.43,111167.31,109523.45,110639.62,34284209459,47.14,-1009.65,-1106.78,97.13,114697.04,110204.45,105711.86,110204.45,113849.71,109756.03,3369.1,43.07,38.43
2025-11-03 00:00:00+00:00,110646.91,110764.91,105336.36,106547.52,72852006359,39.31,-1269.59,-1139.34,-130.25,114431.81,109875.89,105319.98,109875.89,113672.5,109864.29,3516.21,11.07,30.92
2025-11-04 00:00:00+00:00,106541.42,107264.88,98962.06,101590.52,110967184773,32.31,-1854.2,-1282.31,-571.89,115259.69,109416.26,103572.84,109416.26,113395.42,109949.98,3858.11,15.18,23.11
2025-11-05 00:00:00+00:00,101579.23,104534.7,98989.91,103891.84,77584934804,37.85,-2107.52,-1447.35,-660.17,115530.69,109201.55,102872.41,109201.55,113136.39,110044.13,3978.59,28.48,18.24
2025-11-06 00:00:00+00:00,103893.66,104147.3,100336.87,101301.29,63932752861,34.43,-2488.62,-1655.61,-833.02,116108.66,108943.23,101777.79,108943.23,112833.04,110124.76,3966.57,13.51,19.06
2025-11-07 00:00:00+00:00,101286.24,104052.91,99257.05,103372.41,92168030081,39.16,-2593.63,-1843.21,-750.42,116307.19,108751.93,101196.68,108751.93,112557.75,110204.03,4025.81,25.48,22.49
2025-11-08 00:00:00+00:00,103371.7,103373.56,101458.04,102282.12,51446691095,37.62,-2733.32,-2021.24,-712.09,116523.66,108432.7,100341.75,108432.7,112289.61,110248.23,3875.07,19.18,19.39
2025-11-09 00:00:00+00:00,102278.98,105418.37,101468.88,104719.64,59679243013,43.0,-2617.17,-2140.42,-476.75,116326.1,108139.24,99952.38,108139.24,112069.57,110303.33,3880.39,33.26,25.97
2025-11-10 00:00:00+00:00,104723.77,106564.7,104350.65,105996.59,69585887229,45.65,-2394.48,-2191.23,-203.25,116255.51,108015.22,99774.93,108015.22,111883.38,110363.6,3761.37,41.1,31.18
2025-11-11 00:00:00+00:00,105996.86,107428.26,102457.33,102997.47,71130078574,40.85,-2431.96,-2239.38,-192.58,116321.68,107780.67,99239.66,107780.67,111688.36,110404.98,3847.76,27.49,33.95
2025-11-12 00:00:00+00:00,103011.44,105297.23,100836.62,101663.19,64347179408,38.89,-2540.06,-2299.52,-240.54,116247.44,107360.34,98473.24,107360.34,111481.33,110440.06,3891.54,21.35,29.98
2025-11-13 00:00:00+00:00,101674.15,104005.49,97988.72,99697.49,101546815416,36.15,-2752.61,-2390.13,-362.47,116128.86,106793.52,97458.18,106793.52,111208.71,110469.78,4043.34,12.97,20.6
2025-11-14 00:00:00+00:00,99694.7,99804.43,94000.73,94397.79,114346441890,29.99,-3310.53,-2574.21,-736.32,116486.81,105931.32,95375.83,105931.32,110915.68,110466.87,4169.08,2.31,12.21
2025-11-15 00:00:00+00:00,94420.47,96728.47,94420.47,95549.15,38500716654,32.67,-3618.08,-2782.99,-835.09,115708.19,104985.16,94262.13,104985.16,110632.4,110473.19,4037.77,9.02,8.1
2025-11-16 00:00:00+00:00,95556.87,96564.19,92971.16,94177.08,71086235862,31.14,-3927.26,-3011.84,-915.42,114842.76,103988.05,93133.33,103988.05,110322.31,110473.04,4006.0,6.78,6.04
2025-11-17 00:00:00+00:00,94180.88,95928.37,91214.76,92093.88,94186165724,28.93,-4290.92,-3267.66,-1023.26,114174.13,102944.93,91715.74,102944.93,109921.73,110451.05,4056.54,5.42,7.07
2025-11-18 00:00:00+00:00,92094.53,93745.08,89300.46,92948.88,101333569062,31.09,-4458.73,-3505.87,-952.86,113639.8,102089.61,90539.42,102089.61,109492.7,110431.24,4084.26,20.13,10.78
2025-11-19 00:00:00+00:00,92946.16,92946.16,88526.83,91465.99,80350354656,29.42,-4657.69,-3736.24,-921.46,113332.66,101247.63,89162.61,101247.63,109040.9,110409.11,4108.39,15.55,13.7
2025-11-20 00:00:00+00:00,91459.35,93025.07,86040.8,86631.9,97970645638,24.74,-5146.12,-4018.21,-1127.91,113176.42,100101.42,87026.42,100101.42,108400.56,110370.69,4313.81,2.76,12.81
2025-11-21 00:00:00+00:00,86528.77,87380.8,80659.81,85090.69,129157506112,23.46,-5593.09,-4333.19,-1259.9,112670.55,98852.75,85034.96,98852.75,107688.75,110322.41,4485.75,16.55,11.62
2025-11-22 00:00:00+00:00,85098.56,85503.01,83490.9,84648.36,40793099246,23.09,-5914.83,-4649.51,-1265.31,111590.6,97553.19,83515.78,97553.19,106936.38,110261.64,4309.06,14.9,11.41
2025-11-23 00:00:00+00:00,84648.61,88038.47,84641.77,86805.01,58083435576,28.96,-5927.45,-4905.1,-1022.35,110716.53,96566.06,82415.6,96566.06,106223.98,110210.5,4243.89,22.96,18.14
2025-11-24 00:00:00+00:00,86798.77,89206.34,85272.2,88270.56,74433896110,32.73,-5752.89,-5074.66,-678.23,110306.34,95900.07,81493.8,95900.07,105519.12,110135.65,4221.77,28.43,22.1
2025-11-25 00:00:00+00:00,88269.96,88457.34,86131.43,87341.89,64837343545,31.58,-5624.64,-5184.66,-439.99,109447.23,95072.57,80697.91,95072.57,104770.9,110057.5,4086.35,27.12,26.17
2025-11-26 00:00:00+00:00,87345.59,90581.16,86316.9,90518.37,66496301869,39.37,-5206.67,-5189.06,-17.61,108732.22,94533.42,80334.63,94533.42,104152.24,109986.61,4099.06,42.23,32.59
2025-11-27 00:00:00+00:00,90517.77,91897.58,90089.52,91285.38,57040622845,41.12,-4758.68,-5102.98,344.3,107561.42,93929.07,80296.72,93929.07,103510.85,109922.51,3935.42,55.5,41.62
2025-11-28 00:00:00+00:00,91285.38,92969.09,90257.12,90919.27,60895830289,40.52,-4382.66,-4958.92,576.25,106464.36,93360.93,80257.5,93360.93,102895.13,109863.04,3848.03,63.85,53.86
2025-11-29 00:00:00+00:00,90918.74,91187.62,90260.19,90851.76,37921773455,40.4,-4043.51,-4775.84,732.33,104660.81,92667.54,80674.26,92667.54,102447.88,109796.45,3639.41,64.08,61.14
2025-11-30 00:00:00+00:00,90838.21,91965.05,90394.31,90394.31,38497902869,39.57,-3768.2,-4574.31,806.11,102132.48,91887.42,81642.36,91887.42,102039.6,109730.72,3491.65,63.76,63.9
2025-12-01 00:00:00+00:00,90389.11,90398.16,83862.25,86321.57,87962894424,33.04,-3834.45,-4426.34,591.89,100140.43,91053.63,81966.82,91053.63,101462.64,109643.61,3709.1,43.27,57.04
2025-12-02 00:00:00+00:00,86322.54,92316.63,86202.2,91350.2,78546798211,45.09,-3441.51,-4229.37,787.86,98138.73,90537.98,82937.22,90537.98,100984.22,109582.91,3880.91,86.46,64.49
2025-12-03 00:00:00+00:00,91345.09,94060.77,91056.39,93527.8,77650204986,49.34,-2920.72,-3967.64,1046.92,96678.54,90229.49,83780.44,90229.49,100592.41,109534.6,3818.3,96.02,75.25
2025-12-04 00:00:00+00:00,93454.26,94038.24,90976.1,92141.62,64538402681,46.85,-2589.99,-3692.11,1102.12,96333.48,90116.68,83899.88,90116.68,100219.57,109463.07,3764.29,85.68,89.39
2025-12-05 00:00:00+00:00,92133.65,92702.64,88152.14,89387.76,63256398633,42.29,-2521.04,-3457.9,936.86,95478.52,89808.61,84138.71,89808.61,99843.61,109381.98,3820.44,55.79,79.16
2025-12-06 00:00:00+00:00,89389.36,90267.46,88951.66,89272.38,37994042405,42.11,-2447.49,-3255.81,808.33,94848.98,89563.38,84277.78,89563.38,99499.7,109294.39,3641.54,53.05,64.84
2025-12-07 00:00:00+00:00,89277.81,91740.84,87799.56,90405.64,47394898960,44.67,-2271.57,-3058.97,787.4,94647.03,89478.97,84310.91,89478.97,99163.85,109198.03,3662.95,64.16,57.67
2025-12-08 00:00:00+00:00,90424.59,92267.12,89644.89,90640.2,57394099056,45.21,-2089.14,-2865.0,775.86,94303.35,89363.53,84423.71,89363.53,98803.32,109092.86,3588.61,66.46,61.22
2025-12-09 00:00:00+00:00,90639.7,94601.57,89586.98,92691.71,66861721440,49.82,-1758.76,-2643.75,885.0,94502.95,89424.82,84346.69,89424.82,98445.37,109019.88,3690.47,82.22,70.95
2025-12-10 00:00:00+00:00,92695.23,94477.16,91640.13,92020.95,65420694513,48.38,-1533.37,-2421.68,888.3,94720.05,89694.27,84668.5,89694.27,98116.25,108941.03,3629.51,75.97,74.88
2025-12-11 00:00:00+00:00,92011.3,93554.27,89335.3,92511.34,64532834621,49.53,-1300.19,-2197.38,897.19,94743.74,90065.3,85386.87,90065.3,97812.71,108858.41,3671.61,80.54,79.57
2025-12-12 00:00:00+00:00,92513.66,92747.93,89532.6,90270.41,80275884583,44.66,-1281.45,-2014.19,732.74,94268.96,90346.41,86423.86,90346.41,97416.72,108762.56,3639.02,59.67,72.06
2025-12-13 00:00:00+00:00,90257.8,90647.57,89800.99,90298.71,64237748110,44.73,-1249.91,-1861.34,611.43,94073.29,90521.09,86968.9,90521.09,97002.02,108669.08,3439.56,59.93,66.71
2025-12-14 00:00:00+00:00,90296.44,90498.11,87634.94,88175.18,50465972205,40.37,-1380.35,-1765.14,384.79,94081.47,90516.32,86951.17,90516.32,96532.69,108570.94,3398.39,40.16,53.25
2025-12-15 00:00:00+00:00,88171.08,89983.92,85304.08,86419.78,45559514323,37.15,-1606.84,-1733.48,126.64,94226.92,90470.22,86713.51,90470.22,95971.63,108474.83,3489.92,12.0,37.36
2025-12-16 00:00:00+00:00,86424.41,88170.09,85381.69,87843.98,41262178223,41.25,-1652.38,-1717.26,64.88,94272.12,90336.5,86400.88,90336.5,95446.13,108394.06,3439.81,27.32,26.49
2025-12-17 00:00:00+00:00,87847.62,90264.57,85316.27,86143.76,44243392914,38.06,-1804.85,-1734.78,-70.07,94406.32,90079.42,85752.51,90079.42,94909.88,108301.59,3547.56,9.03,16.12
2025-12-18 00:00:00+00:00,86144.37,89412.66,84436.31,85462.51,52667115348,36.83,-1958.08,-1779.44,-178.65,94576.04,89806.58,85037.12,89806.58,94418.02,108200.64,3649.62,10.1,15.48
2025-12-19 00:00:00+00:00,85476.13,89339.12,85107.66,88103.38,46733310561,44.33,-1845.16,-1792.58,-52.58,94470.09,89669.16,84868.23,89669.16,94013.98,108111.75,3691.18,36.07,18.4
2025-12-20 00:00:00+00:00,88101.67,88497.2,87924.88,88344.0,14688196659,44.98,-1716.46,-1777.36,60.9,94389.89,89566.64,84743.4,89566.64,93589.74,108026.31,3468.4,38.44,28.2
2025-12-21 00:00:00+00:00,88344.7,89027.95,87613.2,88621.75,19845522660,45.75,-1573.91,-1736.67,162.76,94283.72,89681.65,85079.59,89681.65,93160.89,107945.76,3321.71,41.17,38.56
2025-12-22 00:00:00+00:00,88621.4,90501.93,87908.07,88490.02,38047472118,45.42,-1454.8,-1680.3,225.49,94099.97,89538.64,84977.31,89538.64,92717.9,107880.33,3269.72,39.88,39.83
2025-12-23 00:00:00+00:00,88490.03,88898.38,86606.98,87414.0,43683011533,42.73,-1430.74,-1630.38,199.65,93477.06,89232.95,84988.85,89232.95,92335.23,107795.44,3199.84,29.66,36.9
2025-12-24 00:00:00+00:00,87404.32,87956.88,86411.8,87611.96,25550297986,43.4,-1379.79,-1580.27,200.48,93076.91,89006.47,84936.03,89006.47,92055.66,107705.43,3081.65,34.83,34.79
2025-12-25 00:00:00+00:00,87608.32,88501.79,86949.26,87234.74,19953216347,42.39,-1354.24,-1535.06,180.82,93040.07,88898.82,84757.57,88898.82,91722.52,107612.63,2972.42,33.67,32.72
2025-12-26 00:00:00+00:00,87235.51,89459.43,86628.14,87301.43,42455674908,42.64,-1313.47,-1490.74,177.27,92997.52,88800.27,84603.03,88800.27,91442.52,107497.67,2962.34,46.13,38.21
2025-12-27 00:00:00+00:00,87301.43,87874.78,87182.98,87802.16,13741199310,44.62,-1226.61,-1437.92,211.3,92818.92,88670.1,84521.28,88670.1,91131.11,107385.39,2800.16,55.49,45.1
2025-12-28 00:00:00+00:00,87799.34,87986.89,87394.95,87835.84,15156557929,44.75,-1141.9,-1378.71,236.81,92586.89,88529.88,84472.87,88529.88,90842.19,107281.14,2642.43,56.05,52.55
2025-12-29 00:00:00+00:00,87835.79,90299.16,86717.91,87138.14,48411625849,42.4,-1118.17,-1326.6,208.43,91843.29,88252.2,84661.11,88252.2,90490.56,107187.18,2709.49,44.54,52.03
2025-12-30 00:00:00+00:00,87134.35,89297.94,86735.55,88430.13,35586356225,47.87,-983.77,-1258.04,274.26,91199.43,88072.66,84945.89,88072.66,90139.23,107098.88,2698.98,65.84,55.48
2025-12-31 00:00:00+00:00,88429.59,89080.29,87130.56,87508.83,33830210616,44.62,-940.76,-1194.58,253.82,90153.29,87822.54,85491.78,87822.54,89829.46,107009.06,2645.46,50.65,53.68
2026-01-01 00:00:00+00:00,87508.05,88803.23,87399.41,88731.98,18849043990,49.52,-798.76,-1115.42,316.65,89824.11,87745.61,85667.12,87745.61,89570.83,106924.96,2556.78,67.19,61.23
2026-01-02 00:00:00+00:00,88733.06,90884.46,88298.62,89944.7,46398906171,53.88,-581.67,-1008.67,427.0,89719.06,87727.91,85736.77,87727.91,89375.78,106840.7,2558.85,78.99,65.61
2026-01-03 00:00:00+00:00,89945.05,90679.57,89328.07,90603.19,20774828592,56.09,-352.43,-877.42,524.99,90215.95,87849.31,85482.68,87849.31,89299.88,106770.71,2472.61,93.71,79.96
2026-01-04 00:00:00+00:00,90603.0,91712.59,90595.1,91413.49,26770491368,58.72,-104.16,-722.77,618.61,90852.65,88099.0,85345.34,88099.0,89217.17,106703.36,2375.82,94.36,89.02
2026-01-05 00:00:00+00:00,91414.62,94762.07,91414.62,93882.55,53376407252,65.5,288.5,-520.52,809.01,92172.81,88400.93,84629.05,88400.93,89211.28,106649.35,2445.3,89.47,92.51
2026-01-06 00:00:00+00:00,93876.95,94395.3,91286.55,93729.03,52430605257,64.79,580.6,-300.29,880.89,93084.31,88780.19,84476.08,88780.19,89243.98,106601.45,2492.69,87.63,90.48
2026-01-07 00:00:00+00:00,93727.47,93738.79,90601.8,91308.05,43461295053,54.69,609.71,-118.29,728.0,93219.0,89072.47,84925.94,89072.47,89211.17,106546.7,2538.71,57.54,78.21
2026-01-08 00:00:00+00:00,91309.64,91485.85,89233.88,91027.12,42386697030,53.64,603.16,26.0,577.16,93427.03,89218.66,85010.28,89218.66,89202.39,106496.9,2518.23,54.08,66.42
2026-01-09 00:00:00+00:00,91026.27,91910.67,89625.38,90513.1,38305906684,51.69,550.15,130.83,419.32,93552.34,89327.11,85101.88,89327.11,89280.01,106421.58,2501.59,47.18,52.93
2026-01-10 00:00:00+00:00,90510.1,90713.03,90283.4,90386.65,12385895282,51.2,492.26,203.12,289.15,93652.26,89415.36,85178.45,89415.36,89385.93,106343.29,2353.59,45.61,48.96
2026-01-11 00:00:00+00:00,90385.36,91155.23,90212.02,90827.46,17165568977,52.89,476.47,257.79,218.68,93790.56,89532.23,85273.9,89532.23,89509.52,106260.62,2252.85,51.09,47.96
2026-01-12 00:00:00+00:00,90825.86,92395.52,90055.02,91192.99,41346275358,54.3,487.82,303.79,184.02,93918.69,89721.18,85523.66,89721.18,89597.27,106181.78,2259.11,55.53,50.74
2026-01-13 00:00:00+00:00,91185.34,96011.62,90941.93,95321.78,54980674354,66.49,820.51,407.14,413.38,94866.96,90106.67,85346.38,90106.67,89738.3,106122.95,2459.87,92.23,66.28
2026-01-14 00:00:00+00:00,95322.91,97860.6,94583.05,96929.33,60592490863,69.86,1200.06,565.72,634.34,96044.32,90591.4,85138.48,90591.4,89930.05,106070.96,2518.27,91.1,79.62
2026-01-15 00:00:00+00:00,96931.29,97150.17,95103.24,95551.19,53086363027,63.92,1373.81,727.34,646.47,96653.5,91003.89,85354.28,91003.89,90030.7,106006.79,2484.61,75.85,86.39
2026-01-16 00:00:00+00:00,95554.1,95801.89,94259.27,95525.12,33248170537,63.81,1492.21,880.31,611.89,97172.39,91390.03,85607.68,91390.03,90115.5,105948.73,2417.32,72.93,79.96
2026-01-17 00:00:00+00:00,95525.16,95598.48,95005.62,95099.92,16021715122,61.93,1534.04,1011.06,522.98,97508.09,91753.24,85998.39,91753.24,90199.11,105895.74,2287.0,68.0,72.26
2026-01-18 00:00:00+00:00,95101.18,95491.51,93588.87,93634.43,20809781232,55.83,1432.43,1095.33,337.1,97457.18,92078.05,86698.92,92078.05,90254.77,105819.62,2259.55,51.01,63.98
2026-01-19 00:00:00+00:00,93655.67,93660.83,92089.25,92553.59,39195241508,51.77,1250.28,1126.32,123.96,97383.45,92284.22,87185.0,92284.22,90297.95,105734.15,2210.41,38.48,52.5
2026-01-20 00:00:00+00:00,92553.6,92798.43,87814.93,88310.91,53072968031,39.61,754.87,1052.03,-297.16,97275.9,92324.33,87372.76,92324.33,90337.74,105635.53,2408.49,4.94,31.48
2026-01-21 00:00:00+00:00,88326.51,90430.41,87231.57,89376.96,56330422434,43.22,443.17,930.26,-487.09,97217.21,92356.58,87495.95,92356.58,90298.27,105541.26,2464.94,20.18,21.2
2026-01-22 00:00:00+00:00,89378.52,90258.96,88438.45,89462.45,35549685694,43.51,200.72,784.35,-583.63,97247.95,92332.47,87416.98,92332.47,90216.97,105442.41,2418.91,20.99,15.37
2026-01-23 00:00:00+00:00,89462.05,91100.25,88486.36,89503.88,38997586037,43.67,11.79,629.84,-618.05,97297.87,92277.5,87257.13,92277.5,90164.21,105348.43,2432.84,21.38,20.85
2026-01-24 00:00:00+00:00,89506.15,89811.61,89044.29,89110.73,14558687712,42.5,-167.72,470.33,-638.05,97368.35,92162.36,86956.37,92162.36,90158.67,105249.23,2313.87,17.68,20.02
2026-01-25 00:00:00+00:00,89104.77,89193.15,86003.71,86572.22,36124986722,35.87,-508.96,274.47,-783.43,97497.35,91796.85,86096.34,91796.85,90104.67,105125.46,2376.41,4.79,14.62
2026-01-26 00:00:00+00:00,86566.52,88743.07,86429.29,88267.14,45329286974,42.34,-635.31,92.51,-727.82,97356.3,91523.75,85691.2,91523.75,90061.9,104986.86,2371.94,19.09,13.85
2026-01-27 00:00:00+00:00,88257.48,89427.12,87228.92,89102.57,38744942267,45.27,-660.41,-58.07,-602.34,97345.74,91413.48,85481.21,91413.48,90031.14,104844.79,2359.53,26.14,16.67
2026-01-28 00:00:00+00:00,89104.05,90439.29,88721.46,89184.57,39807419296,45.56,-666.01,-179.66,-486.35,97335.54,91321.35,85307.16,91321.35,89961.0,104703.54,2313.69,28.54,24.59
2026-01-29 00:00:00+00:00,89169.85,89200.78,83250.6,84561.59,64653083162,34.4,-1031.6,-350.05,-681.55,97752.82,91023.77,84294.73,91023.77,89811.81,104530.76,2573.44,10.45,21.71
2026-01-30 00:00:00+00:00,84562.73,84602.16,81071.48,84128.66,72083816087,33.57,-1340.8,-548.2,-792.6,98112.99,90710.87,83308.76,90710.87,89644.16,104352.16,2641.82,21.04,20.01
2026-01-31 00:00:00+00:00,84126.5,84136.92,75815.88,78621.12,70479259159,25.24,-2007.13,-839.98,-1167.14,99265.22,90100.56,80935.9,90100.56,89411.18,104156.38,3047.47,14.26,15.25
2026-02-01 00:00:00+00:00,78626.12,79322.61,75698.9,76974.45,53372509744,23.37,-2637.66,-1199.52,-1438.14,100247.08,89389.63,78532.18,89389.63,89144.69,103947.56,3088.63,7.1,14.13
2026-02-02 00:00:00+00:00,76968.88,79258.61,74551.34,78688.77,75140589684,29.24,-2964.85,-1552.59,-1412.27,100032.76,88557.98,77083.2,88557.98,88954.96,103744.55,3204.25,22.67,14.68
2026-02-03 00:00:00+00:00,78693.51,79118.85,72897.14,75633.55,68249110822,25.49,-3431.14,-1928.3,-1502.84,99630.31,87493.19,75356.07,87493.19,88739.24,103532.7,3419.78,15.03,14.94
2026-02-04 00:00:00+00:00,75640.09,76864.66,71779.93,73019.7,67215363944,22.8,-3965.87,-2335.81,-1630.06,99496.64,86366.62,73236.59,86366.62,88442.75,103308.1,3538.71,6.42,14.71
2026-02-05 00:00:00+00:00,73016.38,73161.55,62353.54,62702.1,125509410908,15.73,-5162.68,-2901.18,-2261.49,100890.09,84725.47,68560.84,84725.47,87973.92,103035.11,4057.94,1.21,7.55
2026-02-06 00:00:00+00:00,62704.45,71681.3,60074.2,70555.39,114674259489,32.8,-5415.04,-3403.96,-2011.09,100068.3,83498.24,66928.18,83498.24,87675.78,102800.69,4597.17,34.52,14.05
2026-02-07 00:00:00+00:00,70553.8,71611.15,67364.45,69281.97,62347107663,31.68,-5652.64,-3853.69,-1798.95,99287.74,82280.62,65273.5,82280.62,87299.35,102547.12,4572.14,30.32,22.02
2026-02-08 00:00:00+00:00,69283.73,72206.91,68852.9,70264.73,39721722619,33.57,-5695.97,-4222.15,-1473.83,98259.77,81166.17,64072.57,81166.17,86937.76,102304.67,4485.13,33.56,32.8
2026-02-09 00:00:00+00:00,70243.33,71369.97,68291.03,70120.78,52081598792,33.42,-5676.5,-4513.02,-1163.48,97682.1,80256.67,62831.23,80256.67,86567.74,102063.43,4384.69,33.09,32.32
2026-02-10 00:00:00+00:00,70137.39,70464.27,67913.09,68793.96,40593063077,32.05,-5702.39,-4750.89,-951.5,96815.48,79227.52,61639.55,79227.52,86173.82,101819.22,4253.72,28.72,31.79
2026-02-11 00:00:00+00:00,68791.86,69242.68,65757.3,66991.97,49671946030,30.22,-5801.45,-4961.0,-840.44,95809.52,78103.99,60398.47,78103.99,85765.38,101564.45,4198.84,23.75,28.52
2026-02-12 00:00:00+00:00,66992.2,68339.49,65092.11,66221.84,44651071271,29.45,-5874.37,-5143.68,-730.69,94550.79,76939.89,59329.0,76939.89,85337.58,101298.31,4130.88,25.06,25.84
2026-02-13 00:00:00+00:00,66213.38,69382.84,65835.78,68857.84,40820775886,35.52,-5654.28,-5245.8,-408.49,92909.36,75927.25,58945.13,75927.25,84970.04,101052.98,4089.18,36.5,28.44
2026-02-14 00:00:00+00:00,68856.98,70481.16,68706.62,69767.62,36012397645,37.52,-5344.84,-5265.61,-79.23,91505.04,75087.02,58668.99,75087.02,84619.36,100812.21,3923.85,50.36,37.31
2026-02-15 00:00:00+00:00,69764.95,70939.29,68052.55,68788.19,40191152750,36.21,-5119.62,-5236.41,116.79,89518.86,74113.07,58707.28,74113.07,84239.09,100566.99,3849.77,45.42,44.09
2026-02-16 00:00:00+00:00,68782.4,70067.23,67301.59,68843.16,33618145426,36.35,-4880.44,-5165.21,284.78,86940.71,73100.1,59259.49,73100.1,83859.23,100332.42,3772.33,46.04,47.28
2026-02-17 00:00:00+00:00,68843.09,69201.87,66615.28,67494.22,34866936040,34.44,-4745.03,-5081.18,336.15,83795.26,72015.58,60235.9,72015.58,83466.35,100103.29,3687.63,44.19,45.22
2026-02-18 00:00:00+00:00,67488.02,68434.43,65845.9,66425.32,33094301643,32.97,-4670.14,-4998.97,328.83,81536.63,71108.77,60680.9,71108.77,83026.26,99872.78,3609.13,48.53,46.25
2026-02-19 00:00:00+00:00,66425.62,67277.12,65637.43,66957.52,31492987019,34.47,-4515.79,-4902.33,386.55,78827.9,70250.21,61672.52,70250.21,82615.23,99636.48,3468.45,56.73,49.82
2026-02-20 00:00:00+00:00,66958.58,68269.03,66452.48,68005.42,47507867304,37.45,-4259.8,-4773.83,514.03,77380.97,69719.42,62057.88,69719.42,82200.7,99401.15,3350.46,40.95,48.74
2026-02-21 00:00:00+00:00,68000.25,68657.7,67533.07,68003.77,18357635642,37.45,-4010.83,-4621.23,610.4,76154.98,69270.89,62386.8,69270.89,81761.88,99170.46,3191.47,40.92,46.2
2026-02-22 00:00:00+00:00,67998.83,68235.23,67185.6,67659.39,17893536012,36.81,-3797.53,-4456.49,658.96,74009.42,68719.42,63429.43,68719.42,81303.01,98933.62,3038.48,40.89,40.92
2026-02-23 00:00:00+00:00,67668.43,67668.43,63924.44,64616.74,50953457309,31.68,-3829.86,-4331.16,501.3,72661.44,68168.58,63675.72,68168.58,80767.07,98669.21,3088.88,9.87,30.56
2026-02-24 00:00:00+00:00,64616.02,64992.16,62553.19,64080.04,40849331086,30.87,-3854.35,-4235.8,381.45,71953.54,67721.6,63489.65,67721.6,80171.02,98406.17,3042.45,18.21,22.99
2026-02-25 00:00:00+00:00,64077.77,69953.53,63942.48,67960.12,53629234355,42.42,-3520.1,-4092.66,572.56,71495.34,67984.5,64473.66,67984.5,79655.64,98163.47,3254.5,64.47,30.85
2026-02-26 00:00:00+00:00,67954.87,68843.35,66523.73,67453.77,42988597523,41.45,-3258.5,-3925.83,667.33,71129.81,67829.42,64529.03,67829.42,79178.56,97904.2,3187.72,58.44,47.04
2026-02-27 00:00:00+00:00,67456.52,68220.41,64946.04,65881.8,40283655942,38.49,-3141.8,-3769.02,627.22,70994.87,67659.41,64323.95,67659.41,78675.65,97639.96,3193.91,39.69,54.2
2026-02-28 00:00:00+00:00,65878.93,67714.52,63062.22,66995.86,42041497112,41.67,-2925.7,-3600.36,674.66,70606.67,67495.97,64385.26,67495.97,78205.3,97374.07,3298.08,52.98,50.37
2026-03-01 00:00:00+00:00,67005.88,68162.82,65076.73,65738.1,40733141929,39.21,-2823.38,-3444.96,621.58,70222.07,67276.83,64331.6,67276.83,77712.33,97086.04,3282.94,42.39,45.02
2026-03-02 00:00:00+00:00,65734.08,70044.0,65303.14,68775.85,56698092052,47.3,-2468.72,-3249.71,781.0,70219.21,67275.93,64332.64,67275.93,77271.3,96838.12,3387.07,83.07,59.48
2026-03-03 00:00:00+00:00,68785.08,69232.89,66237.62,68293.65,47947999049,46.24,-2201.18,-3040.01,838.83,70315.26,67341.01,64366.76,67341.01,76813.32,96592.6,3359.09,76.63,67.36
2026-03-04 00:00:00+00:00,68290.56,74051.8,67437.41,72710.58,75073101274,55.92,-1614.13,-2754.83,1140.7,71434.96,67665.45,63895.94,67665.45,76361.09,96368.7,3591.61,88.34,82.68
2026-03-05 00:00:00+00:00,72712.66,73555.79,70654.88,70841.12,51172841727,51.68,-1284.94,-2460.85,1175.92,71763.56,67764.61,63765.66,67764.61,75839.33,96135.64,3542.27,72.08,79.02
2026-03-06 00:00:00+00:00,70842.16,71378.57,67757.82,68136.49,43776962871,46.22,-1228.13,-2214.31,986.18,71575.11,67683.06,63791.0,67683.06,75291.03,95895.06,3547.88,48.56,69.66
2026-03-07 00:00:00+00:00,68136.69,68515.16,66969.26,67272.59,23258701211,44.6,-1238.54,-2019.15,780.61,71467.62,67607.28,63746.93,67607.28,74725.98,95667.26,3404.88,41.04,53.89
2026-03-08 00:00:00+00:00,67272.5,68177.79,65639.2,65969.78,33195080116,42.2,-1336.51,-1882.63,546.12,71344.11,67463.61,63583.1,67463.61,74143.38,95425.74,3343.0,29.71,39.77
2026-03-09 00:00:00+00:00,65969.59,69474.95,65858.01,68402.38,49499875378,47.85,-1203.98,-1746.9,542.91,71412.21,67509.01,63605.82,67509.01,73638.74,95205.66,3362.57,50.87,40.54
2026-03-10 00:00:00+00:00,68402.72,71770.9,68402.72,69926.92,54003996096,51.07,-964.82,-1590.48,625.67,71695.26,67684.09,63672.93,67684.09,73186.2,94970.92,3363.0,62.47,47.68
2026-03-11 00:00:00+00:00,69931.25,71337.66,68998.87,70204.88,45236859848,51.66,-744.26,-1421.24,676.97,71994.36,67846.46,63698.56,67846.46,72824.08,94745.07,3289.84,64.99,59.44
2026-03-12 00:00:00+00:00,70209.77,70775.83,69230.16,70493.46,40871848129,52.3,-539.97,-1244.98,705.02,72284.75,67970.86,63656.97,67970.86,72446.41,94530.25,3165.25,67.62,65.03
2026-03-13 00:00:00+00:00,70497.05,73927.33,70410.73,70968.27,61167226505,53.39,-335.87,-1063.16,727.29,72636.65,68119.09,63601.53,68119.09,72076.53,94334.47,3190.35,71.94,68.19
2026-03-14 00:00:00+00:00,70965.38,71291.2,70339.59,71214.62,22283546496,53.98,-152.49,-881.03,728.54,73013.65,68296.85,63580.06,68296.85,71710.75,94131.53,3030.44,68.39,69.32
2026-03-15 00:00:00+00:00,71213.68,73173.01,70882.42,72789.91,27991268669,57.67,118.58,-681.11,799.69,73495.48,68705.51,63915.54,68705.51,71384.33,93939.37,2977.59,85.58,75.3
2026-03-16 00:00:00+00:00,72798.17,74901.86,72300.63,74861.09,55572438409,61.98,494.84,-445.92,940.75,74263.85,69244.56,64225.28,69244.56,71150.11,93750.95,2950.71,99.56,84.51
2026-03-17 00:00:00+00:00,74855.3,75988.4,73444.23,73922.48,49500721728,59.05,709.11,-214.91,924.02,74935.14,69542.68,64150.22,69542.68,70863.21,93578.51,2921.67,80.04,88.39
2026-03-18 00:00:00+00:00,73936.85,74658.98,70503.86,71245.58,46229011155,51.55,655.36,-40.86,696.22,75081.95,69732.27,64382.59,69732.27,70506.07,93390.69,3009.78,54.17,77.92
2026-03-19 00:00:00+00:00,71250.35,71598.84,68805.52,69912.79,44631433398,48.26,499.46,67.21,432.26,74967.07,69933.82,64900.57,69933.82,70120.64,93199.07,2994.31,41.29,58.5
2026-03-20 00:00:00+00:00,69911.53,71346.8,69398.88,70522.59,38299078407,49.84,420.28,137.82,282.46,74953.56,70110.16,65266.76,70110.16,69839.86,93005.43,2919.57,47.19,47.55
2026-03-21 00:00:00+00:00,70522.47,71051.27,68602.91,68711.52,21109354718,45.41,208.97,152.05,56.92,74703.27,70258.83,65814.38,70258.83,69531.52,92792.99,2885.91,29.69,39.39
2026-03-22 00:00:00+00:00,68737.45,69561.77,67372.88,67845.21,30108051508,43.43,-28.07,116.03,-144.1,74740.81,70212.3,65683.78,70212.3,69316.0,92573.6,2836.13,19.62,32.16
2026-03-23 00:00:00+00:00,67843.0,71782.26,67458.84,70914.86,51508669357,51.52,31.41,99.1,-67.7,74789.03,70343.36,65897.68,70343.36,69194.81,92374.55,2942.36,41.11,30.14
2026-03-24 00:00:00+00:00,70912.67,71371.3,68920.7,70517.86,40181522399,50.51,45.98,88.48,-42.5,74539.54,70233.72,65927.9,70233.72,69031.39,92173.89,2907.24,36.5,32.41
2026-03-25 00:00:00+00:00,70520.05,71985.74,70383.59,71309.88,35409791747,52.5,120.05,94.79,25.26,74581.96,70257.16,65932.36,70257.16,68944.91,91979.32,2814.02,45.7,41.1
2026-03-26 00:00:00+00:00,71310.12,71410.39,68118.35,68791.62,38962070215,46.14,-24.17,71.0,-95.17,74556.62,70289.91,66023.21,70289.91,68860.35,91767.44,2848.16,16.47,32.89
2026-03-27 00:00:00+00:00,68790.84,69117.53,65532.57,66338.38,46483453594,40.94,-332.59,-9.72,-322.87,74666.57,70243.2,65819.83,70243.2,68933.08,91538.77,2900.79,7.71,23.29
2026-03-28 00:00:00+00:00,66338.5,67232.86,65906.74,66319.7,20924883455,40.9,-571.92,-122.16,-449.77,74615.13,70260.7,65906.27,70260.7,68848.36,91312.72,2788.31,7.53,10.57
2026-03-29 00:00:00+00:00,66319.7,67052.95,64971.71,65954.92,21645889785,40.12,-782.02,-254.13,-527.89,74836.63,70138.33,65440.02,70138.33,68781.82,91072.71,2737.81,8.92,8.05
2026-03-30 00:00:00+00:00,65958.35,68087.29,65759.8,66691.45,37694994180,42.5,-878.96,-379.1,-499.86,74921.83,69976.55,65031.28,69976.55,68710.36,90828.63,2708.5,15.61,10.69
2026-03-31 00:00:00+00:00,66694.59,68495.27,65950.44,68233.31,42997691338,47.24,-821.9,-467.66,-354.24,74882.34,69877.98,64873.61,69877.98,68672.61,90589.29,2696.81,33.67,19.4
2026-04-01 00:00:00+00:00,68232.89,69230.36,67555.36,68078.55,36465393617,46.82,-780.17,-530.16,-250.01,74815.31,69757.23,64699.15,69757.23,68658.3,90349.93,2623.82,44.29,31.19
2026-04-02 00:00:00+00:00,68077.9,68633.15,65725.26,66888.57,39323384518,43.63,-833.51,-590.83,-242.68,74733.27,69553.24,64373.22,69553.24,68656.23,90107.34,2644.11,27.33,35.1
2026-04-03 00:00:00+00:00,66889.02,67296.23,66281.54,66931.1,22815543346,43.78,-862.41,-645.15,-217.27,74583.68,69339.07,64094.46,69339.07,68670.42,89864.77,2527.73,27.94,33.19
2026-04-04 00:00:00+00:00,66938.65,67515.02,66769.64,67290.52,15878814963,45.09,-846.55,-685.43,-161.13,74120.19,69064.1,64008.01,69064.1,68639.07,89617.0,2400.41,33.06,29.44
2026-04-05 00:00:00+00:00,67291.2,69087.66,66610.63,68981.9,22972648674,50.87,-689.56,-686.25,-3.31,73027.71,68770.14,64512.57,68770.14,68623.36,89379.57,2405.89,57.17,39.39
2026-04-06 00:00:00+00:00,68982.91,70305.42,68347.08,68859.83,39542143229,50.46,-568.44,-662.69,94.25,72019.87,68517.01,65014.15,68517.01,68624.79,89138.18,2373.92,55.43,48.56
2026-04-07 00:00:00+00:00,68859.38,72732.43,67740.51,71940.7,44650511480,59.42,-221.3,-574.41,353.12,72180.16,68551.76,64923.37,68551.76,68686.74,88919.44,2560.92,89.8,67.47
2026-04-08 00:00:00+00:00,71950.15,72825.19,70707.47,71123.36,42444631703,56.5,-12.0,-461.93,449.93,72374.22,68612.29,64850.37,68612.29,68759.32,88696.45,2529.26,78.33,74.52
2026-04-09 00:00:00+00:00,71120.57,73107.27,70486.36,71767.83,38799581473,58.24,203.53,-328.84,532.37,72606.96,68674.55,64742.15,68674.55,68866.17,88478.76,2535.81,83.54,83.89
2026-04-10 00:00:00+00:00,71774.37,73440.12,71434.83,72979.05,37722595732,61.37,466.69,-169.73,636.42,73266.58,68887.93,64509.28,68887.93,68986.6,88279.91,2497.91,94.56,85.47
2026-04-11 00:00:00+00:00,72976.12,73784.23,72556.34,73054.27,23287073965,61.56,673.56,-1.07,674.63,73871.99,69148.38,64424.78,69148.38,69087.58,88085.11,2407.2,91.72,89.94
2026-04-12 00:00:00+00:00,73056.05,73154.03,70540.57,70753.41,29882740487,52.87,644.41,128.02,516.39,73851.74,69140.31,64428.88,69140.31,69142.57,87872.23,2421.93,62.39,82.89
2026-04-13 00:00:00+00:00,70757.62,74896.31,70588.52,74484.64,52278211554,62.19,911.88,284.79,627.08,74596.55,69338.65,64080.75,69338.65,69279.08,87699.41,2556.64,95.51,83.21
2026-04-14 00:00:00+00:00,74478.4,76061.76,73877.2,74181.61,53540826530,61.14,1086.87,445.21,641.66,75110.59,69482.24,63853.88,69482.24,69470.38,87521.76,2530.06,81.81,79.9
2026-04-15 00:00:00+00:00,74182.02,75409.27,73549.2,74805.08,38090174312,62.55,1261.32,608.43,652.89,75878.98,69782.91,63686.84,69782.91,69684.88,87347.37,2482.2,87.84,88.39
2026-04-16 00:00:00+00:00,74810.88,75506.57,73346.27,75152.13,41312783855,63.34,1411.3,769.0,642.3,76541.48,70223.6,63905.71,70223.6,69828.72,87162.52,2459.21,90.7,86.78
2026-04-17 00:00:00+00:00,75164.04,78320.68,74558.6,77126.88,54137194839,67.58,1670.26,949.26,721.01,77510.1,70763.96,64017.81,70763.96,70022.18,86976.15,2552.27,89.81,89.45
2026-04-18 00:00:00+00:00,77136.05,77416.7,75504.95,75726.21,26014416776,62.1,1742.38,1107.88,634.5,77947.34,71252.52,64557.7,71252.52,70219.07,86784.5,2506.52,77.84,86.12
2026-04-19 00:00:00+00:00,75723.7,76243.09,73802.38,73856.35,30931515195,55.62,1629.87,1212.28,417.59,78039.45,71610.76,65182.08,71610.76,70356.28,86560.54,2501.82,57.8,75.15
2026-04-20 00:00:00+00:00,73854.25,76575.36,73775.57,75872.52,39674447916,60.42,1683.97,1306.62,377.36,78483.94,71992.73,65501.51,71992.73,70558.96,86336.49,2523.1,76.86,70.84
2026-04-21 00:00:00+00:00,75872.83,76881.48,74852.67,76352.77,36453522626,61.48,1745.49,1394.39,351.09,78901.96,72406.44,65910.91,72406.44,70710.5,86106.93,2487.8,74.88,69.85
2026-04-22 00:00:00+00:00,76354.22,79468.0,76159.58,78203.1,48336654537,65.36,1921.39,1499.79,421.6,79414.86,72972.16,66529.46,72972.16,70908.69,85885.81,2546.41,85.92,79.22
2026-04-23 00:00:00+00:00,78203.88,78676.94,77014.45,78268.95,40354900916,65.49,2042.57,1608.35,434.22,79734.11,73539.06,67344.0,73539.06,71019.86,85659.59,2483.28,86.57,82.46
2026-04-24 00:00:00+00:00,78263.82,78554.09,77318.45,77455.31,32784213526,62.31,2049.32,1696.54,352.78,79730.62,74047.3,68363.97,74047.3,71152.14,85423.11,2394.16,77.45,83.31
2026-04-25 00:00:00+00:00,77457.21,77882.64,77184.66,77612.02,16702933134,62.68,2043.76,1765.98,277.78,79844.4,74478.8,69113.2,74478.8,71341.65,85203.91,2273.0,79.21,81.08
2026-04-26 00:00:00+00:00,77613.12,78923.56,77334.89,78657.54,21482934750,65.18,2099.52,1832.69,266.82,79949.49,74968.69,69987.88,74968.69,71569.35,84980.42,2224.12,90.87,82.51
2026-04-27 00:00:00+00:00,78661.02,79488.17,76481.34,77366.62,38135631927,59.85,2016.29,1869.41,146.88,80116.33,75239.98,70363.63,75239.98,71797.29,84758.73,2280.03,65.46,78.51
2026-04-28 00:00:00+00:00,77368.12,77483.87,75673.6,76350.67,32056900880,55.97,1847.07,1864.94,-17.87,79993.92,75501.35,71008.78,75501.35,71956.26,84574.41,2246.48,48.92,68.42
2026-04-29 00:00:00+00:00,76350.69,77884.97,74958.57,75776.13,41460907886,53.85,1647.6,1821.48,-173.87,79836.42,75701.76,71567.1,75701.76,72073.24,84399.25,2295.04,39.56,51.31
2026-04-30 00:00:00+00:00,75778.63,76611.48,75318.98,76304.32,29497862305,55.52,1514.69,1760.12,-245.43,79804.37,75868.03,71931.69,75868.03,72195.23,84204.92,2223.43,44.27,44.25
2026-05-01 00:00:00+00:00,76305.05,78894.98,76294.7,78179.0,39164328894,60.93,1542.83,1716.66,-173.83,79955.17,76124.26,72293.35,76124.26,72348.94,84019.46,2250.35,77.08,53.64
2026-05-02 00:00:00+00:00,78177.75,79119.79,78031.96,78657.25,16761531851,62.19,1585.46,1690.42,-104.96,79568.42,76519.46,73470.49,76519.46,72502.72,83847.16,2167.31,85.45,68.93
2026-05-03 00:00:00+00:00,78656.73,79402.36,78073.08,78538.23,20544392639,61.66,1591.29,1670.59,-79.31,79740.33,76722.13,73703.93,76722.13,72649.19,83685.93,2107.45,83.37,81.97
2026-05-04 00:00:00+00:00,78540.29,80742.36,78217.96,79827.91,54325085296,65.15,1680.6,1672.6,8.01,80077.86,77004.45,73931.04,77004.45,72789.95,83544.14,2137.23,84.47,84.43
2026-05-05 00:00:00+00:00,79823.53,81751.45,79787.58,80927.05,39700107376,67.84,1819.11,1701.9,117.21,80667.97,77310.55,73953.12,77310.55,72911.27,83416.44,2124.85,87.86,85.24
2026-05-06 00:00:00+00:00,80930.73,82792.21,80751.02,81427.53,41751540000,69.02,1946.82,1750.88,195.93,81291.1,77624.32,73957.53,77624.32,73061.37,83287.58,2118.88,82.58,84.97
2026-05-07 00:00:00+00:00,81428.85,81684.95,79522.66,80009.99,36931193154,62.11,1911.61,1783.03,128.58,81576.87,77768.47,73960.07,77768.47,73236.66,83144.3,2121.98,64.48,78.31
2026-05-08 00:00:00+00:00,80009.62,80447.27,79205.52,80186.77,33789351540,62.61,1876.34,1801.69,74.65,81818.72,77991.5,74164.28,77991.5,73442.14,82992.29,2059.1,66.74,71.27
2026-05-09 00:00:00+00:00,80187.74,81030.06,80119.93,80664.37,18102086996,64.0,1865.42,1814.44,50.99,81805.21,78331.9,74858.6,78331.9,73644.98,82853.23,1977.03,72.84,68.02
2026-05-10 00:00:00+00:00,80665.61,82430.17,80274.13,82138.93,26965971077,67.96,1953.24,1842.2,111.04,82309.7,78645.22,74980.75,78645.22,73913.52,82725.48,1989.82,91.66,77.08
2026-05-11 00:00:00+00:00,82139.05,82326.23,80451.42,81728.3,32409774919,65.79,1967.03,1867.16,99.87,82658.19,78914.0,75169.81,78914.0,74191.19,82583.77,1981.6,86.42,83.64
2026-05-12 00:00:00+00:00,81725.35,81753.03,79832.1,80477.49,32186688600,59.55,1855.64,1864.86,-9.22,82818.86,79027.72,75236.58,79027.72,74382.44,82430.99,1977.27,70.45,82.84
2026-05-13 00:00:00+00:00,80476.79,81276.67,78725.51,79277.12,34075428359,54.24,1651.46,1822.18,-170.72,82853.57,79078.13,75302.69,79078.13,74557.62,82269.16,2018.26,52.96,69.94
2026-05-14 00:00:00+00:00,79276.95,82005.96,78909.68,81051.25,43731663431,59.93,1614.2,1780.58,-166.39,83050.42,79257.92,75465.43,79257.92,74752.45,82102.06,2095.26,73.21,65.54
2026-05-15 00:00:00+00:00,81046.87,81634.84,78635.37,79065.68,38183347368,52.12,1408.21,1706.11,-297.89,83045.21,79330.61,75616.01,79330.61,74957.93,81926.79,2159.85,21.72,49.3
2026-05-16 00:00:00+00:00,79066.0,79173.5,77630.73,78131.44,25895799905,48.89,1156.26,1596.14,-439.88,83046.32,79304.3,75562.29,79304.3,75193.79,81752.67,2115.77,9.7,34.87
2026-05-17 00:00:00+00:00,78133.59,78539.4,76783.41,77429.35,20900166465,46.55,889.67,1454.84,-565.17,83042.72,79307.44,75572.16,79307.44,75415.99,81589.54,2090.07,10.75,14.06
2026-05-18 00:00:00+00:00,77426.34,77749.32,76029.23,76954.17,41520471808,44.99,632.76,1290.43,-657.66,82980.94,79337.61,75694.29,79337.61,75635.97,81432.78,2063.65,13.68,11.38
2026-05-19 00:00:00+00:00,76954.75,77346.87,76082.37,76750.91,26031898332,44.3,408.06,1113.95,-705.9,82850.76,79386.35,75921.95,79386.35,75837.16,81268.75,2006.57,10.67,11.7
2026-05-20 00:00:00+00:00,76749.45,77775.57,76463.65,77457.77,26668360936,47.31,283.74,947.91,-664.17,82726.0,79444.03,76162.05,79444.03,76021.65,81105.72,1956.95,22.32,15.56
2026-05-21 00:00:00+00:00,77462.51,78100.56,76655.44,77539.17,27141485404,47.66,189.6,796.25,-606.65,82757.78,79412.03,76066.29,79412.03,76210.86,80940.22,1920.39,23.59,18.86
2026-05-22 00:00:00+00:00,77538.12,77819.45,75323.88,75488.24,27859040109,40.37,-49.92,627.02,-676.93,83023.16,79253.58,75484.01,79253.58,76382.85,80784.92,1961.47,2.31,16.07
2026-05-23 00:00:00+00:00,75488.31,77288.12,74255.23,76673.37,29973220002,45.55,-142.47,473.12,-615.59,83093.14,79160.34,75227.54,79160.34,76577.7,80660.34,2038.0,29.58,18.49
2026-05-24 00:00:00+00:00,76670.66,77372.54,76019.89,76981.12,20572738918,46.85,-188.81,340.73,-529.54,83053.79,79018.0,74982.21,79018.0,76771.51,80525.78,1989.05,33.77,21.89
2026-05-25 00:00:00+00:00,76981.12,77804.92,76833.04,77279.93,19808387601,48.13,-199.12,232.76,-431.89,82837.68,78835.64,74833.61,78835.64,76937.47,80405.68,1916.39,39.02,34.13
2026-05-26 00:00:00+00:00,77280.12,77990.87,75569.47,75825.73,35999475458,42.71,-320.94,122.02,-442.96,82577.86,78555.55,74533.25,78555.55,77076.79,80267.94,1952.47,20.26,31.02
2026-05-27 00:00:00+00:00,75825.3,76014.3,74136.5,74344.7,33802172927,38.02,-530.87,-8.56,-522.31,82645.92,78272.29,73898.66,78272.29,77124.87,80128.26,1947.13,2.65,20.64
2026-05-28 00:00:00+00:00,74339.57,74460.12,72493.41,73536.55,40148145327,35.71,-753.76,-157.6,-596.16,82695.1,77939.78,73184.46,77939.78,77173.13,79972.34,1948.53,11.41,11.44
2026-05-29 00:00:00+00:00,73537.03,74218.56,72435.62,73372.52,34457929250,35.24,-932.89,-312.66,-620.23,82563.38,77575.19,72586.99,77575.19,77205.23,79809.22,1936.7,13.9,9.32
2026-05-30 00:00:00+00:00,73370.85,74020.76,73125.23,73754.84,19563589191,37.3,-1032.1,-456.54,-575.55,81934.06,77155.98,72377.91,77155.98,77220.74,79663.01,1862.33,21.61,15.64
2026-05-31 00:00:00+00:00,73753.75,74153.5,73315.02,73579.69,17445435650,36.72,-1112.04,-587.64,-524.4,81267.66,76748.55,72229.44,76748.55,77231.25,79522.59,1789.2,20.2,18.57
2026-06-01 00:00:00+00:00,73580.21,73969.57,70599.51,71319.77,43378836121,30.23,-1342.27,-738.57,-603.71,81067.36,76290.67,71513.97,76290.67,77242.58,79380.7,1902.12,9.6,17.14
2026-06-02 00:00:00+00:00,71321.03,71334.95,66127.27,66703.66,54990073882,21.77,-1875.6,-965.98,-909.62,81876.86,75661.99,69447.12,75661.99,77086.96,79242.23,2138.23,4.81,11.54
2026-06-03 00:00:00+00:00,66694.01,67402.93,64009.68,64014.37,47411556213,18.51,-2486.6,-1270.1,-1216.5,82426.99,74810.15,67193.31,74810.15,76883.62,79084.56,2227.88,0.03,4.82
2026-06-04 00:00:00+00:00,64020.07,64664.45,61335.75,63801.57,63800151780,18.28,-2953.95,-1606.87,-1347.08,82836.97,74046.94,65256.92,74046.94,76663.55,78932.68,2306.51,14.81,6.55
2026-06-05 00:00:00+00:00,63807.69,63901.52,59108.92,60922.67,71465606706,15.45,-3516.09,-1988.71,-1527.38,83525.63,73186.5,62847.38,73186.5,76378.96,78776.82,2484.08,9.61,8.15
2026-06-06 00:00:00+00:00,60924.48,61491.7,59496.62,60867.41,30898464957,15.4,-3920.86,-2375.14,-1545.72,83854.92,72358.41,60861.89,72358.41,76053.77,78616.42,2449.15,9.31,11.24
2026-06-07 00:00:00+00:00,60866.94,64128.04,60724.07,63239.52,36006496194,26.27,-4004.07,-2700.93,-1303.14,83641.36,71672.68,59703.99,71672.68,75804.03,78475.28,2517.36,21.88,13.6
2026-06-08 00:00:00+00:00,63244.09,64185.77,62384.67,63090.59,34133252457,26.05,-4035.52,-2967.85,-1067.67,83292.58,70989.66,58686.74,70989.66,75588.72,78357.58,2466.19,21.09,17.43
2026-06-09 00:00:00+00:00,63092.89,63486.09,60756.69,61643.78,40144449754,23.89,-4129.58,-3200.19,-929.39,82781.1,70198.96,57616.82,70198.96,75304.14,78240.34,2485.0,14.99,19.32
2026-06-10 00:00:00+00:00,61643.21,62788.28,60788.02,61449.29,27493506779,23.61,-4171.73,-3394.5,-777.23,82057.78,69394.47,56731.15,69394.47,75006.07,78124.35,2450.37,15.25,17.11
2026-06-11 00:00:00+00:00,61448.88,63851.95,61447.97,63561.05,29316677897,32.89,-3988.76,-3513.35,-475.4,81376.19,68798.11,56220.02,68798.11,74713.23,78008.13,2447.06,29.47,19.9
2026-06-12 00:00:00+00:00,63547.44,64334.02,62778.79,63543.2,26881868307,32.86,-3801.37,-3570.96,-230.41,80354.3,68141.6,55928.89,68141.6,74418.72,77884.49,2383.36,29.47,24.73
2026-06-13 00:00:00+00:00,63541.52,64700.88,63431.32,64421.32,16956245530,36.57,-3541.18,-3565.0,23.82,79087.44,67513.61,55939.78,67513.61,74158.04,77769.89,2303.8,35.31,31.42
2026-06-14 00:00:00+00:00,64420.17,65749.78,63634.02,65710.4,21572226975,41.67,-3194.15,-3490.83,296.68,77572.28,66935.13,56297.99,66935.13,73920.0,77645.85,2290.37,44.42,36.4
2026-06-15 00:00:00+00:00,65710.09,65849.53,65333.9,66085.37,23256606720,43.1,-2855.94,-3363.85,507.91,76228.79,66448.11,56667.44,66448.11,73668.56,77519.85,2163.6,57.06,45.6
