Date,Open,High,Low,Close,Volume,RSI,MACD,Signal,Histogramme,BB_Haute,BB_Moyenne,BB_Basse,MM20,MM50,MM200,ATR,Stoch_K,Stoch_D
2024-06-15 00:00:00+00:00,603.11,609.05,601.59,607.8,1471028668,,0.0,0.0,0.0,,,,,,,,,
2024-06-16 00:00:00+00:00,607.81,611.2,601.48,610.05,1428836675,,0.18,0.04,0.14,,,,,,,,,
2024-06-17 00:00:00+00:00,610.07,611.94,592.43,604.47,1797626078,,-0.13,0.0,-0.13,,,,,,,,,
2024-06-18 00:00:00+00:00,604.33,604.65,575.76,588.7,2265505402,,-1.62,-0.32,-1.3,,,,,,,,,
2024-06-19 00:00:00+00:00,588.58,605.73,587.01,598.77,1788904109,,-1.97,-0.65,-1.32,,,,,,,,,
2024-06-20 00:00:00+00:00,598.77,607.4,584.76,587.11,1817442036,,-3.16,-1.15,-2.0,,,,,,,,,
2024-06-21 00:00:00+00:00,587.11,588.71,578.02,585.91,1672110625,,-4.14,-1.75,-2.39,,,,,,,,,
2024-06-22 00:00:00+00:00,585.9,590.94,581.14,590.76,1387634576,,-4.48,-2.3,-2.18,,,,,,,,,
2024-06-23 00:00:00+00:00,590.67,592.77,576.06,577.21,1444372224,,-5.78,-2.99,-2.78,,,,,,,,,
2024-06-24 00:00:00+00:00,577.22,581.24,552.94,567.58,2033721646,,-7.49,-3.89,-3.6,,,,,,,,,
2024-06-25 00:00:00+00:00,567.65,579.1,566.9,578.1,1581413208,,-7.91,-4.7,-3.22,,,,,,,,,
2024-06-26 00:00:00+00:00,578.11,584.2,567.88,572.4,1537826836,,-8.61,-5.48,-3.13,,,,,,,,,
2024-06-27 00:00:00+00:00,572.36,583.73,566.43,580.8,1659378248,,-8.38,-6.06,-2.32,,,,,,,,,
2024-06-28 00:00:00+00:00,580.87,584.35,565.01,566.46,1618598501,,-9.26,-6.7,-2.56,,,,,,,17.24,22.92,
2024-06-29 00:00:00+00:00,566.49,572.94,566.07,569.13,1375085097,34.85,-9.62,-7.28,-2.34,,,,,,,16.14,27.44,
2024-06-30 00:00:00+00:00,569.17,584.08,567.79,581.77,1564676508,44.81,-8.79,-7.59,-1.2,,,,,,,16.15,48.86,33.07
2024-07-01 00:00:00+00:00,581.67,587.28,576.14,576.69,1613874196,42.03,-8.44,-7.76,-0.69,,,,,,,15.65,43.61,39.97
2024-07-02 00:00:00+00:00,576.6,581.03,573.83,578.98,1528045271,43.72,-7.89,-7.78,-0.11,,,,,,,14.83,47.81,46.76
2024-07-03 00:00:00+00:00,579.01,579.94,550.42,556.58,1736158280,33.42,-9.16,-8.06,-1.1,,,,,,,16.22,10.81,34.08
2024-07-04 00:00:00+00:00,556.49,556.89,512.42,513.99,2056945763,22.55,-13.44,-9.14,-4.31,621.59,579.66,537.74,579.66,,,18.83,1.95,20.19
2024-07-05 00:00:00+00:00,513.61,515.22,456.92,498.0,2865780557,19.93,-17.92,-10.89,-7.03,627.73,574.17,520.62,574.17,,,22.4,30.24,14.33
2024-07-06 00:00:00+00:00,497.97,530.45,496.66,527.67,1604647597,35.02,-18.86,-12.49,-6.37,624.65,570.05,515.46,570.05,,,23.42,52.08,28.09
2024-07-07 00:00:00+00:00,527.44,527.44,488.96,490.61,1660301909,27.94,-22.34,-14.46,-7.88,627.0,564.36,501.72,564.36,,,24.75,25.84,36.05
2024-07-08 00:00:00+00:00,490.71,523.16,472.16,510.61,2305009896,35.52,-23.21,-16.21,-7.0,626.36,560.46,494.56,560.46,,,27.01,41.19,39.7
2024-07-09 00:00:00+00:00,510.54,520.65,507.27,516.57,1586240513,37.62,-23.16,-17.6,-5.56,622.44,556.35,490.25,556.35,,,25.85,45.76,37.6
2024-07-10 00:00:00+00:00,516.63,529.19,511.84,524.52,1592646761,40.42,-22.21,-18.52,-3.69,619.1,553.22,487.33,553.22,,,25.14,51.86,46.27
2024-07-11 00:00:00+00:00,524.58,540.08,521.04,525.14,1685684515,40.64,-21.17,-19.05,-2.12,615.32,550.18,485.04,550.18,,,24.64,52.33,49.98
2024-07-12 00:00:00+00:00,525.12,537.32,517.99,533.76,1600204226,43.8,-19.43,-19.13,-0.3,609.93,547.33,484.73,547.33,,,24.2,58.94,54.38
2024-07-13 00:00:00+00:00,533.76,539.2,527.76,532.35,1436156860,43.39,-17.96,-18.89,0.94,606.38,545.09,483.79,545.09,,,23.17,57.86,56.38
2024-07-14 00:00:00+00:00,532.38,547.36,532.11,544.82,1486806663,47.99,-15.6,-18.23,2.63,604.32,543.95,483.57,543.95,,,22.54,67.43,61.41
2024-07-15 00:00:00+00:00,544.92,586.54,544.7,586.14,2019082961,59.67,-10.28,-16.64,6.36,605.78,544.35,482.92,544.35,,,24.07,99.69,74.99
2024-07-16 00:00:00+00:00,586.01,587.4,556.67,576.58,2082707183,56.51,-6.76,-14.67,7.91,606.42,544.56,482.7,544.56,,,24.6,91.71,86.28
2024-07-17 00:00:00+00:00,576.56,584.01,565.42,568.91,1739938322,54.03,-4.53,-12.64,8.11,604.57,543.96,483.36,543.96,,,24.13,85.83,92.41
2024-07-18 00:00:00+00:00,568.97,579.34,562.93,571.95,1636814280,54.88,-2.5,-10.61,8.11,605.32,544.24,483.15,544.24,,,23.53,88.16,88.57
2024-07-19 00:00:00+00:00,571.93,598.05,565.97,593.7,2052978808,60.47,0.86,-8.32,9.18,609.57,545.47,481.36,545.47,,,24.19,96.54,90.18
2024-07-20 00:00:00+00:00,593.71,598.3,587.28,593.57,1585229672,60.42,3.47,-5.96,9.43,611.77,546.06,480.35,546.06,,,23.18,96.25,93.65
2024-07-21 00:00:00+00:00,593.57,603.66,583.54,601.85,1815088659,62.47,6.14,-3.54,9.68,616.37,547.32,478.26,547.32,,,22.94,98.62,97.14
2024-07-22 00:00:00+00:00,601.85,605.19,587.77,587.92,1985538902,57.11,7.05,-1.42,8.47,617.79,547.76,477.73,547.76,,,22.52,82.36,92.41
2024-07-23 00:00:00+00:00,587.92,593.11,578.29,582.1,1839296067,54.98,7.22,0.31,6.91,620.66,549.04,477.42,549.04,,,21.94,75.27,85.42
2024-07-24 00:00:00+00:00,582.1,588.87,570.95,574.58,1601708271,52.28,6.67,1.58,5.09,622.56,552.07,481.57,552.07,,,21.64,64.9,74.18
2024-07-25 00:00:00+00:00,574.58,575.84,554.76,570.71,1995371028,50.89,5.85,2.43,3.42,621.82,555.7,489.59,555.7,,,21.6,60.46,66.87
2024-07-26 00:00:00+00:00,570.71,582.77,570.45,581.08,1665724792,54.39,5.97,3.14,2.83,624.03,558.37,492.71,558.37,,,20.9,68.86,64.74
2024-07-27 00:00:00+00:00,581.08,592.85,574.89,581.59,1760015335,54.56,6.04,3.72,2.32,620.98,562.92,504.86,562.92,,,20.68,67.71,65.68
2024-07-28 00:00:00+00:00,581.59,584.69,575.04,584.1,1464043630,55.44,6.22,4.22,2.0,619.82,566.6,513.38,566.6,,,19.86,65.13,67.23
2024-07-29 00:00:00+00:00,584.1,596.65,573.99,574.64,1825858615,51.38,5.54,4.48,1.06,617.29,569.5,521.71,569.5,,,20.07,39.42,57.42
2024-07-30 00:00:00+00:00,574.64,587.67,567.99,587.67,1811656040,56.15,5.98,4.78,1.2,616.08,572.66,529.24,572.66,,,20.04,65.26,56.6
2024-07-31 00:00:00+00:00,587.67,592.52,575.25,576.37,1798590737,51.43,5.36,4.9,0.46,612.44,575.22,538.0,575.22,,,19.84,42.85,49.18
2024-08-01 00:00:00+00:00,576.37,577.29,553.75,575.15,2045220020,50.94,4.71,4.86,-0.15,609.0,577.29,545.58,577.29,,,20.11,41.6,49.9
2024-08-02 00:00:00+00:00,575.15,577.0,540.12,542.92,2062337930,39.95,1.58,4.21,-2.62,606.59,577.82,549.05,577.82,,,21.34,4.3,29.59
2024-08-03 00:00:00+00:00,542.92,544.67,522.2,529.48,1826715291,36.42,-1.96,2.97,-4.93,610.03,577.05,544.07,577.05,566.77,,21.42,8.77,18.23
2024-08-04 00:00:00+00:00,529.48,531.62,488.25,497.04,1980159444,29.62,-7.3,0.92,-8.22,620.91,572.6,524.28,572.6,564.55,,23.03,7.52,6.86
2024-08-05 00:00:00+00:00,497.04,499.39,407.52,464.63,4703145244,24.67,-13.99,-2.06,-11.93,635.21,567.0,498.78,567.0,561.64,,28.05,30.2,15.49
2024-08-06 00:00:00+00:00,464.63,492.9,464.29,484.32,2087680023,32.1,-17.5,-5.15,-12.35,640.33,562.77,485.2,562.77,559.24,,28.09,40.61,26.11
2024-08-07 00:00:00+00:00,484.32,497.62,469.0,474.22,1883200228,30.44,-20.85,-8.29,-12.56,644.77,557.88,471.0,557.88,556.95,,28.13,35.27,35.36
2024-08-08 00:00:00+00:00,474.2,521.04,469.19,517.34,1790085695,43.79,-19.81,-10.59,-9.21,641.03,554.06,467.1,554.06,555.32,,29.85,58.07,44.65
2024-08-09 00:00:00+00:00,517.34,517.72,500.18,509.18,1565495419,42.14,-19.41,-12.36,-7.05,636.93,549.84,462.76,549.84,553.76,,28.96,53.75,49.03
2024-08-10 00:00:00+00:00,509.18,524.96,507.85,523.32,1394699693,45.94,-17.75,-13.44,-4.31,630.17,545.92,461.67,545.92,552.51,,28.1,61.23,57.68
2024-08-11 00:00:00+00:00,523.32,535.54,503.23,503.8,1563057068,41.86,-17.8,-14.31,-3.5,625.53,541.71,457.9,541.71,550.77,,28.41,50.91,55.3
2024-08-12 00:00:00+00:00,503.8,523.54,500.23,518.54,1786263873,45.78,-16.47,-14.74,-1.73,620.71,538.53,456.36,538.53,549.6,,28.04,60.01,57.38
2024-08-13 00:00:00+00:00,518.54,525.69,514.55,524.13,1757981177,47.23,-14.79,-14.75,-0.04,616.61,536.01,455.42,536.01,548.73,,26.82,63.03,57.98
2024-08-14 00:00:00+00:00,524.13,531.51,516.51,524.02,1604400640,47.2,-13.31,-14.46,1.15,612.73,533.68,454.62,533.68,547.65,,25.96,68.62,63.89
2024-08-15 00:00:00+00:00,524.02,533.64,511.61,519.87,1645936961,46.14,-12.34,-14.04,1.7,606.62,530.62,454.61,530.62,546.6,,25.68,66.29,65.98
2024-08-16 00:00:00+00:00,519.87,524.37,511.04,519.97,1538941515,46.17,-11.42,-13.51,2.09,599.74,527.54,455.33,527.54,545.38,,24.79,81.99,72.3
2024-08-17 00:00:00+00:00,519.97,547.16,518.94,542.23,1554176167,52.79,-8.8,-12.57,3.77,593.03,525.44,457.86,525.44,544.9,,25.04,96.47,81.58
2024-08-18 00:00:00+00:00,542.23,542.4,531.24,531.61,1458218557,49.65,-7.49,-11.56,4.06,586.9,523.29,459.68,523.29,544.15,,24.04,88.86,89.11
2024-08-19 00:00:00+00:00,531.61,560.66,529.61,559.82,1721716619,56.97,-4.13,-10.07,5.94,580.61,521.9,463.19,521.9,543.71,,24.54,99.13,94.82
2024-08-20 00:00:00+00:00,559.82,574.56,559.11,569.27,2062353969,59.11,-0.7,-8.2,7.5,578.94,521.54,464.15,521.54,543.56,,23.89,94.99,94.33
2024-08-21 00:00:00+00:00,569.27,575.09,547.61,570.02,1887431524,59.28,2.06,-6.14,8.2,577.71,521.29,464.87,521.29,543.38,,24.15,95.21,96.44
2024-08-22 00:00:00+00:00,570.02,589.42,561.22,583.05,1998394415,62.27,5.24,-3.87,9.11,585.51,523.29,461.08,523.29,543.91,,24.44,92.86,94.35
2024-08-23 00:00:00+00:00,583.05,597.54,575.77,591.81,2037288685,64.18,8.36,-1.42,9.79,595.77,526.41,457.05,526.41,545.46,,24.25,94.11,94.06
2024-08-24 00:00:00+00:00,591.81,592.77,575.84,580.76,1954023736,60.06,9.84,0.83,9.01,602.55,530.6,458.64,530.6,547.12,,23.72,82.76,89.91
2024-08-25 00:00:00+00:00,580.76,583.94,569.9,574.25,1681089758,57.71,10.36,2.74,7.63,603.42,536.08,468.73,536.08,548.05,,23.03,76.07,84.31
2024-08-26 00:00:00+00:00,574.25,575.98,547.23,548.83,1818728257,49.55,8.63,3.91,4.71,602.25,539.3,476.36,539.3,549.22,,23.44,43.69,67.5
2024-08-27 00:00:00+00:00,548.83,558.21,523.44,533.98,1853530701,45.51,5.98,4.33,1.65,597.41,542.29,487.17,542.29,549.68,,24.25,26.52,48.76
2024-08-28 00:00:00+00:00,533.98,546.11,523.77,536.82,1861040561,46.41,4.07,4.28,-0.21,597.21,543.26,489.32,543.26,550.09,,24.11,29.8,33.34
2024-08-29 00:00:00+00:00,536.82,545.46,532.3,536.63,1577402536,46.35,2.51,3.92,-1.41,596.28,544.64,493.0,544.64,550.33,,23.33,29.58,28.64
2024-08-30 00:00:00+00:00,536.63,542.81,523.06,535.32,1598876190,45.95,1.16,3.37,-2.21,596.11,545.24,494.37,545.24,550.53,,23.07,20.84,26.74
2024-08-31 00:00:00+00:00,535.32,541.17,531.63,532.9,1284869085,45.16,-0.11,2.67,-2.79,594.12,546.69,499.26,546.69,550.52,,22.1,13.21,21.21
2024-09-01 00:00:00+00:00,532.9,532.98,508.72,512.6,1498350087,39.11,-2.72,1.59,-4.32,594.63,546.39,498.16,546.39,550.12,,22.26,4.37,12.81
2024-09-02 00:00:00+00:00,512.6,529.02,502.17,526.44,1653356892,44.56,-3.63,0.55,-4.18,594.53,546.51,498.49,546.51,549.75,,22.58,25.45,14.34
2024-09-03 00:00:00+00:00,526.44,537.96,518.67,518.67,1559458476,42.27,-4.93,-0.55,-4.38,594.85,546.24,497.63,546.24,548.41,,22.35,17.3,15.71
2024-09-04 00:00:00+00:00,518.64,523.47,496.44,507.82,1898187560,39.24,-6.75,-1.79,-4.96,595.89,545.64,495.39,545.64,547.03,,22.68,11.26,18.0
2024-09-05 00:00:00+00:00,507.82,512.63,497.35,502.07,1468645986,37.7,-8.56,-3.14,-5.42,597.5,544.74,491.99,544.74,545.69,,22.15,5.57,11.38
2024-09-06 00:00:00+00:00,502.07,508.82,473.17,486.9,1860035342,33.91,-11.09,-4.73,-6.36,600.75,541.98,483.21,541.98,543.99,,23.12,11.48,9.43
2024-09-07 00:00:00+00:00,486.9,499.11,483.26,493.23,1358748616,36.77,-12.44,-6.27,-6.17,602.64,540.06,477.48,540.06,541.98,,22.6,18.11,11.72
2024-09-08 00:00:00+00:00,493.23,506.43,491.03,503.0,1378399660,41.0,-12.58,-7.53,-5.04,601.16,537.22,473.27,537.22,540.17,,22.08,29.01,19.53
2024-09-09 00:00:00+00:00,503.0,524.61,501.98,518.55,1602303180,47.08,-11.3,-8.29,-3.01,597.29,534.68,472.08,534.68,538.51,,22.12,53.36,33.5
2024-09-10 00:00:00+00:00,518.55,523.91,514.02,517.48,1461007853,46.72,-10.26,-8.68,-1.58,592.8,532.06,471.31,532.06,537.1,,21.25,60.75,47.71
2024-09-11 00:00:00+00:00,517.48,534.51,507.24,530.19,1629703281,51.43,-8.31,-8.61,0.3,585.21,529.41,473.62,529.41,536.06,,21.68,78.88,64.33
2024-09-12 00:00:00+00:00,530.19,547.79,530.15,544.3,1725751181,56.07,-5.56,-8.0,2.44,575.17,527.04,478.91,527.04,535.45,,21.39,95.32,78.32
2024-09-13 00:00:00+00:00,544.3,559.51,539.06,557.02,1745545933,59.8,-2.33,-6.86,4.53,569.35,525.85,482.35,525.85,535.18,,21.32,97.12,90.44
2024-09-14 00:00:00+00:00,557.02,559.39,548.87,553.57,1412065214,58.35,-0.05,-5.5,5.45,564.27,524.82,485.37,524.82,534.63,,20.55,93.12,95.19
2024-09-15 00:00:00+00:00,553.57,561.58,552.36,553.97,1565883242,58.48,1.77,-4.05,5.82,565.24,525.07,484.9,525.07,534.08,,19.74,91.39,93.88
2024-09-16 00:00:00+00:00,553.97,554.7,527.44,533.81,1805132571,50.26,1.57,-2.92,4.49,565.23,525.06,484.9,525.06,533.07,,20.28,68.59,84.37
2024-09-17 00:00:00+00:00,533.81,552.5,529.42,546.01,1617928146,54.43,2.37,-1.87,4.23,566.45,525.52,484.59,525.52,532.5,,20.48,82.39,80.79
2024-09-18 00:00:00+00:00,546.01,559.04,537.51,559.04,1657679444,58.44,4.0,-0.69,4.69,570.01,526.64,483.28,526.64,531.93,,20.55,97.13,82.7
2024-09-19 00:00:00+00:00,559.04,571.72,553.51,566.22,1859308230,60.51,5.81,0.61,5.2,574.93,528.19,481.45,528.19,531.72,,20.39,94.42,91.31
2024-09-20 00:00:00+00:00,566.22,576.91,559.64,568.59,1821452417,61.19,7.35,1.96,5.4,580.07,529.97,479.87,529.97,531.59,,20.16,91.12,94.22
2024-09-21 00:00:00+00:00,568.58,590.03,566.81,589.04,1694887390,66.57,10.11,3.59,6.52,589.65,533.8,477.94,533.8,532.51,,20.38,99.0,94.84
2024-09-22 00:00:00+00:00,589.04,593.95,577.45,588.09,1680179600,66.12,12.07,5.28,6.79,597.61,536.88,476.14,536.88,533.69,,20.1,93.63,94.58
2024-09-23 00:00:00+00:00,588.09,615.72,585.51,604.37,2189508231,69.94,14.78,7.18,7.59,608.25,541.16,474.08,541.16,535.83,,20.83,89.54,94.06
2024-09-24 00:00:00+00:00,604.37,612.61,600.27,606.52,1904808937,70.41,16.9,9.13,7.77,617.25,546.1,474.94,546.1,538.67,,20.22,91.52,91.56
2024-09-25 00:00:00+00:00,606.52,607.76,584.86,587.35,1744393946,61.14,16.84,10.67,6.17,620.62,550.36,480.1,550.36,540.73,,20.41,67.86,82.97
2024-09-26 00:00:00+00:00,587.35,608.85,581.23,596.78,2081857126,63.67,17.35,12.0,5.35,622.3,555.86,489.41,555.86,543.18,,20.93,78.55,79.31
2024-09-27 00:00:00+00:00,596.78,614.47,596.5,607.87,2144197609,66.45,18.44,13.29,5.15,625.0,561.59,498.18,561.59,544.99,,20.72,91.11,79.17
2024-09-28 00:00:00+00:00,607.87,617.33,595.21,601.57,1858159482,63.48,18.58,14.35,4.23,625.95,566.52,507.08,566.52,546.84,,20.82,82.47,84.04
2024-09-29 00:00:00+00:00,601.57,602.66,593.05,596.41,1649655134,61.08,18.07,15.09,2.97,626.73,570.41,514.09,570.41,548.3,,20.02,76.73,83.43
2024-09-30 00:00:00+00:00,596.41,596.44,564.65,567.26,1978021598,49.65,15.13,15.1,0.03,623.48,572.9,522.32,572.9,549.57,,20.86,43.04,67.41
2024-10-01 00:00:00+00:00,567.26,582.43,538.48,548.0,2124076272,43.81,11.12,14.3,-3.18,621.77,573.79,525.81,573.79,550.16,,22.51,13.14,44.3
2024-10-02 00:00:00+00:00,548.0,558.0,536.15,542.71,1821113448,42.34,7.44,12.93,-5.49,621.9,573.71,525.52,573.71,550.53,,22.46,8.08,21.42
2024-10-03 00:00:00+00:00,542.71,550.51,535.38,544.42,1611934612,43.01,4.6,11.26,-6.67,622.5,573.08,523.66,573.08,550.94,,21.94,11.03,10.75
2024-10-04 00:00:00+00:00,544.42,557.41,542.28,555.38,1518084330,47.22,3.2,9.65,-6.45,622.45,573.17,523.9,573.17,551.65,,21.45,24.41,14.51
2024-10-05 00:00:00+00:00,555.38,564.82,552.34,563.21,1426434745,50.06,2.69,8.26,-5.57,622.32,573.63,524.95,573.63,552.52,,20.81,33.96,23.13
2024-10-06 00:00:00+00:00,563.21,571.43,561.59,570.54,1416593714,52.63,2.84,7.17,-4.33,620.46,575.47,530.48,575.47,553.08,,20.03,42.9,33.76
2024-10-07 00:00:00+00:00,570.54,580.98,564.12,564.15,1703177011,50.2,2.42,6.22,-3.8,619.56,576.38,533.19,576.38,553.73,,19.8,35.11,37.32
2024-10-08 00:00:00+00:00,564.15,585.97,560.29,580.4,2143563900,55.78,3.36,5.65,-2.29,619.88,577.44,535.01,577.44,554.14,,20.22,54.94,44.32
2024-10-09 00:00:00+00:00,580.4,585.07,567.14,570.28,1913652029,51.88,3.25,5.17,-1.92,619.89,577.65,535.4,577.65,554.16,,20.06,42.59,44.21
2024-10-10 00:00:00+00:00,570.28,572.06,551.78,562.73,1559089785,49.13,2.52,4.64,-2.12,619.94,577.35,534.76,577.35,554.02,,20.07,33.37,43.63
2024-10-11 00:00:00+00:00,562.73,577.13,560.07,572.86,1622508791,52.75,2.73,4.26,-1.53,618.81,576.54,534.28,576.54,553.81,,19.86,45.74,40.57
2024-10-12 00:00:00+00:00,572.86,578.71,572.86,576.45,1482994534,54.01,3.16,4.04,-0.88,617.88,575.96,534.05,575.96,553.51,,18.86,61.04,46.72
2024-10-13 00:00:00+00:00,576.45,578.06,565.13,571.82,1472484694,52.09,3.08,3.85,-0.77,614.08,574.34,534.59,574.34,553.33,,18.43,59.68,55.49
2024-10-14 00:00:00+00:00,571.82,591.41,569.97,588.9,1825783992,58.01,4.35,3.95,0.4,610.91,573.45,536.0,573.45,553.62,,18.65,95.52,72.08
2024-10-15 00:00:00+00:00,588.9,598.89,578.49,594.19,2040945899,59.67,5.71,4.3,1.41,611.91,573.8,535.69,573.8,554.53,,18.77,92.6,82.6
2024-10-16 00:00:00+00:00,594.19,605.1,589.93,600.82,1918592073,61.72,7.25,4.89,2.36,612.66,574.0,535.34,574.0,555.87,,18.52,93.86,93.99
2024-10-17 00:00:00+00:00,600.82,605.83,585.72,592.04,1739191571,57.56,7.67,5.44,2.22,609.53,573.21,536.89,573.21,556.97,,18.63,78.3,88.25
2024-10-18 00:00:00+00:00,592.04,602.17,591.7,599.36,1638190792,59.98,8.49,6.05,2.44,609.06,573.1,537.13,573.1,558.22,,18.05,88.03,86.73
2024-10-19 00:00:00+00:00,599.36,601.0,595.73,597.97,1432675869,59.29,8.93,6.63,2.3,609.36,573.17,536.99,573.17,559.48,,17.13,85.46,83.93
2024-10-20 00:00:00+00:00,597.97,606.32,593.74,605.52,1608355248,61.86,9.77,7.26,2.52,613.91,575.09,536.27,575.09,560.93,,16.81,98.53,90.67
2024-10-21 00:00:00+00:00,605.52,610.92,591.7,598.82,1917193200,58.34,9.79,7.76,2.02,615.63,577.63,539.63,577.63,562.65,,16.98,79.54,87.84
2024-10-22 00:00:00+00:00,598.82,599.52,587.2,593.36,1739710555,55.56,9.25,8.06,1.19,614.98,580.16,545.34,580.16,563.99,,16.65,70.31,82.79
2024-10-23 00:00:00+00:00,593.36,593.81,573.09,582.47,1719055847,50.4,7.86,8.02,-0.16,612.55,582.06,551.58,582.06,565.27,,16.94,51.89,67.25
2024-10-24 00:00:00+00:00,584.65,597.53,583.03,594.15,1595144217,55.2,7.61,7.94,-0.33,612.18,584.0,555.82,584.0,567.0,,16.8,67.02,63.07
2024-10-25 00:00:00+00:00,594.15,596.95,567.06,574.25,1712373877,46.87,5.74,7.5,-1.76,611.42,584.55,557.68,584.55,568.44,,17.74,19.92,46.28
2024-10-26 00:00:00+00:00,574.25,586.17,571.33,582.81,1433826425,50.34,4.89,6.98,-2.08,611.24,585.17,559.1,585.17,570.36,,17.53,38.61,41.85
2024-10-27 00:00:00+00:00,582.81,590.12,581.26,588.72,1402058513,52.64,4.65,6.51,-1.87,610.54,586.4,562.25,586.4,572.27,,16.91,49.38,35.97
2024-10-28 00:00:00+00:00,588.72,603.72,585.12,600.6,1671332663,56.96,5.35,6.28,-0.93,612.18,587.41,562.63,587.41,574.22,,17.03,76.47,54.82
2024-10-29 00:00:00+00:00,600.6,611.78,599.95,605.67,1886358424,58.69,6.24,6.27,-0.03,613.85,589.18,564.5,589.18,575.96,,16.66,86.34,70.73
2024-10-30 00:00:00+00:00,605.67,606.07,594.45,595.73,1662620787,54.1,6.07,6.23,-0.16,612.26,590.83,569.4,590.83,577.53,,16.3,64.11,75.64
2024-10-31 00:00:00+00:00,595.73,596.07,571.43,576.03,1810695051,46.36,4.3,5.85,-1.54,611.9,590.98,570.07,590.98,578.44,,16.9,20.06,56.84
2024-11-01 00:00:00+00:00,576.03,584.8,568.16,572.76,1708220753,45.2,2.61,5.2,-2.59,612.31,590.8,569.29,590.8,579.01,,16.88,12.75,32.3
2024-11-02 00:00:00+00:00,572.76,576.42,562.95,568.04,1427236241,43.51,0.87,4.33,-3.46,612.87,590.61,568.35,590.61,579.23,,16.64,10.42,14.41
2024-11-03 00:00:00+00:00,568.04,569.05,547.82,557.64,1584005358,39.97,-1.33,3.2,-4.53,615.76,589.05,562.33,589.05,579.31,,16.96,15.35,12.84
2024-11-04 00:00:00+00:00,557.64,564.2,543.91,552.07,1580672363,38.18,-3.48,1.86,-5.34,618.2,586.94,555.68,586.94,579.28,,17.2,12.02,12.6
2024-11-05 00:00:00+00:00,552.07,571.97,551.25,563.61,1513727150,43.8,-4.21,0.65,-4.86,617.28,585.08,552.88,585.08,579.87,,17.45,29.03,18.8
2024-11-06 00:00:00+00:00,563.61,594.86,563.28,592.0,2342544855,54.71,-2.46,0.03,-2.49,617.27,585.08,552.88,585.08,580.79,,18.46,70.86,37.3
2024-11-07 00:00:00+00:00,592.0,610.32,588.66,598.44,1970633102,56.76,-0.55,-0.09,-0.47,617.15,585.03,552.92,585.03,581.58,,18.69,80.34,60.08
2024-11-08 00:00:00+00:00,598.44,605.92,589.55,597.95,1878681588,56.55,0.91,0.11,0.8,617.14,585.03,552.92,585.03,582.21,,18.52,79.62,76.94
2024-11-09 00:00:00+00:00,597.95,637.84,597.85,624.37,2739276599,64.23,4.15,0.92,3.23,621.54,585.97,550.41,585.97,583.33,,20.06,85.66,81.88
2024-11-10 00:00:00+00:00,624.37,643.66,613.57,628.3,2965668641,65.21,6.96,2.13,4.83,627.42,587.45,547.47,587.45,584.12,,20.77,84.6,83.29
2024-11-11 00:00:00+00:00,628.3,664.14,614.02,661.89,3375111971,72.25,11.76,4.05,7.7,642.91,590.88,538.84,590.88,585.59,,22.87,98.13,89.46
2024-11-12 00:00:00+00:00,661.89,666.92,613.62,627.0,3603680244,58.92,12.6,5.76,6.84,647.39,593.1,538.82,593.1,586.04,,25.04,67.55,83.43
2024-11-13 00:00:00+00:00,627.0,638.89,600.52,621.0,3294001434,56.98,12.64,7.14,5.5,650.15,594.44,538.74,594.44,586.33,,26.0,62.67,76.12
2024-11-14 00:00:00+00:00,621.0,659.53,612.53,621.68,3392713356,57.15,12.58,8.22,4.35,652.94,596.82,540.69,596.82,587.02,,27.5,63.22,64.48
2024-11-15 00:00:00+00:00,621.68,628.17,604.23,618.87,2547491086,56.15,12.16,9.01,3.15,655.16,598.62,542.08,598.62,587.46,,27.24,60.94,62.28
2024-11-16 00:00:00+00:00,618.99,633.49,617.87,622.37,2115528251,57.15,11.98,9.61,2.37,657.6,600.3,543.0,600.3,587.75,,26.41,63.78,62.65
2024-11-17 00:00:00+00:00,622.37,646.45,606.19,618.4,2452647630,55.59,11.38,9.96,1.42,659.06,601.19,543.32,601.19,588.09,,27.4,60.56,61.76
2024-11-18 00:00:00+00:00,618.4,629.1,613.06,619.44,2284855769,55.93,10.87,10.14,0.72,660.3,601.88,543.46,601.88,588.55,,26.59,58.95,61.1
2024-11-19 00:00:00+00:00,619.44,621.58,606.56,615.99,2075194269,54.44,10.06,10.13,-0.06,661.56,602.89,544.22,602.89,589.52,,25.76,50.86,56.79
2024-11-20 00:00:00+00:00,615.99,620.47,600.77,606.12,2115915285,50.32,8.53,9.81,-1.27,661.7,604.4,547.1,604.4,590.69,,25.33,22.31,44.04
2024-11-21 00:00:00+00:00,606.12,629.36,594.55,622.83,2698689844,56.35,8.57,9.56,-0.99,662.74,606.9,551.07,606.9,592.29,,26.01,43.01,38.73
2024-11-22 00:00:00+00:00,622.83,639.73,617.45,633.51,2447537777,59.71,9.35,9.52,-0.17,664.06,610.17,556.29,610.17,594.07,,25.74,53.83,39.72
2024-11-23 00:00:00+00:00,633.51,679.42,632.25,651.2,3306614137,64.58,11.27,9.87,1.4,665.69,614.85,564.01,614.85,595.99,,27.27,66.75,54.53
2024-11-24 00:00:00+00:00,651.2,687.34,638.92,660.32,3110188599,66.81,13.37,10.57,2.8,665.73,620.26,574.8,620.26,597.93,,28.78,70.88,63.82
2024-11-25 00:00:00+00:00,660.32,675.96,627.27,636.64,2787672069,56.82,12.98,11.05,1.93,661.22,623.92,586.62,623.92,599.25,,30.2,45.36,61.0
2024-11-26 00:00:00+00:00,636.64,645.29,600.99,613.59,2637257322,49.12,10.68,10.98,-0.3,659.56,625.0,590.43,625.0,600.24,,31.21,20.52,45.59
2024-11-27 00:00:00+00:00,613.59,646.85,608.62,644.95,2393610865,57.55,11.26,11.04,0.23,660.59,627.32,594.05,627.32,601.53,,31.71,54.32,40.07
2024-11-28 00:00:00+00:00,644.95,663.02,641.62,654.36,2597378212,59.71,12.34,11.3,1.04,662.48,630.14,597.8,630.14,603.21,,30.98,64.46,46.43
2024-11-29 00:00:00+00:00,654.36,663.32,649.16,654.81,2098059690,59.81,13.08,11.65,1.43,665.68,631.66,597.65,631.66,605.05,,29.77,64.94,61.24
2024-11-30 00:00:00+00:00,654.81,676.92,648.89,654.33,2273610461,59.63,13.47,12.02,1.46,668.4,632.96,597.53,632.96,606.68,,29.65,64.43,64.61
2024-12-01 00:00:00+00:00,654.33,664.29,646.6,655.93,2055110342,60.06,13.75,12.36,1.39,667.17,632.67,598.17,632.67,608.27,,28.8,66.15,65.17
2024-12-02 00:00:00+00:00,655.93,667.42,629.91,647.59,2641248821,56.68,13.15,12.52,0.63,668.71,633.7,598.68,633.7,609.79,,29.42,57.16,62.58
2024-12-03 00:00:00+00:00,647.7,744.78,625.97,737.7,4177512806,73.82,19.72,13.96,5.76,697.2,639.53,581.86,639.53,612.76,,35.8,95.29,72.87
2024-12-04 00:00:00+00:00,737.7,793.35,723.54,739.25,5614818578,74.01,24.76,16.12,8.64,717.57,645.41,573.25,645.41,615.67,,38.23,72.79,75.08
2024-12-05 00:00:00+00:00,739.25,739.95,695.94,714.32,3771629643,65.73,26.44,18.19,8.26,727.4,650.18,572.97,650.18,617.94,,38.65,58.92,75.66
2024-12-06 00:00:00+00:00,717.96,746.13,708.44,732.01,2870854029,68.43,28.87,20.32,8.55,739.82,655.66,571.51,655.66,620.73,,38.58,68.11,66.6
2024-12-07 00:00:00+00:00,732.01,761.09,730.87,750.27,2326982728,70.97,31.9,22.64,9.26,754.41,662.26,570.11,662.26,623.75,,37.98,77.6,68.21
2024-12-08 00:00:00+00:00,751.73,757.59,729.05,743.3,2035017685,68.7,33.35,24.78,8.57,765.03,668.45,571.88,668.45,626.66,,37.31,73.98,73.23
2024-12-09 00:00:00+00:00,743.3,743.3,662.24,689.92,3267965774,54.34,29.85,25.8,4.06,765.89,672.15,578.41,672.15,628.35,,40.43,46.23,65.94
2024-12-10 00:00:00+00:00,689.92,704.56,650.6,676.98,3102408468,51.53,25.74,25.78,-0.05,764.13,675.69,587.25,675.69,629.91,,41.4,37.01,52.41
2024-12-11 00:00:00+00:00,676.98,712.88,660.15,711.81,2276828057,57.85,25.0,25.63,-0.63,766.3,680.14,593.98,680.14,632.28,,42.21,51.28,44.84
2024-12-12 00:00:00+00:00,711.81,725.22,700.11,705.94,2393129125,56.51,23.67,25.24,-1.57,767.73,683.76,599.79,683.76,634.75,,40.99,47.78,45.36
2024-12-13 00:00:00+00:00,705.94,729.63,698.5,726.25,2449855057,59.96,23.98,24.98,-1.01,772.06,687.51,602.96,687.51,637.39,,40.28,59.91,52.99
2024-12-14 00:00:00+00:00,726.25,731.66,705.54,715.7,1957844883,57.41,23.1,24.61,-1.51,774.71,690.28,605.85,690.28,640.22,,39.27,53.61,53.77
2024-12-15 00:00:00+00:00,715.7,723.07,703.18,719.13,1831103596,58.04,22.43,24.17,-1.74,775.81,694.41,613.01,694.41,642.95,,37.89,55.66,56.39
2024-12-16 00:00:00+00:00,719.13,730.0,704.34,720.33,2276490785,58.27,21.74,23.69,-1.95,772.35,699.74,627.13,699.74,645.58,,37.01,56.37,55.21
2024-12-17 00:00:00+00:00,720.33,735.76,713.73,716.68,2363860623,57.24,20.66,23.08,-2.42,771.5,703.33,635.17,703.33,647.9,,35.94,46.29,52.77
2024-12-18 00:00:00+00:00,716.72,721.76,686.66,687.62,2702479586,49.7,17.26,21.92,-4.65,769.66,704.99,640.33,704.99,649.54,,35.88,33.51,45.39
2024-12-19 00:00:00+00:00,687.62,704.49,651.04,666.57,2806454484,45.08,12.72,20.08,-7.35,768.52,705.58,642.64,705.58,650.96,,37.14,14.45,31.42
2024-12-20 00:00:00+00:00,666.57,679.44,619.5,678.09,3064285256,47.93,9.94,18.05,-8.11,766.45,706.77,647.09,706.77,653.0,,38.77,41.38,29.78
2024-12-21 00:00:00+00:00,678.09,692.64,652.61,663.28,2185739949,44.71,6.47,15.73,-9.27,765.57,707.14,648.7,707.14,654.81,,38.86,31.7,29.18
2024-12-22 00:00:00+00:00,663.27,668.83,639.61,648.7,1091595586,41.74,2.51,13.09,-10.58,765.39,707.19,648.99,707.19,656.42,,38.17,23.59,32.22
2024-12-23 00:00:00+00:00,648.7,697.4,637.97,693.0,1738271695,52.15,2.91,11.05,-8.14,761.64,704.96,648.28,704.96,659.13,,39.69,63.22,39.5
2024-12-24 00:00:00+00:00,693.0,698.44,682.0,696.74,1145844254,52.92,3.49,9.54,-6.05,757.24,702.83,648.42,702.83,662.02,,38.03,66.44,51.08
2024-12-25 00:00:00+00:00,696.74,711.99,695.96,702.33,893387310,54.1,4.36,8.51,-4.15,756.37,702.23,648.09,702.23,664.8,,36.45,71.25,66.97
2024-12-26 00:00:00+00:00,702.33,718.16,683.26,688.36,1253518341,50.68,3.87,7.58,-3.71,752.63,700.05,647.47,700.05,666.72,,36.34,59.23,65.64
2024-12-27 00:00:00+00:00,688.35,709.65,685.2,690.43,1884726979,51.17,3.61,6.78,-3.18,744.13,697.06,649.99,697.06,668.56,,35.49,61.01,63.83
2024-12-28 00:00:00+00:00,690.43,729.32,690.43,720.96,1890880986,57.86,5.79,6.59,-0.79,739.31,695.94,652.58,695.94,671.02,,35.74,87.27,69.17
2024-12-29 00:00:00+00:00,720.96,722.77,689.48,693.75,1647228348,51.13,5.27,6.32,-1.05,739.42,696.13,652.85,696.13,672.41,,35.56,63.87,70.72
2024-12-30 00:00:00+00:00,693.75,711.04,686.91,704.15,1790325219,53.36,5.63,6.19,-0.55,739.94,697.49,655.04,697.49,673.93,,34.75,72.81,74.65
2024-12-31 00:00:00+00:00,704.15,713.6,698.03,700.99,2372886701,52.58,5.6,6.07,-0.47,738.91,696.95,654.99,696.95,674.71,590.19,33.38,74.2,70.29
2025-01-01 00:00:00+00:00,700.99,709.2,699.76,706.51,1420234997,53.86,5.95,6.04,-0.09,738.96,696.98,654.99,696.98,676.3,590.68,31.67,79.23,75.41
2025-01-02 00:00:00+00:00,706.51,714.44,697.7,705.68,1880664942,53.62,6.09,6.05,0.04,735.87,695.95,656.03,695.95,677.99,591.16,30.6,78.47,77.3
2025-01-03 00:00:00+00:00,705.68,715.1,697.55,713.64,1822243906,55.61,6.77,6.2,0.57,735.56,695.85,656.13,695.85,679.83,591.71,29.67,82.84,80.18
2025-01-04 00:00:00+00:00,713.64,721.16,708.85,713.84,1524500208,55.67,7.23,6.4,0.83,734.71,695.58,656.45,695.58,681.73,592.33,28.43,83.05,81.45
2025-01-05 00:00:00+00:00,713.84,713.84,703.0,709.26,1411808759,54.12,7.15,6.55,0.6,732.98,695.03,657.08,695.03,683.47,592.88,27.17,78.04,81.31
2025-01-06 00:00:00+00:00,709.26,745.15,706.19,729.4,2056633884,59.46,8.62,6.97,1.65,735.52,695.67,655.81,695.67,685.69,593.6,28.01,75.06,78.72
2025-01-07 00:00:00+00:00,729.39,733.09,691.55,697.37,2200352831,49.57,7.11,6.99,0.11,735.83,696.15,656.47,696.15,687.25,594.15,28.98,22.8,58.63
2025-01-08 00:00:00+00:00,697.37,706.76,677.12,695.84,2189465209,49.15,5.72,6.74,-1.02,734.78,697.62,660.45,697.62,688.85,594.68,29.03,27.52,41.79
2025-01-09 00:00:00+00:00,695.84,700.97,675.73,685.12,1931492677,46.2,3.72,6.14,-2.42,734.48,697.97,661.45,697.97,690.43,595.22,28.76,13.53,21.28
2025-01-10 00:00:00+00:00,685.12,700.47,683.69,693.62,1680784122,48.83,2.78,5.46,-2.68,732.26,699.48,666.71,699.48,691.84,595.85,27.9,25.77,22.27
2025-01-11 00:00:00+00:00,693.62,700.77,690.46,696.66,1290072226,49.77,2.26,4.82,-2.56,724.44,701.88,679.32,701.88,693.1,596.44,26.64,30.15,23.15
2025-01-12 00:00:00+00:00,696.66,698.0,689.89,693.05,1291862069,48.62,1.54,4.17,-2.63,724.44,701.88,679.33,701.88,693.94,597.04,25.32,24.95,26.96
2025-01-13 00:00:00+00:00,693.05,699.48,659.76,688.27,2127442444,47.07,0.57,3.45,-2.88,724.73,701.46,678.19,701.46,694.5,597.58,26.35,33.39,29.5
2025-01-14 00:00:00+00:00,688.27,699.81,686.43,698.62,1566844744,50.73,0.64,2.89,-2.25,724.58,701.28,677.98,701.28,695.74,598.24,25.42,45.51,34.62
2025-01-15 00:00:00+00:00,698.62,714.66,688.76,714.03,1856118408,55.65,1.91,2.69,-0.78,725.69,702.56,679.43,702.56,697.75,598.97,25.46,63.56,47.48
2025-01-16 00:00:00+00:00,714.07,717.03,701.2,708.3,1899114340,53.51,2.42,2.64,-0.21,725.98,703.45,680.92,703.45,699.02,599.6,24.77,56.85,55.3
2025-01-17 00:00:00+00:00,708.3,729.85,708.19,721.75,1946000436,57.63,3.87,2.88,0.99,726.16,703.49,680.83,703.49,700.36,600.32,24.55,72.6,64.33
2025-01-18 00:00:00+00:00,721.75,723.09,695.22,709.42,2200623289,52.99,3.98,3.1,0.88,726.6,704.28,681.95,704.28,701.46,600.98,24.78,58.16,62.53
2025-01-19 00:00:00+00:00,709.42,713.47,676.85,682.2,2841079952,44.49,1.85,2.85,-1.0,727.59,703.18,678.77,703.18,702.01,601.6,25.63,26.28,52.34
2025-01-20 00:00:00+00:00,682.2,707.58,672.19,681.8,2865652878,44.38,0.13,2.31,-2.18,728.44,702.22,676.0,702.22,702.53,602.44,26.33,30.06,38.16
2025-01-21 00:00:00+00:00,681.8,696.92,675.45,691.82,2008007873,47.94,-0.42,1.76,-2.19,728.02,701.48,674.95,701.48,703.42,603.41,25.98,45.74,34.03
2025-01-22 00:00:00+00:00,691.82,703.27,690.27,694.98,1762077789,49.04,-0.6,1.29,-1.89,727.56,700.95,674.34,700.95,702.56,604.25,25.05,50.25,42.02
2025-01-23 00:00:00+00:00,694.96,697.0,681.06,690.2,2277458782,47.4,-1.11,0.81,-1.92,726.09,699.78,673.46,699.78,701.58,605.25,24.4,43.43,46.47
2025-01-24 00:00:00+00:00,690.2,690.84,679.09,680.21,1730218663,44.08,-2.3,0.19,-2.49,724.92,698.1,671.27,698.1,700.9,606.1,23.5,29.18,40.95
2025-01-25 00:00:00+00:00,680.21,689.46,678.11,686.27,1457363671,46.53,-2.72,-0.39,-2.32,723.73,696.95,670.16,696.95,699.98,606.94,22.63,37.82,36.81
2025-01-26 00:00:00+00:00,686.27,690.32,665.04,666.76,1529267261,40.4,-4.57,-1.23,-3.34,719.23,693.81,668.4,693.81,698.31,607.66,22.82,9.99,25.66
2025-01-27 00:00:00+00:00,666.76,679.91,639.96,679.79,2295184879,45.56,-4.93,-1.97,-2.96,719.04,692.94,666.83,692.94,697.04,608.43,24.04,44.31,30.71
2025-01-28 00:00:00+00:00,679.79,682.86,659.58,661.42,1659082131,40.27,-6.62,-2.9,-3.72,720.82,691.21,661.61,691.21,696.47,609.07,23.99,23.87,26.06
2025-01-29 00:00:00+00:00,661.43,678.99,660.23,667.69,1716776649,42.71,-7.37,-3.79,-3.58,721.68,690.34,659.01,690.34,696.29,609.74,23.62,30.85,33.01
2025-01-30 00:00:00+00:00,667.73,682.32,666.65,677.55,1506319921,46.43,-7.09,-4.45,-2.64,721.34,689.54,657.74,689.54,695.6,610.41,23.05,41.82,32.18
2025-01-31 00:00:00+00:00,677.56,689.22,673.79,677.38,1589542506,46.37,-6.8,-4.92,-1.88,720.64,688.58,656.51,688.58,695.03,610.86,22.5,45.01,39.23
2025-02-01 00:00:00+00:00,677.34,681.22,651.13,653.43,1544346912,39.22,-8.41,-5.62,-2.79,722.19,686.59,651.0,686.59,693.57,611.25,23.05,18.32,35.05
2025-02-02 00:00:00+00:00,653.43,662.63,602.76,617.6,2282982721,31.41,-12.43,-6.98,-5.45,730.14,683.06,635.98,683.06,691.61,611.49,25.68,14.16,25.83
2025-02-03 00:00:00+00:00,617.6,619.11,519.19,617.12,3960962742,31.32,-15.48,-8.68,-6.8,733.86,678.99,624.12,678.99,689.57,611.72,30.98,53.2,28.56
2025-02-04 00:00:00+00:00,617.12,619.34,559.26,573.33,2336864401,24.44,-21.18,-11.18,-10.0,741.91,671.95,601.99,671.95,686.63,611.62,33.06,29.41,32.26
2025-02-05 00:00:00+00:00,573.33,578.96,562.07,569.75,1494467850,23.98,-25.69,-14.08,-11.61,746.34,665.02,583.7,665.02,683.69,611.5,31.9,28.43,37.02
2025-02-06 00:00:00+00:00,569.75,589.01,569.6,572.27,1722558011,25.06,-28.74,-17.01,-11.72,744.22,657.55,570.88,657.55,681.39,611.35,31.01,30.92,29.59
2025-02-07 00:00:00+00:00,572.27,589.62,571.28,578.07,1583843573,27.6,-30.33,-19.68,-10.65,740.94,650.98,561.02,650.98,679.62,611.3,30.11,34.41,31.25
2025-02-08 00:00:00+00:00,578.07,633.06,574.04,613.32,2087349099,40.76,-28.42,-21.43,-6.99,737.74,647.54,557.33,647.54,678.32,611.45,32.17,55.0,40.11
2025-02-09 00:00:00+00:00,613.32,647.79,603.4,616.64,2630256614,41.83,-26.34,-22.41,-3.93,733.98,644.28,554.58,644.28,677.39,611.67,33.04,57.31,48.91
2025-02-10 00:00:00+00:00,616.64,621.42,597.06,618.31,1860480297,42.4,-24.27,-22.78,-1.49,728.1,640.6,553.11,640.6,676.78,611.9,32.42,58.3,56.87
2025-02-11 00:00:00+00:00,618.31,646.1,615.69,642.59,2162944541,50.0,-20.44,-22.31,1.87,721.68,637.98,554.29,637.98,675.77,612.21,32.28,72.58,62.73
2025-02-12 00:00:00+00:00,642.59,704.7,627.57,698.04,3007130370,62.25,-12.78,-20.4,7.63,723.17,638.38,553.59,638.38,675.8,612.79,35.48,96.41,75.76
2025-02-13 00:00:00+00:00,698.04,730.83,660.65,668.28,5139846836,54.53,-9.01,-18.12,9.12,721.49,637.78,554.07,637.78,675.12,613.21,37.96,70.45,79.81
2025-02-14 00:00:00+00:00,668.28,684.0,652.47,658.04,2581045409,52.13,-6.76,-15.85,9.09,717.55,636.37,555.19,636.37,674.51,613.63,37.5,65.61,77.49
2025-02-15 00:00:00+00:00,658.04,670.76,654.47,662.33,1794465917,53.06,-4.59,-13.6,9.01,717.0,636.15,555.29,636.15,673.95,614.0,35.99,67.63,67.9
2025-02-16 00:00:00+00:00,662.33,685.09,654.38,674.1,2009553142,55.61,-1.89,-11.26,9.36,716.11,635.86,555.62,635.86,673.01,614.49,35.61,73.2,68.81
2025-02-17 00:00:00+00:00,674.1,681.63,659.29,667.23,1942930816,53.78,-0.31,-9.07,8.76,716.83,636.15,555.48,636.15,672.48,614.95,34.66,62.93,67.92
2025-02-18 00:00:00+00:00,667.24,667.76,630.66,647.44,1985512627,48.78,-0.64,-7.38,6.74,714.65,635.14,555.63,635.14,671.35,615.48,34.84,50.59,62.24
2025-02-19 00:00:00+00:00,647.44,659.99,638.14,653.51,1916599180,50.3,-0.41,-5.99,5.58,711.45,633.94,556.42,633.94,670.4,616.1,33.91,52.04,55.19
2025-02-20 00:00:00+00:00,653.51,658.93,646.67,657.2,1709065792,51.25,0.07,-4.78,4.85,708.57,632.93,557.29,632.93,669.41,616.9,32.36,53.85,52.16
2025-02-21 00:00:00+00:00,657.2,668.0,635.34,646.9,1926193637,48.47,-0.38,-3.9,3.52,707.92,632.6,557.28,632.6,668.24,617.81,32.38,46.47,50.79
2025-02-22 00:00:00+00:00,646.9,679.12,645.65,668.57,1899367077,54.12,1.01,-2.92,3.92,711.77,635.15,558.53,635.15,667.33,618.73,32.46,53.46,51.26
2025-02-23 00:00:00+00:00,668.57,671.07,648.98,657.9,1502735946,51.15,1.23,-2.09,3.31,713.96,637.19,560.42,637.19,666.22,619.65,31.72,45.48,48.47
2025-02-24 00:00:00+00:00,657.9,659.15,612.82,613.96,1901201673,41.12,-2.12,-2.09,-0.03,710.85,639.22,567.59,639.22,664.31,620.13,32.76,0.97,33.3
2025-02-25 00:00:00+00:00,613.96,627.24,589.27,622.94,2591258749,43.56,-4.0,-2.48,-1.53,706.23,641.88,577.53,641.88,662.18,620.7,33.14,23.78,23.41
2025-02-26 00:00:00+00:00,622.94,630.82,595.27,610.69,1996066325,41.06,-6.41,-3.26,-3.14,701.34,643.8,586.27,643.8,660.45,621.14,33.31,15.13,13.29
2025-02-27 00:00:00+00:00,610.69,618.63,595.8,605.12,1866447677,39.94,-8.66,-4.34,-4.32,697.19,645.16,593.12,645.16,658.63,621.64,32.56,16.54,18.49
2025-02-28 00:00:00+00:00,605.12,605.4,559.97,587.45,2166029990,36.54,-11.74,-5.82,-5.92,700.33,643.86,587.39,643.86,656.68,621.99,33.48,21.96,17.88
2025-03-01 00:00:00+00:00,587.45,608.9,586.59,607.51,1694454521,42.53,-12.42,-7.14,-5.28,700.94,643.41,585.87,643.41,654.96,622.4,32.68,38.0,25.5
2025-03-02 00:00:00+00:00,607.51,634.54,602.63,622.94,2130538305,46.7,-11.58,-8.03,-3.55,700.78,643.64,586.49,643.64,653.48,622.9,32.63,51.76,37.24
2025-03-03 00:00:00+00:00,622.94,623.3,568.54,575.17,2161303026,37.6,-14.6,-9.34,-5.25,705.1,640.27,575.43,640.27,651.12,623.18,34.21,12.76,34.17
2025-03-04 00:00:00+00:00,575.17,587.87,551.69,583.59,1969539538,39.83,-16.12,-10.7,-5.43,698.1,634.54,570.98,634.54,649.03,623.49,34.35,25.03,29.85
2025-03-05 00:00:00+00:00,583.59,604.54,581.32,597.98,1534770591,43.53,-15.99,-11.76,-4.23,694.51,631.03,567.55,631.03,647.02,623.77,33.55,36.33,24.71
2025-03-06 00:00:00+00:00,597.98,612.03,589.89,596.72,1621101888,43.28,-15.8,-12.57,-3.24,691.87,627.96,564.06,627.96,644.67,624.1,32.74,35.34,32.23
2025-03-07 00:00:00+00:00,596.72,609.43,579.37,593.96,1866542048,42.7,-15.7,-13.19,-2.5,688.02,624.54,561.06,624.54,642.38,624.27,32.55,33.17,34.94
2025-03-08 00:00:00+00:00,593.96,601.65,591.71,593.08,1147671365,42.5,-15.5,-13.65,-1.85,680.92,620.49,560.06,620.49,639.81,624.39,30.93,34.67,34.39
2025-03-09 00:00:00+00:00,593.08,593.1,551.15,554.58,1540503120,34.95,-18.25,-14.57,-3.67,677.89,614.86,551.83,614.86,636.71,624.31,31.72,3.18,23.67
2025-03-10 00:00:00+00:00,554.58,572.05,525.0,532.12,1896805158,31.43,-21.98,-16.05,-5.93,680.16,609.09,538.02,609.09,633.71,624.06,32.81,6.5,14.78
2025-03-11 00:00:00+00:00,532.11,565.16,509.84,551.47,2438043846,37.28,-23.11,-17.47,-5.65,676.28,603.99,531.71,603.99,631.11,623.85,34.42,33.38,14.35
2025-03-12 00:00:00+00:00,551.47,574.42,545.27,569.89,1792696031,42.32,-22.27,-18.43,-3.84,668.86,599.63,530.39,599.63,628.67,623.8,34.05,48.16,29.35
2025-03-13 00:00:00+00:00,569.89,603.41,568.13,579.22,2402408414,44.75,-20.6,-18.86,-1.74,662.29,596.24,530.19,596.24,626.35,623.82,34.13,55.64,45.73
2025-03-14 00:00:00+00:00,579.22,589.16,577.25,587.14,1535548122,46.79,-18.44,-18.78,0.34,648.82,592.17,535.52,592.17,624.29,624.02,32.55,61.99,55.26
2025-03-15 00:00:00+00:00,587.11,619.5,587.08,619.49,1403335470,54.24,-13.95,-17.81,3.86,639.66,590.25,540.84,590.25,623.08,624.44,32.54,87.93,68.52
2025-03-16 00:00:00+00:00,619.49,621.36,593.96,602.22,1437680152,50.2,-11.65,-16.58,4.93,638.16,589.66,541.17,589.66,621.4,624.77,32.17,81.42,77.11
2025-03-17 00:00:00+00:00,602.21,643.04,602.21,631.36,2488514984,56.13,-7.39,-14.74,7.35,639.92,590.08,540.25,590.08,620.69,625.24,32.79,91.23,86.86
2025-03-18 00:00:00+00:00,631.35,642.89,622.4,628.13,2175151767,55.35,-4.23,-12.64,8.41,642.88,590.96,539.04,590.96,619.65,625.71,31.91,88.81,87.15
2025-03-19 00:00:00+00:00,628.13,628.14,605.62,619.26,2006233746,53.14,-2.41,-10.59,8.18,644.77,591.66,538.56,591.66,618.81,626.14,31.24,82.15,87.39
2025-03-20 00:00:00+00:00,619.25,637.22,616.96,629.94,2327219768,55.44,-0.1,-8.49,8.39,649.52,593.79,538.06,593.79,618.06,626.73,30.46,90.17,87.04
2025-03-21 00:00:00+00:00,629.94,637.19,625.86,634.61,1472201311,56.45,2.08,-6.38,8.46,653.53,595.14,536.75,595.14,617.2,627.27,29.09,93.67,88.66
2025-03-22 00:00:00+00:00,634.6,635.77,624.2,626.57,1182741851,54.18,3.12,-4.48,7.6,654.1,595.33,536.55,595.33,616.18,627.81,27.84,87.64,90.49
2025-03-23 00:00:00+00:00,626.57,628.97,619.86,623.35,1222239081,53.26,3.64,-2.86,6.5,656.98,597.73,538.49,597.73,615.58,628.39,26.5,85.22,88.84
2025-03-24 00:00:00+00:00,623.35,639.02,619.05,636.64,1788439257,56.55,5.07,-1.27,6.34,661.68,600.39,539.09,600.39,615.96,629.06,26.03,95.2,89.35
2025-03-25 00:00:00+00:00,636.64,644.87,627.44,629.94,2238118522,54.47,5.6,0.1,5.5,664.66,601.98,539.31,601.98,616.22,629.77,25.42,85.01,88.47
2025-03-26 00:00:00+00:00,629.94,634.05,615.85,617.82,1600178624,50.82,4.98,1.08,3.9,666.05,603.04,540.02,603.04,617.11,630.4,24.9,64.75,81.65
2025-03-27 00:00:00+00:00,617.82,641.49,617.68,637.21,2441273622,55.91,5.99,2.06,3.93,669.85,605.2,540.55,605.2,618.46,631.07,24.83,88.67,79.48
2025-03-28 00:00:00+00:00,637.21,637.24,615.93,619.47,1608298526,50.73,5.29,2.71,2.59,671.21,606.52,541.84,606.52,619.4,631.57,24.57,56.05,69.82
2025-03-29 00:00:00+00:00,619.47,623.21,598.22,603.24,1367332800,46.5,3.39,2.84,0.55,668.9,608.95,549.01,608.95,619.9,632.0,24.6,18.23,54.32
2025-03-30 00:00:00+00:00,603.19,612.79,594.21,601.83,1204098085,46.14,1.75,2.63,-0.87,660.51,612.44,564.37,612.44,619.67,632.36,24.17,15.04,29.77
2025-03-31 00:00:00+00:00,601.83,608.5,588.09,605.07,1538796118,47.15,0.71,2.24,-1.53,653.96,615.12,576.28,615.12,619.44,632.66,23.9,29.9,21.06
2025-04-01 00:00:00+00:00,605.07,618.12,604.75,611.3,2091803391,49.13,0.38,1.87,-1.49,649.8,617.19,584.58,617.19,619.3,632.93,23.15,40.88,28.61
2025-04-02 00:00:00+00:00,611.3,611.52,585.12,590.64,1835749587,43.33,-1.53,1.19,-2.72,647.87,617.76,587.65,617.76,618.26,633.12,23.38,9.24,26.67
2025-04-03 00:00:00+00:00,590.64,609.34,579.44,592.12,2067033502,43.84,-2.9,0.37,-3.27,647.12,618.01,588.9,618.01,616.14,633.31,23.85,19.38,23.17
2025-04-04 00:00:00+00:00,592.12,599.48,585.35,597.58,1520730677,45.79,-3.49,-0.4,-3.09,647.41,616.92,586.42,616.92,614.73,633.63,23.16,27.72,18.78
2025-04-05 00:00:00+00:00,597.58,598.55,589.93,593.11,1008300251,44.43,-4.28,-1.18,-3.1,648.13,616.46,584.79,616.46,613.43,633.86,22.12,20.89,22.67
2025-04-06 00:00:00+00:00,593.14,593.46,545.32,554.59,1679604717,34.84,-7.92,-2.53,-5.39,653.85,612.62,571.39,612.62,611.28,633.84,23.98,9.31,19.31
2025-04-07 00:00:00+00:00,554.59,564.79,522.72,554.48,2852045942,34.82,-10.69,-4.16,-6.53,656.94,608.94,560.94,608.94,608.88,633.78,25.27,26.0,18.74
2025-04-08 00:00:00+00:00,554.49,564.94,548.14,553.47,1676208165,34.59,-12.82,-5.89,-6.93,659.35,605.65,551.95,605.65,606.61,633.71,24.66,25.89,20.4
2025-04-09 00:00:00+00:00,553.47,585.6,534.88,582.37,1963610005,45.53,-12.04,-7.12,-4.92,656.65,603.27,549.89,603.27,605.31,633.67,26.52,50.22,34.04
2025-04-10 00:00:00+00:00,582.38,582.39,567.22,577.41,1731740429,44.16,-11.68,-8.03,-3.65,652.84,600.41,547.98,600.41,603.79,633.62,25.71,47.76,41.29
2025-04-11 00:00:00+00:00,577.41,589.86,575.76,586.09,1369541748,47.15,-10.58,-8.54,-2.04,649.68,598.39,547.09,598.39,602.36,633.53,24.88,63.06,53.68
2025-04-12 00:00:00+00:00,586.09,600.06,583.98,597.12,1331878416,50.75,-8.71,-8.57,-0.14,647.0,597.08,547.15,597.08,601.37,633.48,24.26,77.99,62.93
2025-04-13 00:00:00+00:00,597.12,597.51,580.82,584.04,1318461096,46.69,-8.19,-8.5,0.3,641.03,594.44,547.86,594.44,599.68,633.47,23.71,64.28,68.44
2025-04-14 00:00:00+00:00,584.04,592.56,583.4,584.34,1359554984,46.79,-7.67,-8.33,0.66,635.8,592.16,548.53,592.16,598.21,633.4,22.68,64.59,68.95
2025-04-15 00:00:00+00:00,584.33,590.52,579.64,579.69,1329270099,45.3,-7.55,-8.18,0.63,632.49,590.26,548.03,590.26,597.52,633.26,21.83,64.16,64.34
2025-04-16 00:00:00+00:00,579.69,585.41,576.46,582.81,1435912484,46.53,-7.11,-7.96,0.85,623.59,587.54,551.49,587.54,596.72,633.17,20.91,69.37,66.04
2025-04-17 00:00:00+00:00,582.81,592.86,581.2,590.16,1401643770,49.42,-6.1,-7.59,1.49,618.9,586.07,553.25,586.07,596.31,633.14,20.25,87.2,73.58
2025-04-18 00:00:00+00:00,590.16,595.77,587.27,591.76,1418376835,50.06,-5.12,-7.1,1.98,617.45,585.5,553.55,585.5,596.04,633.26,19.41,89.27,81.95
2025-04-19 00:00:00+00:00,591.76,594.14,587.98,591.78,1227124904,50.06,-4.29,-6.53,2.25,616.17,585.0,553.82,585.0,596.13,633.48,18.47,89.29,88.59
2025-04-20 00:00:00+00:00,591.78,595.15,587.77,592.97,1307477245,50.6,-3.49,-5.93,2.44,614.37,584.39,554.41,584.39,595.84,633.73,17.67,90.83,89.8
2025-04-21 00:00:00+00:00,592.97,607.82,592.68,597.41,1430343137,52.63,-2.47,-5.23,2.76,611.63,583.7,555.77,583.7,595.33,634.0,17.49,85.73,88.62
2025-04-22 00:00:00+00:00,597.42,618.99,595.88,618.83,1734142941,60.97,0.06,-4.18,4.24,617.07,585.11,553.15,585.11,596.2,634.31,17.89,99.81,92.12
2025-04-23 00:00:00+00:00,618.83,619.86,601.95,605.82,1834047719,54.67,1.01,-3.14,4.15,618.95,585.79,552.63,585.79,596.64,634.53,17.9,73.33,86.29
2025-04-24 00:00:00+00:00,605.82,606.74,594.4,601.72,1573943361,52.82,1.41,-2.23,3.64,619.52,586.0,552.48,586.0,596.72,634.68,17.5,58.87,77.33
2025-04-25 00:00:00+00:00,601.72,610.18,597.77,600.18,1735398071,52.11,1.59,-1.46,3.05,620.33,586.35,552.37,586.35,596.79,634.86,17.13,54.65,62.28
2025-04-26 00:00:00+00:00,600.19,609.14,600.09,607.7,1507509250,55.29,2.31,-0.71,3.02,620.76,589.01,557.25,589.01,597.06,635.0,16.56,71.98,61.83
2025-04-27 00:00:00+00:00,607.7,608.58,597.93,603.62,1452152303,53.22,2.52,-0.06,2.59,619.34,591.46,563.59,591.46,597.27,635.17,16.14,62.58,63.07
2025-04-28 00:00:00+00:00,603.62,608.15,598.99,606.36,1478956158,54.45,2.88,0.53,2.35,616.25,594.11,571.96,594.11,598.31,635.38,15.64,68.89,67.82
2025-04-29 00:00:00+00:00,606.36,610.64,598.66,601.03,1587553456,51.61,2.7,0.96,1.74,616.67,595.04,573.41,595.04,599.69,635.52,15.38,56.61,62.7
2025-04-30 00:00:00+00:00,601.02,604.48,592.42,599.68,1504095222,50.89,2.42,1.25,1.17,616.2,596.16,576.11,596.16,600.65,635.64,15.14,47.8,57.77
2025-05-01 00:00:00+00:00,599.69,605.14,598.49,599.92,1406049035,51.02,2.2,1.44,0.75,616.37,596.85,577.32,596.85,601.25,635.78,14.53,38.82,47.74
2025-05-02 00:00:00+00:00,599.93,603.51,595.83,601.16,1444818831,51.74,2.09,1.57,0.52,616.67,597.05,577.43,597.05,601.69,635.84,14.04,41.73,42.78
2025-05-03 00:00:00+00:00,601.16,601.29,595.59,599.33,1221915136,50.56,1.84,1.63,0.22,616.47,597.81,579.16,597.81,601.93,635.87,13.45,36.02,38.86
2025-05-04 00:00:00+00:00,599.33,600.44,585.31,586.0,1306600030,42.88,0.56,1.41,-0.85,616.31,597.9,579.48,597.9,601.26,635.79,13.57,2.0,26.58
2025-05-05 00:00:00+00:00,586.0,599.85,584.61,597.69,1465943685,50.04,0.48,1.23,-0.74,615.11,598.8,582.49,598.8,601.17,635.82,13.69,37.11,25.04
2025-05-06 00:00:00+00:00,597.69,602.97,593.6,602.47,1594251780,52.66,0.8,1.14,-0.34,614.3,599.78,585.25,599.78,600.6,635.84,13.38,50.67,29.92
2025-05-07 00:00:00+00:00,602.47,608.99,598.3,603.28,1537003234,53.11,1.1,1.13,-0.03,614.3,600.44,586.57,600.44,600.1,635.86,13.19,71.72,53.17
2025-05-08 00:00:00+00:00,603.28,628.67,601.01,628.66,2061341461,64.45,3.35,1.58,1.77,620.44,602.28,584.12,602.28,600.29,635.98,14.22,99.98,74.12
2025-05-09 00:00:00+00:00,628.65,667.8,623.88,666.88,2418287835,74.47,8.12,2.88,5.24,639.59,606.04,572.48,606.04,601.03,636.32,16.34,98.89,90.2
2025-05-10 00:00:00+00:00,666.89,677.35,649.36,663.62,2282413256,72.59,11.51,4.61,6.9,651.23,609.57,567.91,609.57,601.61,636.67,17.17,85.2,94.69
2025-05-11 00:00:00+00:00,663.62,667.64,648.85,650.63,1906600802,65.5,12.99,6.29,6.71,657.28,612.23,567.18,612.23,602.09,637.01,17.29,71.19,85.09
2025-05-12 00:00:00+00:00,650.63,690.38,648.96,660.48,2609669556,68.05,14.8,7.99,6.81,664.23,614.31,564.39,614.31,602.83,637.34,19.01,71.73,76.04
2025-05-13 00:00:00+00:00,660.48,670.9,641.68,665.57,2108811440,69.31,16.45,9.68,6.77,672.0,617.3,562.6,617.3,603.41,637.8,19.74,76.54,73.15
2025-05-14 00:00:00+00:00,665.61,665.65,648.12,652.57,1876674692,62.52,16.51,11.05,5.47,676.2,619.84,563.48,619.84,603.86,638.15,19.58,64.25,70.84
2025-05-15 00:00:00+00:00,652.57,660.28,643.46,651.26,1888457576,61.86,16.27,12.09,4.18,679.62,622.4,565.17,622.4,604.53,638.46,19.39,63.01,67.94
2025-05-16 00:00:00+00:00,651.26,659.69,644.39,646.32,1634445685,59.33,15.51,12.77,2.73,682.07,624.33,566.58,624.33,604.71,638.69,19.09,58.34,61.87
2025-05-17 00:00:00+00:00,646.32,646.72,635.48,639.62,1449713512,55.98,14.19,13.06,1.14,683.4,626.13,568.86,626.13,605.12,638.86,18.53,52.01,57.79
2025-05-18 00:00:00+00:00,639.62,654.71,635.41,652.16,1592388678,60.48,14.0,13.25,0.76,686.02,628.42,570.81,628.42,606.09,639.14,18.59,63.86,58.07
2025-05-19 00:00:00+00:00,652.12,652.99,634.18,649.85,1595233688,59.27,13.51,13.3,0.21,687.71,630.86,574.01,630.86,607.05,639.51,18.6,58.12,58.0
2025-05-20 00:00:00+00:00,649.85,653.4,641.16,650.33,1512635652,59.45,13.01,13.24,-0.23,688.89,633.39,577.89,633.39,607.96,639.9,18.15,56.51,59.5
2025-05-21 00:00:00+00:00,650.33,677.03,649.13,673.15,2377493291,66.95,14.29,13.45,0.84,692.91,637.05,581.19,637.05,609.2,640.42,18.85,80.72,65.12
2025-05-22 00:00:00+00:00,673.15,688.06,673.13,686.24,2248278627,70.33,16.17,14.0,2.18,698.6,641.31,584.01,641.31,611.11,641.07,18.57,93.77,77.0
2025-05-23 00:00:00+00:00,686.25,690.92,654.88,656.23,1996132529,56.13,15.07,14.21,0.86,698.23,644.15,590.07,644.15,612.39,641.59,19.81,38.86,71.12
2025-05-24 00:00:00+00:00,656.23,676.86,656.13,668.31,1475660792,59.66,15.0,14.37,0.63,695.85,648.27,600.68,648.27,613.81,642.11,19.88,60.15,64.26
2025-05-25 00:00:00+00:00,668.31,671.46,658.15,669.92,1591152958,60.12,14.9,14.47,0.43,693.94,651.88,609.81,651.88,615.34,642.5,19.41,62.99,54.0
2025-05-26 00:00:00+00:00,669.92,677.68,668.9,674.39,1568627598,61.44,15.01,14.58,0.43,691.63,655.47,619.31,655.47,617.74,642.88,18.65,70.87,64.67
2025-05-27 00:00:00+00:00,674.39,695.87,667.23,687.16,2019130226,65.0,15.94,14.85,1.09,689.19,659.67,630.15,659.67,620.39,643.33,19.36,85.88,73.25
2025-05-28 00:00:00+00:00,687.16,688.98,680.67,687.41,1759924602,65.06,16.51,15.19,1.33,690.8,662.6,634.41,662.6,623.07,643.64,18.58,86.29,81.01
2025-05-29 00:00:00+00:00,687.41,690.84,673.93,675.17,1938258667,59.03,15.79,15.31,0.49,691.71,663.02,634.32,663.02,624.93,643.88,18.46,66.45,79.54
2025-05-30 00:00:00+00:00,675.2,678.16,654.65,655.48,1904377880,50.85,13.48,14.94,-1.46,691.5,662.61,633.72,662.61,626.49,643.85,18.82,34.53,62.42
2025-05-31 00:00:00+00:00,655.51,661.31,646.96,658.5,1478599983,51.95,11.75,14.3,-2.55,691.42,663.01,634.59,663.01,627.94,644.0,18.5,39.42,46.8
2025-06-01 00:00:00+00:00,658.5,662.35,648.26,660.99,1468711165,52.89,10.47,13.54,-3.07,691.44,663.03,634.63,663.03,629.21,644.2,18.18,43.46,39.14
2025-06-02 00:00:00+00:00,660.99,666.99,650.45,666.59,1782539875,55.01,9.79,12.79,-3.0,691.51,663.08,634.66,663.08,630.86,644.43,18.07,46.48,43.12
2025-06-03 00:00:00+00:00,666.59,672.7,658.55,661.7,1696519631,52.77,8.75,11.98,-3.23,691.55,663.54,635.53,663.54,632.41,644.64,17.79,30.14,40.03
2025-06-04 00:00:00+00:00,661.7,671.93,661.37,663.71,1561308740,53.61,8.0,11.18,-3.18,691.57,664.16,636.76,664.16,634.09,644.85,17.27,34.25,36.96
2025-06-05 00:00:00+00:00,663.71,670.58,626.68,634.05,1987901562,41.85,4.96,9.94,-4.98,693.1,663.55,634.0,663.55,635.12,644.93,19.17,10.65,25.01
2025-06-06 00:00:00+00:00,634.05,651.38,631.11,643.43,1728825229,45.89,3.26,8.6,-5.34,692.68,663.74,634.79,663.74,636.18,645.05,19.25,24.21,23.04
2025-06-07 00:00:00+00:00,643.44,653.89,640.95,651.15,1468009270,49.03,2.51,7.39,-4.87,692.72,663.69,634.65,663.69,637.37,645.22,18.8,35.37,23.41
2025-06-08 00:00:00+00:00,651.15,656.28,646.93,652.15,1385072458,49.44,1.98,6.3,-4.33,692.62,663.8,634.98,663.8,638.58,645.45,18.12,36.81,32.13
2025-06-09 00:00:00+00:00,652.15,667.71,648.58,665.95,1629752670,54.83,2.64,5.57,-2.93,692.7,664.58,636.46,664.58,640.04,645.67,18.2,56.76,42.98
2025-06-10 00:00:00+00:00,665.95,673.63,657.63,673.61,1849736872,57.54,3.73,5.2,-1.47,692.76,664.61,636.46,664.61,641.56,645.87,18.04,73.15,55.57
2025-06-11 00:00:00+00:00,673.61,673.95,663.14,667.67,1778663531,54.8,4.08,4.98,-0.9,689.99,663.68,637.37,663.68,642.54,645.95,17.52,63.89,64.6
2025-06-12 00:00:00+00:00,667.67,669.52,652.79,656.24,1695465665,49.87,3.39,4.66,-1.27,689.99,663.68,637.37,663.68,643.55,645.93,17.47,57.42,64.82
2025-06-13 00:00:00+00:00,656.25,659.31,641.31,655.26,1964558213,49.46,2.73,4.27,-1.54,689.5,663.03,636.55,663.03,644.62,646.02,17.5,60.46,60.59
2025-06-14 00:00:00+00:00,655.26,655.48,639.63,645.91,1337524307,45.61,1.44,3.71,-2.27,689.15,661.83,634.5,661.83,645.53,646.18,17.39,40.68,52.85
2025-06-15 00:00:00+00:00,645.91,651.7,643.0,648.28,1352632285,46.74,0.6,3.09,-2.49,687.81,660.52,633.23,660.52,646.34,646.2,16.77,45.69,48.95
2025-06-16 00:00:00+00:00,648.28,659.24,646.81,650.96,1588063609,48.06,0.15,2.5,-2.35,683.22,658.71,634.2,658.71,647.29,646.18,16.46,51.36,45.91
2025-06-17 00:00:00+00:00,650.97,659.04,640.85,648.51,1784039065,46.91,-0.4,1.92,-2.32,677.58,656.77,635.95,656.77,648.13,646.15,16.58,46.18,47.75
2025-06-18 00:00:00+00:00,648.51,653.43,637.94,644.81,1667361898,45.17,-1.12,1.31,-2.43,674.8,655.25,635.69,655.25,649.01,646.11,16.5,38.35,45.3
2025-06-19 00:00:00+00:00,644.81,646.43,639.02,644.68,1374982734,45.1,-1.69,0.71,-2.4,674.82,654.71,634.59,654.71,649.91,646.05,15.85,31.68,38.74
2025-06-20 00:00:00+00:00,644.68,649.6,638.66,641.78,1614121225,43.63,-2.34,0.1,-2.44,674.7,653.87,633.04,653.87,650.75,646.02,15.5,10.66,26.9
2025-06-21 00:00:00+00:00,641.78,644.9,624.71,628.75,1486820788,37.67,-3.86,-0.69,-3.17,675.61,652.26,628.91,652.26,651.3,645.48,15.84,8.2,16.85
2025-06-22 00:00:00+00:00,628.75,635.17,602.71,615.99,1895564160,32.93,-6.03,-1.76,-4.27,677.15,649.73,622.31,649.73,651.63,644.86,17.02,18.64,12.5
2025-06-23 00:00:00+00:00,615.99,642.8,615.59,641.3,1783710380,47.14,-5.64,-2.54,-3.11,675.77,648.71,621.65,648.71,652.74,644.49,17.75,54.17,27.0
2025-06-24 00:00:00+00:00,641.3,644.28,636.9,643.74,1498769929,48.28,-5.08,-3.04,-2.03,673.9,647.71,621.52,647.71,653.66,644.05,17.01,57.59,43.47
2025-06-25 00:00:00+00:00,643.74,650.27,642.56,645.92,1653677161,49.33,-4.41,-3.32,-1.09,673.72,648.3,622.89,648.3,654.53,643.53,16.35,64.68,58.81
2025-06-26 00:00:00+00:00,645.92,649.98,641.82,642.41,1439442979,47.65,-4.11,-3.47,-0.63,673.71,648.25,622.8,648.25,655.31,643.03,15.76,70.14,64.14
2025-06-27 00:00:00+00:00,642.41,647.41,640.55,646.15,1358247058,49.62,-3.53,-3.49,-0.04,673.44,648.0,622.57,648.0,655.66,642.81,15.13,76.84,70.55
2025-06-28 00:00:00+00:00,646.15,649.17,644.57,648.75,1185616315,51.0,-2.83,-3.35,0.53,673.2,647.83,622.47,647.83,655.3,642.67,14.37,81.44,76.14
2025-06-29 00:00:00+00:00,648.75,655.6,647.27,655.04,1284469590,54.26,-1.75,-3.03,1.29,671.45,647.29,623.12,647.29,655.12,642.38,13.94,92.57,83.62
2025-06-30 00:00:00+00:00,655.04,659.89,651.87,657.03,1487336817,55.27,-0.72,-2.57,1.85,667.79,646.46,625.12,646.46,655.25,642.14,13.52,95.0,89.67
2025-07-01 00:00:00+00:00,657.03,658.99,644.67,646.4,1382771755,49.02,-0.75,-2.21,1.45,664.26,645.4,626.53,645.4,654.97,641.74,13.58,76.41,87.99
2025-07-02 00:00:00+00:00,646.4,664.79,644.87,660.06,1576434816,55.92,0.32,-1.7,2.02,664.98,645.59,626.19,645.59,654.86,641.46,14.03,92.38,87.93
2025-07-03 00:00:00+00:00,660.06,664.39,657.2,663.32,1512518612,57.4,1.41,-1.08,2.49,666.53,645.99,625.45,645.99,655.08,641.18,13.54,97.63,88.81
2025-07-04 00:00:00+00:00,663.32,664.06,650.71,653.74,1379813703,51.88,1.49,-0.56,2.06,667.21,646.38,625.55,646.38,655.13,640.85,13.53,82.2,90.74
2025-07-05 00:00:00+00:00,653.74,656.66,652.34,656.14,1193229342,53.1,1.73,-0.11,1.83,668.05,646.77,625.5,646.77,655.32,640.55,12.87,86.07,88.63
2025-07-06 00:00:00+00:00,656.14,664.63,653.87,663.09,1387600565,56.52,2.45,0.4,2.04,669.82,647.38,624.94,647.38,655.79,640.42,12.72,96.54,88.27
2025-07-07 00:00:00+00:00,663.09,663.23,657.11,661.02,1524912345,55.23,2.82,0.89,1.93,671.26,648.01,624.75,648.01,655.97,640.4,12.25,86.48,89.7
2025-07-08 00:00:00+00:00,661.02,662.5,657.57,660.76,1517607542,55.06,3.05,1.32,1.73,672.68,648.8,624.93,648.8,656.19,640.31,11.73,83.37,88.8
2025-07-09 00:00:00+00:00,660.76,670.79,659.6,669.15,1667011677,59.41,3.87,1.83,2.04,675.47,650.03,624.58,650.03,656.56,640.34,11.69,94.58,88.14
2025-07-10 00:00:00+00:00,669.15,687.35,668.03,685.66,2023565748,66.33,5.79,2.62,3.17,681.89,652.22,622.56,652.22,656.81,640.52,12.23,96.39,91.45
2025-07-11 00:00:00+00:00,685.66,696.87,683.85,689.87,2327541748,67.83,7.56,3.61,3.95,687.26,655.28,623.29,655.28,656.89,640.51,12.29,86.62,92.53
2025-07-12 00:00:00+00:00,689.87,696.95,680.4,685.78,1715321874,64.8,8.54,4.6,3.94,687.8,658.77,629.74,658.77,657.48,640.45,12.59,78.63,87.21
2025-07-13 00:00:00+00:00,685.78,694.01,685.47,692.23,1631603869,67.29,9.72,5.62,4.1,692.73,661.31,629.9,661.31,657.96,640.4,12.3,90.97,85.41
2025-07-14 00:00:00+00:00,692.23,706.71,686.83,689.42,2362276526,65.13,10.31,6.56,3.75,696.25,663.6,630.94,663.6,658.35,640.41,12.84,72.13,80.58
2025-07-15 00:00:00+00:00,689.42,692.94,675.88,689.92,2167202399,65.34,10.69,7.38,3.31,699.35,665.8,632.24,665.8,658.66,640.4,13.15,72.85,78.65
2025-07-16 00:00:00+00:00,689.92,714.79,685.68,708.13,2298649454,72.03,12.33,8.37,3.95,705.73,669.08,632.44,669.08,659.08,640.34,14.29,89.61,78.2
2025-07-17 00:00:00+00:00,708.13,726.66,707.89,721.21,2877681453,75.67,14.51,9.6,4.91,714.61,672.84,631.07,672.84,659.75,640.48,14.61,92.82,85.09
2025-07-18 00:00:00+00:00,721.21,763.05,720.24,730.22,3407382999,77.81,16.77,11.03,5.74,724.3,676.91,629.52,676.91,660.85,640.61,16.62,70.35,84.26
2025-07-19 00:00:00+00:00,730.26,742.33,721.09,733.53,2067691091,78.55,18.62,12.55,6.07,733.33,680.83,628.34,680.83,662.41,640.77,16.95,72.96,78.71
2025-07-20 00:00:00+00:00,733.53,760.44,732.34,757.74,2353254456,83.04,21.78,14.4,7.38,747.31,685.87,624.43,685.87,664.4,641.03,17.75,94.99,79.43
2025-07-21 00:00:00+00:00,757.74,780.97,747.56,766.78,2776231461,84.36,24.73,16.46,8.27,760.24,691.89,623.53,691.89,666.51,641.33,18.87,88.5,85.48
2025-07-22 00:00:00+00:00,766.78,787.25,746.11,786.14,3009453883,86.73,28.31,18.83,9.48,776.69,698.19,619.7,698.19,668.9,641.7,20.46,99.13,94.21
2025-07-23 00:00:00+00:00,786.14,809.31,753.78,776.64,3987433985,80.29,30.03,21.07,8.96,787.92,703.86,619.8,703.86,671.2,642.01,22.96,76.88,88.17
2025-07-24 00:00:00+00:00,776.67,785.42,745.39,771.24,2833667773,76.8,30.61,22.98,7.63,795.45,709.73,624.01,709.73,673.35,642.32,24.18,71.47,82.49
2025-07-25 00:00:00+00:00,771.24,785.64,753.61,785.61,2536046506,79.37,31.86,24.75,7.1,804.4,716.21,628.01,716.21,676.39,642.6,24.74,82.24,76.86
2025-07-26 00:00:00+00:00,785.61,797.2,778.94,793.28,1760509145,80.61,33.08,26.42,6.66,813.58,722.72,631.85,722.72,679.38,643.08,24.28,87.99,80.56
2025-07-27 00:00:00+00:00,793.28,846.22,792.66,843.26,2914460887,86.35,37.65,28.67,8.99,832.65,731.83,631.01,731.83,683.22,643.82,26.37,98.26,89.5
2025-07-28 00:00:00+00:00,843.26,859.56,821.68,822.02,3448410233,76.05,39.11,30.76,8.36,842.56,739.89,637.22,739.89,686.62,644.5,27.19,79.56,88.6
2025-07-29 00:00:00+00:00,822.08,834.46,800.64,804.9,3097306022,68.91,38.44,32.29,6.15,847.59,746.68,645.77,746.68,689.4,645.06,27.67,68.56,82.13
2025-07-30 00:00:00+00:00,804.9,810.44,771.18,793.14,2836541071,64.44,36.54,33.14,3.4,850.7,752.05,653.4,752.05,691.79,645.54,28.49,56.21,68.11
2025-07-31 00:00:00+00:00,793.14,813.01,782.83,783.67,2581137230,61.0,33.88,33.29,0.59,851.8,756.74,661.69,756.74,694.11,645.99,28.61,45.53,56.77
2025-08-01 00:00:00+00:00,783.66,794.9,746.35,757.19,3061372565,52.57,29.3,32.49,-3.19,849.32,760.31,671.31,760.31,696.13,646.34,30.04,26.07,42.6
2025-08-02 00:00:00+00:00,757.22,769.56,732.53,736.65,2181365266,47.13,23.74,30.74,-7.01,846.46,762.53,678.61,762.53,697.76,646.53,30.54,3.39,25.0
2025-08-03 00:00:00+00:00,736.65,755.13,732.39,751.56,1761506433,51.08,20.3,28.65,-8.36,842.47,765.64,688.81,765.64,699.87,646.72,29.98,15.07,14.84
2025-08-04 00:00:00+00:00,751.56,769.56,750.84,769.06,1940596416,55.31,18.77,26.67,-7.91,837.66,769.6,701.54,769.6,702.29,647.02,29.18,28.84,15.77
2025-08-05 00:00:00+00:00,769.06,769.16,746.7,754.85,1951120762,51.43,16.22,24.58,-8.36,834.06,771.93,709.81,771.93,704.36,647.18,28.7,17.66,20.52
2025-08-06 00:00:00+00:00,754.85,774.8,747.73,769.85,1969112524,55.02,15.24,22.71,-7.48,831.76,774.37,716.98,774.37,706.79,647.49,28.58,29.46,25.32
2025-08-07 00:00:00+00:00,769.85,788.2,765.34,788.2,2162190917,59.02,15.76,21.32,-5.57,831.01,777.27,723.52,777.27,709.66,648.02,28.17,43.89,30.33
2025-08-08 00:00:00+00:00,788.2,797.89,781.47,793.44,2429517922,60.11,16.4,20.34,-3.94,830.29,780.26,730.23,780.26,712.63,648.58,27.33,48.01,40.45
2025-08-09 00:00:00+00:00,793.44,818.51,793.2,799.09,2215143664,61.3,17.17,19.7,-2.53,831.85,782.33,732.81,782.33,715.78,649.11,27.19,52.45,48.11
2025-08-10 00:00:00+00:00,799.09,815.07,796.27,805.87,2090904941,62.74,18.12,19.39,-1.27,834.31,784.28,734.26,784.28,719.32,649.67,26.59,57.78,52.75
2025-08-11 00:00:00+00:00,805.87,826.51,793.38,806.73,2805693912,62.93,18.72,19.25,-0.53,836.33,785.31,734.29,785.31,723.14,650.25,27.06,72.83,61.02
2025-08-12 00:00:00+00:00,806.74,838.86,798.66,832.93,2889217820,68.21,21.08,19.62,1.46,843.18,788.13,733.07,788.13,726.97,651.01,27.99,94.43,75.01
2025-08-13 00:00:00+00:00,832.93,857.76,829.08,849.01,3364649534,70.95,23.96,20.49,3.47,852.74,792.02,731.29,792.02,731.08,651.83,28.04,93.02,86.76
2025-08-14 00:00:00+00:00,849.01,868.68,826.0,840.93,4687490471,67.79,25.3,21.45,3.85,859.21,794.78,730.35,794.78,734.98,652.7,29.09,79.64,89.03
2025-08-15 00:00:00+00:00,840.93,853.5,813.85,827.29,3843113557,62.72,24.98,22.16,2.82,862.52,796.48,730.45,796.48,738.67,653.43,29.84,69.63,80.76
2025-08-16 00:00:00+00:00,827.29,839.52,826.61,839.4,1960223183,65.21,25.4,22.8,2.6,861.77,796.29,730.81,796.29,742.54,654.32,28.63,78.52,75.93
2025-08-17 00:00:00+00:00,839.4,863.34,839.18,856.4,2286889646,68.4,26.8,23.6,3.2,867.98,798.01,728.03,798.01,746.69,655.27,28.31,89.93,79.36
2025-08-18 00:00:00+00:00,856.4,858.31,826.54,847.42,2765082388,65.01,26.88,24.26,2.62,873.49,800.13,726.78,800.13,750.54,656.12,28.56,82.57,83.67
2025-08-19 00:00:00+00:00,847.42,851.94,823.36,823.57,2718797059,56.93,24.73,24.35,0.38,875.66,801.66,727.65,801.66,753.87,656.85,28.56,62.7,78.4
2025-08-20 00:00:00+00:00,823.57,880.33,819.33,869.1,3612563758,65.69,26.4,24.76,1.63,885.23,805.93,726.62,805.93,758.32,657.93,30.88,90.23,78.5
2025-08-21 00:00:00+00:00,869.1,882.59,834.08,839.04,2848998239,57.39,25.0,24.81,0.19,887.16,810.02,732.88,810.02,761.9,659.03,32.14,56.93,69.96
2025-08-22 00:00:00+00:00,839.04,899.7,839.04,898.77,3534039226,66.46,28.39,25.53,2.86,896.85,818.13,739.4,818.13,766.61,660.44,34.18,99.13,82.1
2025-08-23 00:00:00+00:00,898.77,899.36,876.51,880.05,2470653598,62.01,29.23,26.27,2.96,901.35,824.55,747.75,824.55,771.14,661.98,33.37,81.52,79.19
2025-08-24 00:00:00+00:00,880.05,885.56,860.04,876.08,2909070734,61.07,29.24,26.86,2.37,905.33,829.9,754.47,829.9,775.54,663.51,32.81,77.78,86.14
2025-08-25 00:00:00+00:00,876.08,879.94,835.26,840.17,3300479072,53.25,26.04,26.7,-0.65,900.87,834.17,767.47,834.17,779.08,664.85,33.65,41.08,66.79
2025-08-26 00:00:00+00:00,840.17,867.71,832.72,863.63,2609863400,57.12,25.12,26.38,-1.26,899.42,838.86,778.29,838.86,783.13,666.27,33.75,57.98,58.95
2025-08-27 00:00:00+00:00,863.63,866.98,853.87,855.65,2391188252,55.44,23.47,25.8,-2.33,898.26,842.23,786.2,842.23,787.03,667.49,32.28,48.69,49.25
2025-08-28 00:00:00+00:00,855.65,878.81,851.9,874.37,2744315947,58.52,23.4,25.32,-1.92,899.07,846.28,793.48,846.28,791.13,668.77,31.89,70.5,59.06
2025-08-29 00:00:00+00:00,874.35,876.85,851.31,863.28,2614507748,56.05,22.2,24.7,-2.5,897.81,849.48,801.16,849.48,794.69,670.0,31.44,54.68,57.96
2025-08-30 00:00:00+00:00,863.28,863.64,852.82,862.4,2030968355,55.84,20.93,23.94,-3.01,896.32,852.31,808.3,852.31,798.14,671.1,29.97,53.59,59.59
2025-08-31 00:00:00+00:00,862.4,867.6,857.32,857.82,1741117798,54.74,19.34,23.02,-3.68,893.31,854.87,816.42,854.87,801.58,671.9,28.56,47.89,52.06
2025-09-01 00:00:00+00:00,857.81,866.97,840.9,845.83,2756614903,51.85,16.91,21.8,-4.89,892.82,855.51,818.2,855.51,804.65,672.79,28.38,32.97,44.82
2025-09-02 00:00:00+00:00,845.83,856.46,841.61,851.78,2385434736,53.17,15.29,20.5,-5.21,892.88,855.65,818.42,855.65,807.9,673.75,27.42,40.38,40.41
2025-09-03 00:00:00+00:00,851.78,863.47,849.16,855.26,1915348780,53.97,14.13,19.22,-5.1,892.95,856.37,819.78,856.37,811.2,674.72,26.48,33.65,35.67
2025-09-04 00:00:00+00:00,855.26,856.94,841.88,843.8,1915009280,50.9,12.14,17.81,-5.67,891.7,857.19,822.68,857.19,813.92,675.57,25.66,16.54,30.19
2025-09-05 00:00:00+00:00,843.8,857.22,843.75,849.98,2025139739,52.47,10.93,16.43,-5.5,891.4,857.72,824.04,857.72,816.49,676.48,24.79,25.9,25.36
2025-09-06 00:00:00+00:00,849.98,864.5,849.57,861.77,1992250771,55.4,10.81,15.31,-4.5,891.71,857.99,824.27,857.99,819.12,677.55,24.09,54.98,32.47
2025-09-07 00:00:00+00:00,861.77,882.89,861.27,880.61,1996378716,59.67,12.09,14.66,-2.58,894.43,859.65,824.87,859.65,822.06,678.69,23.91,95.46,58.78
2025-09-08 00:00:00+00:00,880.61,885.23,872.04,878.28,2289021738,58.92,12.77,14.28,-1.52,893.64,862.38,831.13,862.38,824.48,679.79,23.15,86.76,79.07
2025-09-09 00:00:00+00:00,878.28,884.24,871.86,880.02,1795168603,59.33,13.29,14.09,-0.79,895.05,862.93,830.81,862.93,826.74,680.96,22.38,88.25,90.16
2025-09-10 00:00:00+00:00,880.02,906.12,877.51,893.57,2868650920,62.48,14.63,14.2,0.44,898.49,865.66,832.82,865.66,828.89,682.08,22.82,80.76,85.26
2025-09-11 00:00:00+00:00,893.57,903.33,889.37,902.98,2250551806,64.54,16.27,14.61,1.66,899.63,865.87,832.1,865.87,831.42,683.31,22.19,95.19,88.06
2025-09-12 00:00:00+00:00,902.98,928.62,901.97,925.03,2648100391,68.85,19.12,15.51,3.61,910.7,868.12,825.53,868.12,834.49,684.86,22.51,95.91,90.62
2025-09-13 00:00:00+00:00,925.03,942.53,923.87,933.9,2744192106,70.41,21.85,16.78,5.07,922.74,871.01,819.28,871.01,837.46,686.42,22.23,91.51,94.2
2025-09-14 00:00:00+00:00,933.9,944.06,923.76,927.24,2338327311,67.67,23.21,18.07,5.14,930.69,875.36,820.03,875.36,840.14,688.0,22.09,83.7,90.37
2025-09-15 00:00:00+00:00,927.24,935.22,911.55,919.97,2475846477,64.72,23.42,19.14,4.29,936.64,878.18,819.71,878.18,841.67,689.58,22.21,76.49,83.9
2025-09-16 00:00:00+00:00,919.97,958.66,917.24,955.71,3101245055,71.35,26.18,20.54,5.63,950.05,883.18,816.31,883.18,844.34,691.42,23.58,97.47,85.89
2025-09-17 00:00:00+00:00,955.69,993.13,947.77,990.31,3641636248,76.04,30.8,22.6,8.2,971.01,888.98,806.94,888.98,848.05,693.33,25.14,98.14,90.7
2025-09-18 00:00:00+00:00,990.32,1005.29,980.38,981.84,3741252935,72.89,33.39,24.75,8.64,985.78,894.9,804.03,894.9,851.83,695.13,25.12,85.48,93.7
2025-09-19 00:00:00+00:00,981.84,1002.08,975.81,984.12,3293771895,73.21,35.22,26.85,8.38,998.74,900.99,803.24,900.99,855.84,697.17,25.2,86.41,90.01
2025-09-20 00:00:00+00:00,984.13,1043.24,984.12,1042.65,3759046572,79.83,40.93,29.66,11.26,1024.37,910.23,796.09,910.23,861.55,699.47,27.62,99.68,90.52
2025-09-21 00:00:00+00:00,1042.66,1080.48,1041.03,1048.67,4306431415,80.36,45.41,32.81,12.6,1045.9,920.37,794.85,920.37,867.79,701.72,28.47,84.75,90.28
2025-09-22 00:00:00+00:00,1048.67,1050.32,978.57,993.01,4892903256,63.53,43.96,35.04,8.92,1052.6,927.44,802.27,927.44,872.61,703.7,31.56,58.07,80.83
2025-09-23 00:00:00+00:00,993.01,1026.25,964.55,1017.02,4038510425,66.76,44.25,36.88,7.36,1061.95,935.52,809.09,935.52,877.57,705.82,33.71,68.73,70.52
2025-09-24 00:00:00+00:00,1017.03,1034.05,995.29,1018.85,3603925585,67.0,44.11,38.33,5.78,1068.18,944.28,820.37,944.28,882.85,707.95,34.07,67.75,64.85
2025-09-25 00:00:00+00:00,1018.87,1019.84,943.32,945.71,4693762081,51.1,37.66,38.2,-0.53,1064.75,949.06,833.37,949.06,886.37,709.9,37.11,24.5,53.66
2025-09-26 00:00:00+00:00,945.71,964.73,933.51,960.92,3789703570,53.57,33.4,37.24,-3.84,1062.22,954.02,845.82,954.02,889.83,712.05,36.69,29.23,40.49
2025-09-27 00:00:00+00:00,960.92,983.93,957.4,968.79,2777184185,54.84,30.3,35.85,-5.55,1061.07,958.43,855.79,958.43,893.33,714.13,35.96,33.88,29.2
2025-09-28 00:00:00+00:00,968.79,993.39,964.29,993.32,2519459113,58.64,29.49,34.58,-5.09,1060.62,964.18,867.74,964.18,897.22,716.25,35.47,48.4,37.17
2025-09-29 00:00:00+00:00,993.32,1035.73,992.64,1030.74,3359320684,63.66,31.5,33.96,-2.46,1063.93,971.72,879.51,971.72,901.71,718.51,36.01,69.53,50.61
2025-09-30 00:00:00+00:00,1030.74,1032.8,994.48,1008.48,3076619211,59.06,30.94,33.36,-2.41,1063.27,977.46,891.66,977.46,905.75,720.61,36.18,51.01,56.31
2025-10-01 00:00:00+00:00,1008.48,1034.83,1003.88,1026.17,3100184262,61.45,31.56,33.0,-1.44,1064.46,983.62,902.79,983.62,909.61,722.65,35.81,63.05,61.2
2025-10-02 00:00:00+00:00,1026.17,1097.21,1023.98,1090.66,3813163059,68.61,36.84,33.77,3.07,1080.98,991.9,902.83,991.9,914.45,725.09,38.48,96.0,70.02
2025-10-03 00:00:00+00:00,1090.66,1190.35,1085.6,1189.92,6097241167,76.0,48.46,36.71,11.76,1126.32,1004.71,883.09,1004.71,921.43,727.88,43.21,99.83,86.29
2025-10-04 00:00:00+00:00,1189.93,1190.01,1138.27,1150.55,3775482131,69.06,53.88,40.14,13.74,1148.09,1015.87,883.65,1015.87,927.89,730.49,43.82,84.5,93.45
2025-10-05 00:00:00+00:00,1150.55,1186.85,1145.53,1165.53,3611451465,70.17,58.71,43.85,14.85,1168.24,1028.15,888.06,1028.15,934.41,733.22,43.64,90.34,91.56
2025-10-06 00:00:00+00:00,1165.53,1237.81,1164.02,1223.58,5653272930,74.08,66.45,48.37,18.08,1202.19,1041.54,880.9,1041.54,941.76,736.19,45.8,95.32,90.05
2025-10-07 00:00:00+00:00,1223.58,1336.57,1209.28,1310.21,11163171147,78.59,78.67,54.43,24.24,1255.96,1057.54,859.11,1057.54,951.01,739.57,51.62,93.46,93.04
2025-10-08 00:00:00+00:00,1310.23,1332.83,1270.31,1306.6,7916662087,77.98,87.06,60.96,26.1,1297.64,1073.78,849.91,1073.78,960.67,742.97,52.4,92.56,93.78
2025-10-09 00:00:00+00:00,1306.6,1318.06,1228.08,1255.89,8172167891,69.8,88.59,66.49,22.11,1321.09,1087.36,853.64,1087.36,968.41,746.13,55.08,79.98,88.67
2025-10-10 00:00:00+00:00,1255.89,1276.36,962.47,1106.9,10329526518,52.42,76.9,68.57,8.33,1323.48,1090.58,857.67,1090.58,973.77,748.49,73.57,39.43,70.66
2025-10-11 00:00:00+00:00,1106.9,1180.53,1080.72,1137.2,8101403820,54.88,69.28,68.71,0.57,1327.92,1095.0,862.09,1095.0,978.54,751.02,75.44,46.71,55.37
2025-10-12 00:00:00+00:00,1137.2,1319.77,1110.2,1303.12,10201040572,65.43,75.76,70.12,5.64,1355.8,1110.51,865.22,1110.51,987.0,754.45,85.02,91.06,59.06
2025-10-13 00:00:00+00:00,1303.15,1370.55,1257.11,1293.47,11820387271,64.48,79.2,71.94,7.26,1378.43,1124.33,870.23,1124.33,995.35,757.73,87.05,81.11,72.96
2025-10-14 00:00:00+00:00,1293.47,1316.41,1147.75,1211.05,10106588255,56.93,74.42,72.43,1.99,1385.78,1133.94,882.11,1133.94,1002.76,760.69,92.88,60.91,77.69
2025-10-15 00:00:00+00:00,1211.05,1221.71,1151.84,1162.69,5853929585,53.0,65.97,71.14,-5.17,1380.67,1144.79,908.91,1144.79,1008.74,763.48,91.24,49.06,63.7
2025-10-16 00:00:00+00:00,1162.69,1193.77,1125.33,1145.83,5605348340,51.66,57.25,68.36,-11.11,1373.5,1154.04,934.57,1154.04,1014.55,766.2,89.61,44.93,51.64
2025-10-17 00:00:00+00:00,1145.82,1154.89,1024.08,1071.96,6656427568,46.17,43.87,63.46,-19.59,1364.73,1159.19,953.66,1159.19,1018.5,768.54,92.55,26.83,40.28
2025-10-18 00:00:00+00:00,1071.97,1129.19,1071.47,1093.15,3767783165,47.88,34.58,57.69,-23.1,1357.23,1164.18,971.14,1164.18,1023.1,770.95,90.06,32.02,34.6
2025-10-19 00:00:00+00:00,1093.15,1132.35,1069.31,1109.68,3690436753,49.24,28.23,51.8,-23.57,1352.73,1168.13,983.53,1168.13,1028.04,773.54,88.13,36.07,31.64
2025-10-20 00:00:00+00:00,1109.68,1142.74,1090.01,1101.06,4209252745,48.53,22.24,45.88,-23.64,1344.71,1172.76,1000.81,1172.76,1032.91,776.09,85.6,33.96,34.02
2025-10-21 00:00:00+00:00,1101.16,1114.31,1054.3,1057.44,4398689427,45.0,13.82,39.47,-25.65,1341.16,1174.32,1007.49,1174.32,1037.14,778.39,83.78,23.27,31.1
2025-10-22 00:00:00+00:00,1057.44,1082.93,1054.07,1072.05,3625757780,46.4,8.23,33.22,-25.0,1342.38,1173.39,1004.4,1173.39,1041.55,780.78,79.85,26.85,28.03
2025-10-23 00:00:00+00:00,1072.05,1151.0,1071.94,1127.57,5661131703,51.48,8.18,28.21,-20.03,1340.28,1170.28,1000.27,1170.28,1046.99,783.65,79.8,40.46,30.19
2025-10-24 00:00:00+00:00,1127.57,1141.64,1098.93,1109.15,3451758493,49.8,6.58,23.89,-17.31,1340.22,1168.21,996.19,1168.21,1052.3,786.42,77.15,24.55,30.62
2025-10-25 00:00:00+00:00,1109.15,1120.07,1102.5,1116.74,2230311136,50.52,5.86,20.28,-14.42,1339.32,1165.77,992.22,1165.77,1057.63,789.24,72.89,26.74,30.59
2025-10-26 00:00:00+00:00,1116.74,1141.96,1115.53,1137.59,2746697366,52.53,6.89,17.6,-10.71,1333.24,1161.47,989.7,1161.47,1063.15,792.01,69.57,32.76,28.02
2025-10-27 00:00:00+00:00,1137.59,1180.01,1134.29,1139.75,4501355092,52.74,7.79,15.64,-7.85,1309.92,1152.94,995.97,1152.94,1068.33,794.82,67.87,39.57,33.02
2025-10-28 00:00:00+00:00,1139.75,1148.56,1088.88,1103.14,4178047763,48.73,5.49,13.61,-8.12,1283.33,1142.77,1002.21,1142.77,1072.83,797.41,67.28,40.0,37.44
2025-10-29 00:00:00+00:00,1103.15,1120.73,1089.77,1107.16,4169218996,49.18,3.94,11.68,-7.73,1266.09,1135.34,1004.58,1135.34,1077.37,799.96,64.69,48.96,42.84
2025-10-30 00:00:00+00:00,1107.16,1123.7,1050.13,1078.61,4153774666,46.04,0.41,9.42,-9.01,1266.57,1133.92,1001.27,1133.92,1081.07,802.43,65.32,34.97,41.31
2025-10-31 00:00:00+00:00,1078.61,1104.25,1073.45,1088.96,4399392720,47.35,-1.54,7.23,-8.77,1265.65,1131.51,997.37,1131.51,1084.79,804.96,62.86,29.9,37.94
2025-11-01 00:00:00+00:00,1088.94,1097.14,1082.47,1094.64,2138185589,48.1,-2.59,5.27,-7.86,1228.89,1121.08,1013.27,1121.08,1088.19,807.53,59.42,34.27,33.05
2025-11-02 00:00:00+00:00,1094.64,1094.64,1073.65,1084.36,2049912244,46.81,-4.21,3.37,-7.58,1182.67,1110.63,1038.58,1110.63,1091.19,810.04,56.67,26.36,30.17
2025-11-03 00:00:00+00:00,1084.34,1086.59,975.8,992.54,4849653054,37.19,-12.76,0.14,-12.9,1173.87,1099.7,1025.54,1099.7,1092.5,812.05,60.54,8.2,22.94
2025-11-04 00:00:00+00:00,992.55,1000.2,886.39,937.89,5824529918,32.86,-23.66,-4.62,-19.05,1186.68,1088.46,990.25,1088.46,1092.86,813.78,64.34,17.54,17.36
2025-11-05 00:00:00+00:00,937.88,966.8,903.87,959.95,3816276917,36.09,-30.18,-9.73,-20.45,1189.02,1079.17,969.32,1079.17,1092.94,815.62,64.24,25.05,16.93
2025-11-06 00:00:00+00:00,959.95,964.33,927.45,949.18,2798073439,35.2,-35.8,-14.94,-20.86,1197.34,1073.03,948.72,1073.03,1092.12,817.4,62.29,21.38,21.33
2025-11-07 00:00:00+00:00,949.21,994.41,927.11,990.55,3614944089,41.21,-36.5,-19.25,-17.24,1197.09,1067.9,938.71,1067.9,1092.3,819.37,62.65,35.47,27.3
2025-11-08 00:00:00+00:00,990.58,1005.86,981.11,990.22,2913804232,41.17,-36.65,-22.73,-13.92,1194.0,1061.93,929.86,1061.93,1092.42,821.23,59.94,35.36,30.74
2025-11-09 00:00:00+00:00,990.23,1005.94,977.64,996.58,2642212274,42.13,-35.85,-25.36,-10.49,1190.51,1056.7,922.9,1056.7,1091.5,823.18,57.68,37.53,36.12
2025-11-10 00:00:00+00:00,996.59,1017.68,977.11,991.92,2844075057,41.6,-35.18,-27.32,-7.86,1190.33,1053.43,916.52,1053.43,1090.36,825.13,56.46,40.25,37.71
2025-11-11 00:00:00+00:00,991.92,1005.97,956.84,958.27,2696896367,37.87,-36.94,-29.25,-7.7,1190.71,1047.74,904.77,1047.74,1089.67,826.92,55.93,30.29,36.02
2025-11-12 00:00:00+00:00,958.23,976.96,940.86,953.01,2405972144,37.31,-38.32,-31.06,-7.26,1182.77,1039.01,895.25,1039.01,1088.39,828.65,54.52,28.07,32.87
2025-11-13 00:00:00+00:00,953.02,969.85,907.62,928.05,3034452281,34.67,-40.96,-33.04,-7.92,1177.87,1029.96,882.04,1029.96,1086.57,830.27,55.07,19.12,25.83
2025-11-14 00:00:00+00:00,928.04,932.65,889.4,915.31,3778463496,33.38,-43.57,-35.15,-8.42,1170.32,1019.88,869.44,1019.88,1085.96,831.81,54.22,13.72,20.31
2025-11-15 00:00:00+00:00,915.19,944.08,915.19,932.2,1963778260,36.75,-43.78,-36.87,-6.9,1154.15,1009.61,865.08,1009.61,1085.39,833.47,52.41,22.0,18.28
2025-11-16 00:00:00+00:00,932.19,948.51,910.9,927.26,2497118342,36.17,-43.83,-38.26,-5.57,1134.18,998.99,863.8,998.99,1084.56,835.11,51.36,20.41,18.71
2025-11-17 00:00:00+00:00,927.26,936.99,893.0,906.48,3757441490,33.77,-45.03,-39.62,-5.41,1121.02,989.16,857.29,989.16,1082.82,836.64,50.83,15.3,19.24
2025-11-18 00:00:00+00:00,906.47,937.38,888.51,932.48,3623344375,39.21,-43.39,-40.37,-3.01,1102.13,980.42,858.72,980.42,1080.86,838.3,50.69,34.04,23.25
2025-11-19 00:00:00+00:00,932.48,939.29,872.94,895.62,3254464199,34.84,-44.54,-41.21,-3.34,1089.36,971.27,853.19,971.27,1078.6,839.78,51.81,15.67,21.67
2025-11-20 00:00:00+00:00,895.66,912.66,866.34,866.34,3038816761,31.81,-47.28,-42.42,-4.86,1073.39,960.14,846.9,960.14,1075.4,841.18,51.42,0.0,16.57
2025-11-21 00:00:00+00:00,866.33,874.26,793.82,830.08,4772315493,28.5,-51.77,-44.29,-7.48,1055.73,946.91,838.1,946.91,1070.19,842.34,53.49,16.2,10.62
2025-11-22 00:00:00+00:00,830.08,841.49,815.21,833.35,2015396840,29.22,-54.44,-46.32,-8.12,1033.94,934.36,834.79,934.36,1063.06,843.5,51.55,17.66,11.29
2025-11-23 00:00:00+00:00,833.35,854.4,833.29,843.22,1754920246,31.45,-55.13,-48.08,-7.05,1030.42,926.9,823.38,926.9,1056.91,844.7,49.37,22.07,18.64
2025-11-24 00:00:00+00:00,843.22,875.26,832.05,864.42,2485800089,36.1,-53.35,-49.13,-4.21,1030.26,923.22,816.19,923.22,1050.89,845.88,48.93,33.28,24.33
2025-11-25 00:00:00+00:00,864.46,866.91,838.98,862.11,2007620452,35.81,-51.53,-49.61,-1.91,1027.23,918.33,809.44,918.33,1043.66,846.85,47.43,37.29,30.88
2025-11-26 00:00:00+00:00,862.1,896.63,852.49,891.75,2040255309,42.13,-47.15,-49.12,1.97,1023.96,915.46,806.96,915.46,1035.29,847.99,47.2,55.63,42.07
2025-11-27 00:00:00+00:00,891.77,902.59,885.23,895.56,1780660164,42.91,-42.88,-47.87,4.99,1013.54,910.71,807.89,910.71,1027.07,849.22,45.07,65.77,52.9
2025-11-28 00:00:00+00:00,895.56,904.38,877.31,887.65,2009647841,41.66,-39.67,-46.23,6.56,1001.73,905.58,809.44,905.58,1019.71,850.35,43.78,60.66,60.69
2025-11-29 00:00:00+00:00,887.65,888.85,869.84,873.69,1357539865,39.47,-37.82,-44.55,6.73,986.36,899.44,812.52,899.44,1015.04,851.39,42.01,51.63,59.35
2025-11-30 00:00:00+00:00,873.69,899.57,871.07,877.58,1452982911,40.41,-35.63,-42.77,7.13,969.34,893.72,818.11,893.72,1009.85,852.52,41.05,57.58,56.62
2025-12-01 00:00:00+00:00,877.56,877.7,803.46,827.41,2778473663,33.24,-37.51,-41.72,4.2,961.92,887.18,812.44,887.18,1000.33,853.4,43.42,23.09,44.1
2025-12-02 00:00:00+00:00,827.41,884.06,821.3,877.03,2264885312,43.85,-34.6,-40.29,5.69,951.46,883.38,815.3,883.38,992.01,854.55,44.8,57.2,45.96
2025-12-03 00:00:00+00:00,877.03,922.13,874.41,921.75,2754777581,51.35,-28.36,-37.91,9.55,950.33,883.06,815.8,883.06,986.22,855.96,45.01,99.7,60.0
2025-12-04 00:00:00+00:00,921.73,927.45,889.62,900.07,2052379059,48.0,-24.87,-35.3,10.43,948.36,882.3,816.25,882.3,980.97,857.2,44.49,79.51,78.81
2025-12-05 00:00:00+00:00,900.06,906.85,873.41,884.22,1968850986,45.66,-23.12,-32.86,9.74,941.68,879.9,818.13,879.9,975.74,858.37,43.7,65.13,81.45
2025-12-06 00:00:00+00:00,884.21,896.66,878.98,890.55,1418385761,46.78,-20.98,-30.49,9.5,935.98,878.07,820.16,878.07,972.11,859.58,41.85,70.24,71.63
2025-12-07 00:00:00+00:00,890.53,905.11,872.89,894.02,1779976227,47.41,-18.79,-28.15,9.36,934.33,877.44,820.56,877.44,968.12,860.68,41.16,73.04,69.47
2025-12-08 00:00:00+00:00,894.03,911.54,891.78,897.6,1906067258,48.11,-16.57,-25.83,9.26,927.38,875.7,824.02,875.7,963.88,861.74,39.63,75.93,73.07
2025-12-09 00:00:00+00:00,897.59,926.52,882.41,898.81,2357057936,48.35,-14.55,-23.58,9.03,927.82,875.86,823.91,875.86,959.84,862.95,39.95,76.9,75.29
2025-12-10 00:00:00+00:00,898.78,914.19,884.95,894.65,2429639422,47.51,-13.13,-21.49,8.36,929.68,877.28,824.87,877.28,956.58,864.08,39.18,73.55,75.46
2025-12-11 00:00:00+00:00,894.66,894.66,861.25,886.17,2524483059,45.77,-12.55,-19.7,7.15,927.63,880.08,832.53,880.08,952.86,865.16,38.77,66.71,72.38
2025-12-12 00:00:00+00:00,886.17,895.47,873.61,881.87,1807202490,44.87,-12.29,-18.22,5.93,924.66,882.51,840.35,882.51,947.95,866.2,37.56,63.24,67.83
2025-12-13 00:00:00+00:00,881.86,903.76,880.78,897.43,1472368344,48.79,-10.71,-16.72,6.01,923.53,885.22,846.9,885.22,943.72,867.25,36.52,75.79,68.58
2025-12-14 00:00:00+00:00,897.44,899.22,874.13,877.81,1640570319,44.5,-10.91,-15.56,4.65,923.12,885.89,848.65,885.89,938.94,868.2,35.71,59.96,66.33
2025-12-15 00:00:00+00:00,877.79,894.21,843.77,858.55,2222157806,40.71,-12.48,-14.94,2.46,923.45,885.71,847.96,885.71,933.36,869.12,36.76,35.09,56.95
2025-12-16 00:00:00+00:00,858.55,877.61,851.37,874.9,2379705373,44.99,-12.26,-14.41,2.14,922.79,884.87,846.94,884.87,928.06,870.22,36.01,37.2,44.09
2025-12-17 00:00:00+00:00,874.91,875.11,834.85,842.93,2968394043,39.05,-14.51,-14.43,-0.08,924.13,882.23,840.33,882.23,922.86,871.14,36.31,8.73,27.01
2025-12-18 00:00:00+00:00,842.93,850.9,819.98,829.3,3195634004,36.82,-17.18,-14.98,-2.21,927.31,879.32,831.32,879.32,917.3,871.98,35.93,8.75,18.22
2025-12-19 00:00:00+00:00,829.3,861.09,823.17,855.94,5429911683,43.6,-16.96,-15.37,-1.59,927.51,878.43,829.35,878.43,912.84,872.93,36.07,33.75,17.08
2025-12-20 00:00:00+00:00,855.94,858.74,850.89,853.59,1374684930,43.16,-16.78,-15.66,-1.13,927.55,877.23,826.91,877.23,908.14,873.89,34.05,31.55,24.68
2025-12-21 00:00:00+00:00,853.6,858.93,846.1,857.89,1501917010,44.27,-16.11,-15.75,-0.36,924.35,878.75,833.16,878.75,903.4,874.86,32.54,35.58,33.63
2025-12-22 00:00:00+00:00,857.89,869.1,852.64,857.86,1959463444,44.27,-15.4,-15.68,0.28,924.34,877.8,831.25,877.8,898.87,875.98,31.39,35.55,34.23
2025-12-23 00:00:00+00:00,857.86,860.78,839.59,843.77,1696809904,41.21,-15.79,-15.7,-0.09,917.93,873.9,829.86,873.9,895.9,876.98,30.66,25.25,32.13
2025-12-24 00:00:00+00:00,843.77,849.33,835.27,846.26,1535799969,41.97,-15.72,-15.7,-0.01,915.08,871.21,827.33,871.21,894.06,877.95,29.47,31.37,30.72
2025-12-25 00:00:00+00:00,846.24,847.08,827.66,829.42,1415229398,38.35,-16.82,-15.93,-0.9,915.64,868.47,821.29,868.47,891.45,878.84,28.76,11.27,22.63
2025-12-26 00:00:00+00:00,829.43,845.72,823.37,834.15,1730790904,39.92,-17.12,-16.17,-0.96,913.99,865.65,817.3,865.65,889.15,879.68,28.3,16.91,19.85
2025-12-27 00:00:00+00:00,834.15,844.59,834.15,844.55,1496575663,43.33,-16.33,-16.2,-0.13,910.46,863.17,815.89,863.17,886.23,880.54,27.02,31.01,19.73
2025-12-28 00:00:00+00:00,844.56,864.94,839.59,858.83,1855190489,47.72,-14.39,-15.84,1.45,905.67,861.23,816.8,861.23,883.61,881.49,26.9,52.34,33.42
2025-12-29 00:00:00+00:00,858.84,869.99,846.65,851.19,2271142660,45.68,-13.31,-15.33,2.02,899.77,858.85,817.93,858.85,880.7,882.47,26.65,54.16,45.83
2025-12-30 00:00:00+00:00,851.19,862.02,848.45,860.55,2042633098,48.58,-11.57,-14.58,3.01,894.47,857.15,819.82,857.15,878.07,883.49,25.71,73.59,60.03
2025-12-31 00:00:00+00:00,860.56,873.84,856.88,863.26,2539874072,49.42,-9.85,-13.63,3.78,890.9,856.0,821.1,856.0,876.17,884.58,25.09,80.36,69.37
2026-01-01 00:00:00+00:00,863.26,872.26,855.61,863.05,1623168589,49.36,-8.42,-12.59,4.17,887.98,855.06,822.14,855.06,874.37,885.65,24.49,78.71,77.55
2026-01-02 00:00:00+00:00,863.06,890.17,858.88,880.84,2274583336,54.96,-5.77,-11.23,5.45,883.27,854.23,825.2,854.23,873.43,886.8,24.97,86.03,81.7
2026-01-03 00:00:00+00:00,880.86,883.45,869.53,878.64,1660447864,54.16,-3.81,-9.74,5.93,883.45,854.27,825.1,854.27,872.69,887.95,24.18,82.74,82.49
2026-01-04 00:00:00+00:00,878.64,902.05,878.43,894.38,1869811425,58.78,-0.98,-7.99,7.01,890.31,856.06,821.82,856.06,871.94,889.2,24.14,90.25,86.34
2026-01-05 00:00:00+00:00,894.4,915.74,891.78,910.79,2191450063,62.96,2.56,-5.88,8.44,899.27,857.86,816.45,857.86,871.61,890.53,24.13,94.64,89.21
2026-01-06 00:00:00+00:00,910.78,921.55,892.92,917.51,2396005647,64.55,5.84,-3.54,9.38,910.15,861.59,813.02,861.59,871.83,891.91,24.45,95.89,93.59
2026-01-07 00:00:00+00:00,917.51,918.8,892.78,899.41,2328531769,57.41,6.9,-1.45,8.35,913.97,865.09,816.22,865.09,871.17,893.26,24.56,77.45,89.33
2026-01-08 00:00:00+00:00,899.42,903.24,875.69,891.75,2150672078,54.66,7.04,0.25,6.79,916.95,866.88,816.82,866.88,871.09,894.64,24.78,69.65,80.99
2026-01-09 00:00:00+00:00,891.74,899.34,885.88,895.47,1729373289,55.77,7.37,1.67,5.7,920.2,868.98,817.76,868.98,871.67,895.91,23.97,70.16,72.42
2026-01-10 00:00:00+00:00,895.48,913.9,895.48,906.11,1917030206,58.87,8.39,3.02,5.37,924.9,871.39,817.88,871.39,873.19,897.23,23.57,81.16,73.66
2026-01-11 00:00:00+00:00,906.11,915.6,898.79,902.75,1753041961,57.5,8.83,4.18,4.65,928.5,873.63,818.77,873.63,874.58,898.51,23.09,74.9,75.41
2026-01-12 00:00:00+00:00,902.75,909.09,894.87,905.42,2073080994,58.33,9.28,5.2,4.08,931.45,876.72,821.99,876.72,875.82,899.83,22.46,77.93,78.0
2026-01-13 00:00:00+00:00,905.41,949.02,901.73,942.46,3312675690,67.74,12.49,6.66,5.83,941.63,881.53,821.42,881.53,877.38,901.31,24.23,92.98,81.94
2026-01-14 00:00:00+00:00,942.46,951.89,928.56,949.11,2898477115,69.09,15.39,8.4,6.98,949.57,887.51,825.45,887.51,879.12,902.81,24.17,97.11,89.34
2026-01-15 00:00:00+00:00,949.09,949.09,924.74,930.88,2344675895,61.49,16.03,9.93,6.1,951.93,892.35,832.77,892.35,879.91,904.19,24.18,77.41,89.17
2026-01-16 00:00:00+00:00,930.88,938.57,924.55,937.53,1873697028,63.09,16.88,11.32,5.56,955.37,897.0,838.62,897.0,880.75,905.59,23.45,82.56,85.7
2026-01-17 00:00:00+00:00,937.53,954.86,935.41,947.04,1840297630,65.3,18.11,12.68,5.43,960.96,901.41,841.86,901.41,881.93,907.09,23.17,90.12,83.37
2026-01-18 00:00:00+00:00,947.04,952.7,932.5,932.59,1896106924,59.47,17.72,13.69,4.03,961.61,905.48,849.35,905.48,883.11,908.46,22.96,71.87,81.52
2026-01-19 00:00:00+00:00,932.58,932.59,910.63,922.5,3099807569,55.72,16.4,14.23,2.17,960.98,908.57,856.17,908.57,884.01,909.75,22.89,59.13,73.71
2026-01-20 00:00:00+00:00,922.5,931.8,884.23,884.68,2987548371,44.43,12.17,13.82,-1.65,958.93,909.65,860.36,909.65,885.16,910.91,24.65,11.36,47.45
2026-01-21 00:00:00+00:00,884.66,892.54,864.41,882.56,3827882862,43.9,8.54,12.76,-4.22,956.69,910.62,864.55,910.62,885.27,912.04,24.9,20.07,30.18
2026-01-22 00:00:00+00:00,882.56,896.49,878.45,886.97,1870632923,45.37,5.96,11.4,-5.44,956.24,910.93,865.62,910.93,884.57,913.16,24.41,24.94,18.79
2026-01-23 00:00:00+00:00,886.97,902.14,883.28,890.77,2043693107,46.68,4.17,9.95,-5.79,955.32,911.53,867.74,911.53,884.39,914.31,24.01,29.14,24.72
2026-01-24 00:00:00+00:00,890.78,892.82,885.55,886.18,1290044834,45.27,2.35,8.43,-6.08,955.74,911.12,866.51,911.12,884.42,915.43,22.82,24.07,26.05
2026-01-25 00:00:00+00:00,886.18,886.18,855.91,864.73,2065395074,39.31,-0.81,6.59,-7.4,958.03,908.82,859.62,908.82,883.91,916.41,23.35,8.91,20.71
2026-01-26 00:00:00+00:00,864.73,880.03,864.73,878.74,2107947407,44.46,-2.16,4.84,-7.0,957.68,906.88,856.09,906.88,883.6,917.38,22.77,23.07,18.68
2026-01-27 00:00:00+00:00,878.74,899.84,875.37,897.67,2080464235,50.55,-1.68,3.53,-5.22,957.65,906.8,855.94,906.8,883.6,918.42,22.89,42.2,24.73
2026-01-28 00:00:00+00:00,897.66,907.37,893.47,901.35,1929255921,51.66,-1.0,2.63,-3.62,957.71,907.28,856.84,907.28,883.66,919.49,22.25,45.92,37.07
2026-01-29 00:00:00+00:00,901.39,904.44,853.19,867.1,3967708737,42.17,-3.18,1.47,-4.64,959.2,905.86,852.51,905.86,883.1,920.37,24.32,13.68,33.94
2026-01-30 00:00:00+00:00,867.09,867.92,832.56,857.26,3063940340,39.9,-5.64,0.04,-5.68,961.01,903.41,845.82,903.41,882.53,921.21,25.11,20.2,26.6
2026-01-31 00:00:00+00:00,857.25,858.86,765.69,780.48,3250985432,27.48,-13.63,-2.69,-10.94,976.94,897.3,817.67,897.3,880.5,921.66,29.97,7.91,13.93
2026-02-01 00:00:00+00:00,780.46,788.16,742.96,758.46,2530207621,25.07,-21.48,-6.45,-15.04,990.74,889.95,789.16,889.95,877.72,921.91,31.06,8.17,12.09
2026-02-02 00:00:00+00:00,758.43,779.32,730.07,774.58,3129876950,29.91,-26.11,-10.38,-15.73,991.49,881.56,771.63,881.56,875.65,922.18,32.36,22.06,12.72
2026-02-03 00:00:00+00:00,774.57,782.14,736.81,753.58,2673231321,27.42,-31.11,-14.53,-16.59,990.82,871.78,752.75,871.78,873.55,922.3,33.29,13.26,14.5
2026-02-04 00:00:00+00:00,753.57,763.9,687.34,697.86,3263769381,22.16,-39.12,-19.45,-19.68,998.81,860.13,721.46,860.13,870.01,922.12,36.38,4.78,13.37
2026-02-05 00:00:00+00:00,697.82,699.75,603.39,606.54,4896219244,16.55,-52.24,-26.0,-26.23,1017.81,843.58,669.36,843.58,865.29,921.36,40.66,1.04,6.36
2026-02-06 00:00:00+00:00,606.55,668.4,576.72,657.42,4201603681,27.55,-57.86,-32.38,-25.48,1014.88,829.1,643.32,829.1,861.85,920.81,44.31,24.41,10.07
2026-02-07 00:00:00+00:00,657.42,662.0,631.95,647.35,2237248068,26.8,-62.41,-38.38,-24.02,1010.69,814.84,618.99,814.84,857.68,920.12,43.29,21.36,15.6
2026-02-08 00:00:00+00:00,647.35,650.41,633.62,640.25,1623329068,26.25,-65.82,-43.87,-21.95,1004.43,800.73,597.02,800.73,853.41,919.44,41.39,19.21,21.66
2026-02-09 00:00:00+00:00,640.21,644.58,616.7,635.95,1879500739,25.91,-68.1,-48.72,-19.38,1000.6,788.29,575.98,788.29,848.97,918.76,40.43,17.91,19.5
2026-02-10 00:00:00+00:00,635.96,640.96,614.7,619.57,1623315797,24.59,-70.4,-53.05,-17.35,995.3,775.14,554.98,775.14,844.21,917.93,39.42,12.96,16.7
2026-02-11 00:00:00+00:00,619.57,623.18,587.81,607.19,2137150889,23.61,-72.4,-56.92,-15.48,986.88,761.15,535.42,761.15,839.47,917.0,39.13,9.3,13.39
2026-02-12 00:00:00+00:00,607.19,619.12,601.83,613.71,1596683425,25.3,-72.62,-60.06,-12.56,973.54,747.3,521.06,747.3,834.82,915.85,37.57,12.7,11.65
2026-02-13 00:00:00+00:00,613.71,621.91,592.6,619.08,1865657141,26.73,-71.53,-62.36,-9.18,957.18,733.94,510.71,733.94,830.62,914.84,36.98,15.01,12.34
2026-02-14 00:00:00+00:00,619.09,636.56,616.19,633.35,1422078768,30.55,-68.73,-63.63,-5.1,941.01,722.37,503.74,722.37,826.6,913.98,35.79,26.78,18.17
2026-02-15 00:00:00+00:00,633.33,640.56,609.22,614.64,1572726908,28.46,-67.24,-64.35,-2.89,919.79,709.17,498.55,709.17,822.0,913.09,35.47,18.46,20.09
2026-02-16 00:00:00+00:00,614.66,629.67,605.37,626.57,1384918308,31.68,-64.36,-64.35,-0.0,889.38,695.61,501.85,695.61,817.36,912.3,34.68,24.27,23.17
2026-02-17 00:00:00+00:00,626.58,630.45,610.82,617.56,1273885332,30.56,-62.08,-63.9,1.82,851.92,681.42,510.93,681.42,812.68,911.61,33.6,21.82,21.52
2026-02-18 00:00:00+00:00,617.56,624.69,602.27,604.52,1407996950,28.97,-60.64,-63.25,2.61,817.72,668.3,518.87,668.3,807.56,910.94,32.8,22.6,22.89
2026-02-19 00:00:00+00:00,604.52,613.75,597.5,607.16,1468442931,29.76,-58.6,-62.32,3.72,778.02,655.79,533.56,655.79,802.44,910.22,31.62,33.2,25.87
2026-02-20 00:00:00+00:00,607.18,628.99,601.87,625.66,1709915616,35.25,-54.86,-60.83,5.97,755.78,648.05,540.32,648.05,797.69,909.51,31.3,51.02,35.61
2026-02-21 00:00:00+00:00,625.67,633.59,624.1,625.9,1183913259,35.32,-51.29,-58.92,7.63,736.07,641.42,546.78,641.42,792.59,908.86,29.74,60.85,48.36
2026-02-22 00:00:00+00:00,625.89,626.53,610.29,614.41,1089029749,33.44,-48.82,-56.9,8.08,704.89,633.41,561.94,633.41,787.31,908.08,28.78,46.86,52.91
2026-02-23 00:00:00+00:00,614.41,614.86,586.02,595.87,2110764624,30.61,-47.81,-55.08,7.27,671.39,625.53,579.67,625.53,781.34,907.12,28.78,17.93,41.88
2026-02-24 00:00:00+00:00,595.88,602.23,578.34,584.11,1777417541,28.94,-47.41,-53.55,6.14,654.87,619.84,584.82,619.84,774.81,906.08,28.43,9.27,24.69
2026-02-25 00:00:00+00:00,584.11,636.51,582.2,629.07,2691687940,42.0,-42.97,-51.43,8.46,655.64,620.97,586.3,620.97,769.04,905.23,30.28,81.53,36.25
2026-02-26 00:00:00+00:00,629.08,633.1,615.25,625.91,2766164029,41.42,-39.25,-48.99,9.74,649.67,619.39,589.11,619.39,763.57,904.33,29.39,76.45,55.75
2026-02-27 00:00:00+00:00,625.92,633.19,607.45,613.97,1782727960,39.23,-36.85,-46.57,9.72,645.05,617.72,590.39,617.72,758.01,903.36,29.13,57.26,71.75
2026-02-28 00:00:00+00:00,613.97,620.11,589.55,617.25,1819918584,40.17,-34.28,-44.11,9.83,641.76,616.57,591.38,616.57,752.45,902.28,29.23,62.54,65.42
2026-03-01 00:00:00+00:00,617.24,631.62,611.67,618.11,1918919287,40.43,-31.81,-41.65,9.84,639.19,615.68,592.17,615.68,746.69,901.13,28.57,68.37,62.72
2026-03-02 00:00:00+00:00,618.09,651.09,613.54,637.24,1947915391,46.02,-27.99,-38.92,10.93,641.94,616.56,591.19,616.56,741.38,900.11,29.21,80.96,70.62
2026-03-03 00:00:00+00:00,637.25,641.44,621.84,633.83,1802590269,45.21,-24.94,-36.12,11.18,643.99,617.9,591.8,617.9,735.95,899.14,28.53,76.27,75.2
2026-03-04 00:00:00+00:00,633.83,665.1,627.16,657.82,2127945160,51.69,-20.36,-32.97,12.61,651.6,620.1,588.6,620.1,730.25,898.24,29.2,91.61,82.95
2026-03-05 00:00:00+00:00,657.82,664.64,646.89,647.63,1672800685,49.04,-17.35,-29.85,12.49,655.34,621.53,587.72,621.53,724.22,897.19,28.38,79.86,82.58
2026-03-06 00:00:00+00:00,647.62,651.23,626.0,627.27,1385900394,44.16,-16.42,-27.16,10.74,654.69,621.22,587.76,621.22,718.15,896.09,28.16,56.4,75.96
2026-03-07 00:00:00+00:00,627.28,629.96,619.04,620.07,1082294510,42.55,-16.08,-24.95,8.87,654.83,621.5,588.17,621.5,711.8,895.07,26.92,48.1,61.45
2026-03-08 00:00:00+00:00,620.07,623.8,609.4,612.04,1289759347,40.76,-16.27,-23.21,6.94,654.27,620.77,587.27,620.77,705.1,893.79,26.03,38.84,47.78
2026-03-09 00:00:00+00:00,612.04,642.11,611.77,634.5,1626567950,47.41,-14.44,-21.46,7.02,655.63,621.62,587.61,621.62,699.14,892.77,26.34,64.73,50.56
2026-03-10 00:00:00+00:00,634.51,651.53,634.5,641.88,1580638205,49.42,-12.25,-19.62,7.36,657.64,623.48,589.33,623.48,693.53,891.48,25.67,71.99,58.52
2026-03-11 00:00:00+00:00,641.88,655.04,636.73,651.48,1616600713,52.0,-9.64,-17.62,7.98,661.13,625.7,590.27,625.7,688.86,890.34,25.15,81.97,72.9
2026-03-12 00:00:00+00:00,651.47,656.02,642.48,652.14,1564250832,52.18,-7.42,-15.58,8.16,664.37,627.02,589.68,627.02,684.26,889.22,24.32,82.85,78.94
2026-03-13 00:00:00+00:00,652.13,677.75,651.46,655.88,2275392491,53.25,-5.3,-13.53,8.22,668.03,628.52,589.02,628.52,679.63,888.3,24.46,75.2,80.01
2026-03-14 00:00:00+00:00,655.87,657.87,650.62,657.83,1300376753,53.83,-3.43,-11.51,8.08,671.68,630.69,589.71,630.69,674.97,887.27,23.23,70.86,76.3
2026-03-15 00:00:00+00:00,657.82,678.33,654.7,673.7,1570006668,58.35,-0.66,-9.34,8.68,676.42,634.59,592.76,634.59,670.72,886.36,23.26,93.28,79.78
2026-03-16 00:00:00+00:00,673.71,685.4,670.89,679.35,2399816312,59.86,1.98,-7.07,9.05,678.59,639.35,600.11,639.35,667.02,885.38,22.63,92.04,85.39
2026-03-17 00:00:00+00:00,679.36,685.63,664.72,668.78,1875359590,55.79,3.17,-5.02,8.2,682.36,641.33,600.31,641.33,662.82,884.41,22.51,77.9,87.74
2026-03-18 00:00:00+00:00,668.78,676.3,645.6,652.06,1920423223,50.0,2.74,-3.47,6.21,683.26,642.64,602.02,642.64,657.91,883.36,23.09,55.96,75.3
2026-03-19 00:00:00+00:00,652.06,655.26,634.04,639.27,1763650441,46.05,1.35,-2.51,3.86,682.28,643.91,605.53,643.91,652.66,882.27,22.96,39.18,57.68
2026-03-20 00:00:00+00:00,639.27,646.86,637.08,642.18,1633691311,47.08,0.48,-1.91,2.39,681.45,645.15,608.86,645.15,648.17,881.25,22.02,43.0,46.05
2026-03-21 00:00:00+00:00,642.19,645.59,629.89,630.13,1236470411,43.41,-1.17,-1.76,0.59,680.53,645.75,610.98,645.75,643.62,880.14,21.57,27.19,36.46
2026-03-22 00:00:00+00:00,629.88,636.67,622.87,626.6,1616327413,42.37,-2.74,-1.96,-0.78,680.86,645.22,609.58,645.22,640.55,879.0,21.01,20.08,30.09
2026-03-23 00:00:00+00:00,626.6,648.42,621.03,638.54,2371029968,47.0,-2.98,-2.16,-0.81,680.84,645.46,610.08,645.46,638.15,877.97,21.47,27.11,24.79
2026-03-24 00:00:00+00:00,638.55,639.35,627.4,638.25,1645704845,46.9,-3.15,-2.36,-0.79,679.5,644.48,609.46,644.48,635.42,876.91,20.79,26.66,24.61
2026-03-25 00:00:00+00:00,638.25,651.96,638.23,647.33,1700935601,50.41,-2.53,-2.39,-0.14,679.48,644.46,609.45,644.46,633.3,875.84,20.28,40.71,31.49
2026-03-26 00:00:00+00:00,647.33,647.85,623.06,628.99,1566197398,44.08,-3.48,-2.61,-0.87,679.4,644.55,609.7,644.55,631.92,874.58,20.61,12.32,26.56
2026-03-27 00:00:00+00:00,628.99,631.23,606.01,613.29,1674423686,39.5,-5.43,-3.18,-2.26,680.18,644.21,608.25,644.21,632.05,873.26,20.94,9.14,20.73
2026-03-28 00:00:00+00:00,613.31,617.55,610.2,610.7,875286131,38.78,-7.11,-3.96,-3.15,680.36,644.14,607.92,644.14,631.12,871.91,19.97,5.89,9.12
2026-03-29 00:00:00+00:00,610.7,614.48,598.73,605.68,1340354447,37.37,-8.74,-4.92,-3.82,682.64,642.7,602.76,642.7,630.29,870.47,19.66,8.0,7.68
2026-03-30 00:00:00+00:00,605.69,620.23,605.2,608.55,1691424092,38.75,-9.69,-5.87,-3.82,683.8,641.04,598.27,641.04,629.65,869.0,19.33,11.3,8.4
2026-03-31 00:00:00+00:00,608.56,618.49,599.75,617.05,1789909133,42.75,-9.65,-6.63,-3.02,683.07,639.32,595.56,639.32,629.27,867.46,19.29,23.62,14.31
2026-04-01 00:00:00+00:00,617.05,620.95,610.3,610.62,1708753116,40.59,-10.02,-7.31,-2.71,682.35,637.24,592.13,637.24,629.09,865.84,18.67,21.03,18.65
2026-04-02 00:00:00+00:00,610.62,612.97,570.68,583.14,2253593411,32.93,-12.38,-8.32,-4.06,683.83,633.6,583.38,633.6,628.61,864.12,20.36,15.33,19.99
2026-04-03 00:00:00+00:00,583.14,589.09,582.39,588.1,1249381771,35.3,-13.7,-9.4,-4.3,682.87,630.12,577.36,630.12,628.1,862.46,19.38,21.43,19.26
2026-04-04 00:00:00+00:00,588.1,595.7,587.4,593.28,730361887,37.78,-14.16,-10.35,-3.81,677.1,626.09,575.09,626.09,627.59,860.65,18.59,27.81,21.52
2026-04-05 00:00:00+00:00,593.28,603.0,587.62,601.54,869628725,41.62,-13.71,-11.02,-2.68,667.67,622.2,576.74,622.2,626.95,858.71,18.36,37.97,29.07
2026-04-06 00:00:00+00:00,601.54,608.57,597.86,600.39,1559391237,41.23,-13.28,-11.47,-1.81,659.55,618.78,578.02,618.78,626.66,856.8,17.82,36.55,34.11
2026-04-07 00:00:00+00:00,600.38,623.72,593.14,620.9,1954715522,50.03,-11.17,-11.41,0.25,654.9,617.23,579.56,617.23,626.55,854.98,18.73,61.79,45.44
2026-04-08 00:00:00+00:00,620.86,621.14,600.34,601.17,2031695469,43.31,-10.95,-11.32,0.37,652.14,615.32,578.5,615.32,626.22,852.78,18.88,39.51,45.95
2026-04-09 00:00:00+00:00,601.17,610.08,597.37,602.83,1836620252,44.0,-10.53,-11.16,0.63,648.29,613.35,578.42,613.35,626.19,850.55,18.44,53.1,51.46
2026-04-10 00:00:00+00:00,602.83,610.14,598.03,605.99,1779562868,45.34,-9.82,-10.89,1.07,646.3,612.15,577.99,612.15,626.17,848.61,17.98,66.57,53.06
2026-04-11 00:00:00+00:00,605.99,613.91,603.79,607.39,1673930281,45.96,-9.05,-10.52,1.48,644.7,611.19,577.67,611.19,625.8,846.56,17.42,69.21,62.96
2026-04-12 00:00:00+00:00,607.39,607.41,589.61,592.21,1835478450,40.59,-9.55,-10.33,0.78,640.79,608.87,576.95,608.87,625.13,844.43,17.45,40.59,58.79
2026-04-13 00:00:00+00:00,592.22,617.3,592.1,615.05,1956433843,50.05,-8.01,-9.87,1.86,636.69,607.71,578.73,607.71,625.14,842.78,18.0,83.65,64.49
2026-04-14 00:00:00+00:00,615.05,624.88,611.77,614.04,2008088284,49.68,-6.79,-9.25,2.46,628.54,606.05,583.55,606.05,625.5,841.04,17.65,80.0,68.08
2026-04-15 00:00:00+00:00,614.04,626.79,610.95,622.67,1644633857,52.94,-5.07,-8.41,3.34,627.01,605.73,584.45,605.73,626.27,839.31,17.52,92.66,85.44
2026-04-16 00:00:00+00:00,622.67,636.81,616.12,635.58,1856483537,57.38,-2.64,-7.26,4.62,631.81,606.84,581.88,606.84,626.4,837.52,17.75,97.74,90.13
2026-04-17 00:00:00+00:00,635.58,645.68,627.16,643.45,1994808217,59.87,-0.07,-5.82,5.75,638.33,608.48,578.63,608.48,626.75,835.59,17.81,96.17,95.52
2026-04-18 00:00:00+00:00,643.46,648.5,628.57,630.32,1585391318,54.19,0.89,-4.48,5.37,641.07,609.71,578.35,609.71,627.08,833.7,17.96,70.14,88.02
2026-04-19 00:00:00+00:00,630.32,630.47,615.61,616.52,1507732097,48.93,0.53,-3.48,4.01,641.61,610.11,578.61,610.11,627.07,831.65,17.74,45.7,70.67
2026-04-20 00:00:00+00:00,616.52,631.8,616.46,629.26,1537738592,53.42,1.26,-2.53,3.79,643.24,610.72,578.2,610.72,627.29,829.34,17.56,67.33,61.05
2026-04-21 00:00:00+00:00,629.26,640.54,625.45,631.79,1638232350,54.28,2.02,-1.62,3.64,645.64,611.78,577.92,611.78,627.18,826.55,17.39,71.63,61.55
2026-04-22 00:00:00+00:00,631.79,651.98,631.41,637.93,1843147330,56.39,3.09,-0.68,3.76,647.48,614.52,581.57,614.52,627.26,823.99,17.62,77.47,72.14
2026-04-23 00:00:00+00:00,637.93,640.26,631.4,638.73,1592966390,56.67,3.95,0.25,3.7,649.23,617.05,584.87,617.05,626.88,821.35,16.99,78.76,75.95
2026-04-24 00:00:00+00:00,638.73,640.23,632.48,636.4,1358812029,55.55,4.39,1.08,3.31,650.45,619.21,587.97,619.21,626.66,818.42,16.33,75.02,77.08
2026-04-25 00:00:00+00:00,636.4,638.44,627.65,628.66,758377286,51.88,4.07,1.68,2.4,650.91,620.56,590.21,620.56,626.68,815.01,15.93,62.61,72.13
2026-04-26 00:00:00+00:00,628.66,637.4,627.75,636.11,1164927198,54.96,4.37,2.21,2.15,651.89,622.35,592.81,622.35,627.01,811.66,15.49,73.5,70.38
2026-04-27 00:00:00+00:00,636.11,639.69,619.83,626.96,1637610223,50.67,3.82,2.54,1.29,652.26,622.65,593.05,622.65,627.3,808.51,15.8,39.02,58.38
2026-04-28 00:00:00+00:00,626.96,627.42,619.69,624.31,1232472114,49.47,3.14,2.66,0.48,651.64,623.81,595.98,623.81,627.1,806.1,15.22,32.56,48.36
2026-04-29 00:00:00+00:00,624.32,629.28,611.43,617.33,1599657620,46.34,2.01,2.53,-0.52,650.77,624.54,598.3,624.54,626.61,803.5,15.41,14.55,28.71
2026-04-30 00:00:00+00:00,617.33,620.09,613.92,615.07,1271759829,45.35,0.92,2.21,-1.28,650.17,624.99,599.81,624.99,625.88,800.06,14.75,8.98,18.7
2026-05-01 00:00:00+00:00,615.06,622.49,614.27,615.33,1373446549,45.49,0.08,1.78,-1.7,649.63,625.39,601.14,625.39,625.14,796.67,14.28,9.62,11.05
2026-05-02 00:00:00+00:00,615.33,620.38,614.18,617.83,712563317,46.95,-0.38,1.35,-1.73,645.67,626.67,607.67,626.67,624.38,793.7,13.71,15.78,11.46
2026-05-03 00:00:00+00:00,617.83,621.74,615.11,617.48,834198484,46.76,-0.76,0.93,-1.69,645.51,626.79,608.07,626.79,623.58,790.98,13.2,14.92,13.44
2026-05-04 00:00:00+00:00,617.48,637.51,615.69,622.66,2279940194,49.98,-0.64,0.61,-1.26,645.08,627.22,609.36,627.22,622.56,788.36,13.82,27.69,19.47
2026-05-05 00:00:00+00:00,622.66,634.39,622.57,630.39,1737844496,54.4,0.08,0.51,-0.43,645.38,627.61,609.83,627.61,621.58,786.15,13.67,46.76,29.79
2026-05-06 00:00:00+00:00,630.39,662.1,629.64,647.57,2481476834,62.36,2.01,0.81,1.2,647.83,628.21,608.58,628.21,621.15,783.92,15.02,71.32,48.59
2026-05-07 00:00:00+00:00,647.58,652.89,634.2,637.02,1667366871,55.91,2.66,1.18,1.48,646.65,627.88,609.12,627.88,620.85,781.56,15.28,50.5,56.19
2026-05-08 00:00:00+00:00,637.02,651.15,635.11,649.01,1438423521,60.87,4.09,1.76,2.33,649.82,628.82,607.82,628.82,621.05,779.3,15.33,74.17,65.33
2026-05-09 00:00:00+00:00,649.02,655.59,646.35,649.74,1278930889,61.15,5.23,2.45,2.78,652.61,630.48,608.35,630.48,621.2,777.26,14.9,75.61,66.76
2026-05-10 00:00:00+00:00,649.74,666.18,645.05,663.66,1412124607,66.23,7.17,3.4,3.77,658.82,632.2,605.58,632.2,621.87,775.22,15.34,95.4,81.72
2026-05-11 00:00:00+00:00,663.66,672.29,649.78,669.97,1803928124,68.25,9.11,4.54,4.57,665.63,634.11,602.58,634.11,622.74,772.93,15.85,96.19,89.06
2026-05-12 00:00:00+00:00,669.98,670.73,650.74,664.54,1642513243,64.66,10.1,5.65,4.45,669.76,635.44,601.11,635.44,623.26,770.71,16.15,87.27,92.95
2026-05-13 00:00:00+00:00,664.54,685.1,664.41,671.38,1960838590,67.02,11.3,6.78,4.52,674.97,637.07,599.17,637.07,623.92,768.48,16.47,80.72,88.06
2026-05-14 00:00:00+00:00,671.38,685.03,665.53,677.94,1656801797,69.14,12.64,7.95,4.68,681.22,639.15,597.08,639.15,624.53,766.18,16.69,89.9,85.96
2026-05-15 00:00:00+00:00,677.95,689.12,670.2,672.11,1703187702,65.13,13.07,8.98,4.1,685.54,641.32,597.1,641.32,625.39,763.85,16.85,77.3,82.64
2026-05-16 00:00:00+00:00,672.1,674.15,650.86,656.22,1379762213,55.64,12.0,9.58,2.42,686.96,642.33,597.69,642.33,626.25,761.61,17.31,55.55,74.25
2026-05-17 00:00:00+00:00,656.21,657.04,643.22,648.79,783703455,51.84,10.43,9.75,0.68,687.54,643.42,599.3,643.42,627.01,759.32,17.06,45.08,59.31
2026-05-18 00:00:00+00:00,648.78,649.01,634.87,643.06,1418244426,49.06,8.62,9.53,-0.9,687.55,644.35,601.16,644.35,627.76,757.14,16.85,30.79,43.8
2026-05-19 00:00:00+00:00,643.06,646.09,636.67,639.45,1113171362,47.33,6.82,8.98,-2.16,686.84,645.46,604.08,645.46,628.38,754.89,16.32,16.49,30.79
2026-05-20 00:00:00+00:00,639.43,650.74,637.55,648.82,1126919622,52.04,6.08,8.4,-2.32,685.98,647.15,608.31,647.15,629.01,752.67,16.1,26.62,24.63
2026-05-21 00:00:00+00:00,648.82,658.85,646.05,657.35,1228340767,55.91,6.11,7.94,-1.83,685.28,649.25,613.22,649.25,629.95,750.53,15.86,41.44,28.18
2026-05-22 00:00:00+00:00,657.34,662.88,648.67,649.47,1327486028,51.76,5.44,7.44,-2.01,683.69,650.83,617.97,650.83,631.28,748.81,15.74,26.91,31.66
2026-05-23 00:00:00+00:00,649.48,661.5,635.65,655.71,1294474331,54.63,5.34,7.02,-1.68,681.65,652.74,623.84,652.74,632.63,747.4,16.47,38.41,35.59
2026-05-24 00:00:00+00:00,655.71,661.0,649.51,656.1,1104832926,54.81,5.24,6.67,-1.43,679.62,654.42,629.21,654.42,633.88,745.88,16.11,39.13,34.82
2026-05-25 00:00:00+00:00,656.09,672.23,655.44,662.3,1309145054,57.7,5.59,6.45,-0.86,678.73,656.01,633.29,656.01,635.1,744.45,16.16,50.56,42.7
2026-05-26 00:00:00+00:00,662.31,667.14,653.28,655.6,1618469382,53.71,5.27,6.22,-0.94,678.79,656.41,634.04,656.41,636.2,742.78,15.99,38.21,42.64
2026-05-27 00:00:00+00:00,655.6,657.93,646.19,648.16,1299270396,49.6,4.37,5.85,-1.48,677.82,656.97,636.12,656.97,636.75,741.07,15.69,24.5,37.76
2026-05-28 00:00:00+00:00,648.16,648.16,628.17,637.49,1387114881,44.35,2.76,5.23,-2.47,678.75,656.39,634.04,656.39,637.48,739.27,16.0,15.29,26.0
2026-05-29 00:00:00+00:00,637.5,643.69,631.31,642.29,1229212667,47.06,1.85,4.55,-2.7,679.08,656.02,632.96,656.02,638.26,737.52,15.74,30.71,23.5
2026-05-30 00:00:00+00:00,642.3,726.18,642.09,717.93,3590363740,71.02,7.15,5.07,2.08,694.72,658.73,622.74,658.73,640.5,736.32,20.62,91.58,45.86
2026-05-31 00:00:00+00:00,717.93,743.36,704.97,708.58,3011261654,66.99,10.48,6.15,4.32,702.81,660.66,618.52,660.66,642.53,735.1,21.89,69.81,64.03
2026-06-01 00:00:00+00:00,708.55,725.19,674.93,692.13,3603890086,60.47,11.65,7.25,4.4,706.47,662.04,617.62,662.04,644.53,733.92,23.92,55.53,72.3
2026-06-02 00:00:00+00:00,692.13,694.25,645.62,650.43,2212967555,47.79,9.11,7.62,1.49,705.48,661.0,616.51,661.0,645.23,732.59,25.68,19.32,48.22
2026-06-03 00:00:00+00:00,650.42,655.15,617.63,620.1,2023083015,41.05,4.6,7.02,-2.42,705.38,658.1,610.83,658.1,645.35,731.03,26.53,1.96,25.6
2026-06-04 00:00:00+00:00,620.1,623.09,588.54,603.53,2306830558,37.9,-0.31,5.55,-5.87,707.32,654.68,602.03,654.68,644.97,729.41,27.1,9.68,10.32
2026-06-05 00:00:00+00:00,603.53,606.2,558.39,572.11,2607132303,32.77,-6.66,3.11,-9.77,714.75,650.47,586.19,650.47,643.7,727.74,28.58,7.42,6.35
2026-06-06 00:00:00+00:00,572.13,583.12,561.02,574.51,1418745727,33.51,-11.37,0.21,-11.58,719.47,646.76,574.04,646.76,642.32,725.95,28.12,8.71,8.6
2026-06-07 00:00:00+00:00,574.5,606.81,573.81,603.63,1355939748,41.88,-12.61,-2.35,-10.26,720.02,644.78,569.55,644.78,641.79,724.49,28.47,24.46,13.53
2026-06-08 00:00:00+00:00,603.65,609.7,592.06,601.63,1157549571,41.49,-13.59,-4.6,-8.99,720.55,642.89,565.23,642.89,641.49,723.17,27.69,23.38,18.85
2026-06-09 00:00:00+00:00,601.63,604.85,584.65,592.85,1187053835,39.76,-14.91,-6.66,-8.25,720.83,640.1,559.36,640.1,640.76,721.98,27.16,18.63,22.15
2026-06-10 00:00:00+00:00,592.85,596.51,581.29,586.17,1017565363,38.44,-16.3,-8.59,-7.71,720.29,636.54,552.79,636.54,639.85,720.75,26.3,15.02,19.01
2026-06-11 00:00:00+00:00,586.17,605.41,586.09,605.04,1095074108,44.07,-15.7,-10.01,-5.69,718.97,634.31,549.66,634.31,639.19,719.56,25.81,25.22,19.62
2026-06-12 00:00:00+00:00,605.05,611.74,596.29,603.51,994015378,43.72,-15.18,-11.05,-4.13,716.8,631.7,546.61,631.7,638.49,718.25,25.07,24.39,21.54
2026-06-13 00:00:00+00:00,603.51,610.42,599.48,609.54,821135662,45.55,-14.11,-11.66,-2.45,714.21,629.38,544.54,629.38,637.95,716.99,24.06,27.65,25.76
2026-06-14 00:00:00+00:00,609.54,616.38,602.64,616.09,1036522794,47.55,-12.59,-11.85,-0.75,710.63,627.07,543.5,627.07,637.7,715.61,23.32,34.59,28.88
2026-06-15 00:00:00+00:00,616.13,616.85,613.34,620.29,1076386048,48.84,-10.92,-11.66,0.74,707.81,625.3,542.79,625.3,637.38,714.23,21.91,45.56,35.94
