Date,Open,High,Low,Close,Volume,RSI,MACD,Signal,Histogramme,BB_Haute,BB_Moyenne,BB_Basse,MM20,MM50,MM200,ATR,Stoch_K,Stoch_D
2024-06-15 00:00:00+00:00,3479.79,3589.89,3473.45,3565.55,12733651076,,0.0,0.0,0.0,,,,,,,,,
2024-06-16 00:00:00+00:00,3566.76,3648.09,3541.53,3620.56,9878388158,,4.39,0.88,3.51,,,,,,,,,
2024-06-17 00:00:00+00:00,3622.38,3634.29,3468.15,3511.38,17838856988,,-0.93,0.52,-1.45,,,,,,,,,
2024-06-18 00:00:00+00:00,3510.57,3514.18,3371.59,3483.68,21022514455,,-7.3,-1.05,-6.25,,,,,,,,,
2024-06-19 00:00:00+00:00,3482.35,3583.32,3466.48,3559.35,15275373778,,-6.17,-2.07,-4.1,,,,,,,,,
2024-06-20 00:00:00+00:00,3559.35,3623.89,3485.46,3511.09,16115123753,,-9.07,-3.47,-5.59,,,,,,,,,
2024-06-21 00:00:00+00:00,3511.27,3542.96,3447.94,3516.08,15933353456,,-10.83,-4.94,-5.89,,,,,,,,,
2024-06-22 00:00:00+00:00,3516.55,3519.5,3477.17,3494.81,7423703673,,-13.79,-6.71,-7.08,,,,,,,,,
2024-06-23 00:00:00+00:00,3494.95,3519.32,3408.58,3418.61,9418141333,,-22.03,-9.77,-12.25,,,,,,,,,
2024-06-24 00:00:00+00:00,3418.78,3430.7,3244.24,3350.26,23137744903,,-33.68,-14.56,-19.13,,,,,,,,,
2024-06-25 00:00:00+00:00,3350.56,3422.21,3335.56,3395.03,13235546063,,-38.86,-19.42,-19.44,,,,,,,,,
2024-06-26 00:00:00+00:00,3394.37,3421.51,3328.39,3369.48,11694054195,,-44.51,-24.44,-20.07,,,,,,,,,
2024-06-27 00:00:00+00:00,3368.89,3470.92,3362.26,3444.8,11771834016,,-42.42,-28.03,-14.39,,,,,,,,,
2024-06-28 00:00:00+00:00,3445.5,3482.96,3363.44,3373.64,12861158844,,-45.98,-31.62,-14.36,,,,,,,114.51,32.04,
2024-06-29 00:00:00+00:00,3373.69,3401.73,3369.55,3372.97,6584792001,36.26,-48.3,-34.96,-13.34,,,,,,,105.74,31.88,
2024-06-30 00:00:00+00:00,3373.08,3453.21,3352.28,3432.89,8396416013,44.48,-44.78,-36.92,-7.86,,,,,,,105.25,48.37,37.43
2024-07-01 00:00:00+00:00,3432.61,3513.31,3425.32,3440.34,12281551839,45.42,-40.92,-37.72,-3.2,,,,,,,103.53,51.65,43.96
2024-07-02 00:00:00+00:00,3439.38,3459.76,3399.03,3416.35,9421757718,42.9,-39.35,-38.05,-1.3,,,,,,,99.38,45.33,48.45
2024-07-03 00:00:00+00:00,3416.25,3426.33,3254.52,3292.92,16121324440,32.8,-47.51,-39.94,-7.57,,,,,,,106.23,12.82,36.6
2024-07-04 00:00:00+00:00,3291.82,3309.2,3054.52,3054.52,20252514386,22.01,-72.38,-46.43,-25.95,3672.78,3431.22,3189.65,3431.22,,,119.95,0.0,19.39
2024-07-05 00:00:00+00:00,3057.83,3106.15,2826.01,2981.6,31131942647,19.86,-96.86,-56.51,-40.35,3707.83,3402.02,3096.2,3402.02,,,134.45,22.44,11.75
2024-07-06 00:00:00+00:00,2981.99,3080.11,2957.4,3069.38,11586293705,28.87,-107.93,-66.8,-41.13,3696.27,3374.46,3052.64,3374.46,,,133.4,35.1,19.18
2024-07-07 00:00:00+00:00,3067.41,3072.81,2923.96,2929.39,10857947538,24.2,-126.54,-78.75,-47.8,3716.51,3345.36,2974.21,3345.36,,,134.75,15.04,24.19
2024-07-08 00:00:00+00:00,2929.86,3090.66,2826.48,3018.73,22627377457,31.79,-132.56,-89.51,-43.05,3714.43,3322.11,2929.8,3322.11,,,145.88,28.04,26.06
2024-07-09 00:00:00+00:00,3018.8,3105.8,3005.52,3064.03,15269945822,35.32,-132.14,-98.04,-34.11,3689.14,3297.35,2905.55,3297.35,,,142.01,34.63,25.9
2024-07-10 00:00:00+00:00,3066.14,3148.41,3026.61,3102.22,14578679176,38.23,-127.27,-103.88,-23.39,3664.38,3276.9,2889.42,3276.9,,,140.32,40.19,34.29
2024-07-11 00:00:00+00:00,3101.34,3208.94,3057.22,3100.33,15230095766,38.14,-122.15,-107.54,-14.61,3634.06,3256.12,2878.17,3256.12,,,141.26,39.91,38.24
2024-07-12 00:00:00+00:00,3099.99,3154.6,3048.51,3134.16,12751638331,40.86,-114.05,-108.84,-5.21,3602.24,3238.08,2873.93,3238.08,,,138.39,44.83,41.65
2024-07-13 00:00:00+00:00,3134.55,3199.99,3115.08,3177.2,8565105946,44.23,-102.97,-107.66,4.7,3580.86,3226.01,2871.17,3226.01,,,134.07,51.1,45.28
2024-07-14 00:00:00+00:00,3176.74,3266.49,3166.43,3244.08,10517709666,49.08,-87.78,-103.69,15.91,3570.87,3220.7,2870.54,3220.7,,,131.34,60.83,52.25
2024-07-15 00:00:00+00:00,3246.13,3494.1,3235.78,3489.55,18305490390,62.1,-55.29,-94.01,38.71,3587.84,3225.43,2863.02,3225.43,,,141.43,99.32,70.41
2024-07-16 00:00:00+00:00,3486.14,3498.22,3351.78,3443.51,20446664416,59.05,-32.89,-81.78,48.9,3599.17,3229.13,2859.1,3229.13,,,141.82,91.86,84.0
2024-07-17 00:00:00+00:00,3446.74,3516.1,3379.1,3388.75,16739123962,55.55,-19.32,-69.29,49.97,3590.28,3226.33,2862.37,3226.33,,,141.44,81.55,90.91
2024-07-18 00:00:00+00:00,3388.03,3488.72,3374.99,3426.26,15035622003,57.41,-5.49,-56.53,51.04,3598.12,3228.96,2859.8,3228.96,,,139.29,86.98,86.8
2024-07-19 00:00:00+00:00,3425.91,3540.59,3377.88,3505.73,17705629736,61.12,11.76,-42.87,54.63,3620.12,3235.6,2851.08,3235.6,,,141.1,95.12,87.88
2024-07-20 00:00:00+00:00,3505.72,3539.9,3482.49,3519.3,10360198325,61.74,26.22,-29.05,55.27,3635.55,3239.92,2844.28,3239.92,,,134.68,97.02,93.04
2024-07-21 00:00:00+00:00,3519.43,3546.62,3415.44,3536.61,13845913681,62.55,38.63,-15.52,54.14,3652.78,3244.73,2836.68,3244.73,,,134.41,98.61,96.92
2024-07-22 00:00:00+00:00,3536.63,3560.08,3425.8,3440.42,18723199034,55.5,40.24,-4.37,44.6,3656.25,3245.93,2835.62,3245.93,,,134.4,78.42,91.35
2024-07-23 00:00:00+00:00,3440.77,3539.53,3395.42,3482.0,24468405650,57.72,44.36,5.38,38.98,3678.77,3255.39,2832.01,3255.39,,,135.13,85.36,87.47
2024-07-24 00:00:00+00:00,3482.15,3487.65,3304.04,3336.34,16040945448,48.59,35.46,11.39,24.06,3683.37,3269.48,2855.59,3269.48,,,138.78,56.26,73.35
2024-07-25 00:00:00+00:00,3336.36,3341.44,3088.76,3174.43,25293745810,40.85,15.17,12.15,3.02,3673.28,3279.12,2884.96,3279.12,,,147.33,24.61,55.41
2024-07-26 00:00:00+00:00,3174.05,3285.76,3172.78,3275.95,15993893521,46.6,7.19,11.16,-3.96,3671.1,3289.45,2907.8,3289.45,,,144.76,39.72,40.2
2024-07-27 00:00:00+00:00,3275.89,3327.43,3195.36,3247.61,15198233287,45.27,-1.39,8.65,-10.04,3648.38,3305.36,2962.34,3305.36,,,143.82,33.7,32.68
2024-07-28 00:00:00+00:00,3247.51,3283.15,3201.76,3271.46,8959236446,46.65,-6.2,5.68,-11.88,3634.13,3318.0,3001.87,3318.0,,,139.18,38.76,37.39
2024-07-29 00:00:00+00:00,3271.45,3396.63,3257.72,3320.54,18334852719,49.45,-5.99,3.34,-9.33,3623.52,3330.82,3038.13,3330.82,,,139.16,49.18,40.55
2024-07-30 00:00:00+00:00,3320.64,3365.32,3235.76,3278.67,14045773047,47.17,-9.09,0.86,-9.95,3613.35,3339.64,3065.94,3339.64,,,138.45,40.29,42.74
2024-07-31 00:00:00+00:00,3278.69,3347.64,3216.07,3231.3,16135380637,44.66,-15.19,-2.35,-12.84,3601.43,3346.19,3090.96,3346.19,,,137.94,30.24,39.9
2024-08-01 00:00:00+00:00,3231.25,3241.78,3078.54,3201.56,20217639556,43.11,-22.18,-6.32,-15.86,3594.59,3349.56,3104.54,3349.56,,,139.8,25.55,32.03
2024-08-02 00:00:00+00:00,3201.6,3214.53,2965.73,2986.01,21400241741,33.92,-44.59,-13.97,-30.62,3625.0,3340.0,3055.01,3340.0,,,147.8,3.41,19.73
2024-08-03 00:00:00+00:00,2985.95,3015.3,2861.18,2903.39,17844091431,31.18,-68.23,-24.82,-43.41,3666.77,3322.97,2979.17,3322.97,3318.1,,148.26,6.04,11.67
2024-08-04 00:00:00+00:00,2903.09,2931.47,2639.57,2686.4,21139601426,25.37,-103.29,-40.52,-62.77,3719.7,3282.81,2845.92,3282.81,3300.51,,158.76,5.09,4.85
2024-08-05 00:00:00+00:00,2686.03,2695.89,2122.55,2417.21,67668132244,20.32,-151.05,-62.62,-88.43,3807.77,3231.5,2655.22,3231.5,3276.45,,189.02,20.79,10.64
2024-08-06 00:00:00+00:00,2417.27,2553.58,2416.53,2458.72,26041995921,22.87,-183.44,-86.79,-96.65,3850.96,3185.0,2519.03,3185.0,3255.39,,185.23,24.63,16.84
2024-08-07 00:00:00+00:00,2458.99,2551.56,2312.17,2336.59,24264218606,20.77,-216.47,-112.72,-103.74,3885.68,3130.51,2375.34,3130.51,3232.45,,189.17,16.8,20.74
2024-08-08 00:00:00+00:00,2336.92,2721.95,2322.53,2683.35,23468291180,38.18,-212.21,-132.62,-79.59,3848.09,3089.39,2330.7,3089.39,3214.93,,204.45,44.02,28.48
2024-08-09 00:00:00+00:00,2683.72,2706.45,2555.23,2599.6,17907141655,36.11,-213.14,-148.72,-64.42,3803.88,3043.41,2282.94,3043.41,3196.7,,200.59,37.44,32.75
2024-08-10 00:00:00+00:00,2599.58,2642.93,2580.66,2610.02,9361014219,36.57,-210.61,-161.1,-49.51,3743.81,2997.08,2250.35,2997.08,3178.58,,190.56,38.26,39.91
2024-08-11 00:00:00+00:00,2609.97,2718.8,2544.17,2553.25,13595441987,35.09,-210.76,-171.03,-39.72,3693.94,2952.72,2211.5,2952.72,3159.75,,189.41,33.8,36.5
2024-08-12 00:00:00+00:00,2553.5,2749.14,2513.39,2724.43,21653090666,42.63,-194.81,-175.79,-19.02,3618.67,2914.84,2211.02,2914.84,3145.87,,192.76,48.43,40.17
2024-08-13 00:00:00+00:00,2724.3,2737.99,2613.8,2703.67,16383053029,42.0,-181.76,-176.98,-4.78,3563.75,2883.21,2202.66,2883.21,3132.93,,187.8,47.43,43.22
2024-08-14 00:00:00+00:00,2703.59,2775.28,2636.71,2662.91,15825365408,40.71,-172.71,-176.13,3.42,3530.5,2857.63,2184.77,2857.63,3118.29,,184.25,48.28,48.05
2024-08-15 00:00:00+00:00,2662.89,2675.31,2518.67,2570.09,16345801912,37.86,-171.06,-175.11,4.06,3476.61,2822.34,2168.07,2822.34,3102.3,,182.25,40.98,45.57
2024-08-16 00:00:00+00:00,2570.09,2629.38,2553.07,2593.19,13275561555,39.01,-165.97,-173.29,7.32,3419.33,2789.62,2159.9,2789.62,3085.27,,174.62,52.72,47.33
2024-08-17 00:00:00+00:00,2593.17,2626.67,2588.79,2614.55,6676568717,40.1,-158.39,-170.31,11.92,3348.02,2756.77,2165.52,2756.77,3070.09,,164.76,60.82,51.51
2024-08-18 00:00:00+00:00,2614.11,2684.03,2596.74,2613.36,9207267415,40.06,-150.74,-166.39,15.65,3252.19,2721.41,2190.63,2721.41,3054.9,,159.18,75.19,62.91
2024-08-19 00:00:00+00:00,2612.72,2648.28,2566.4,2637.31,11968963282,41.43,-141.12,-161.34,20.22,3151.42,2689.35,2227.27,2689.35,3038.99,,153.62,70.21,68.74
2024-08-20 00:00:00+00:00,2637.31,2695.91,2556.75,2573.11,13249483464,38.87,-137.09,-156.49,19.4,3043.68,2656.44,2269.19,2656.44,3021.64,,152.58,56.35,67.25
2024-08-21 00:00:00+00:00,2573.11,2662.95,2538.66,2631.4,12766015263,42.35,-127.73,-150.74,23.01,2917.95,2627.93,2337.91,2627.93,3005.94,,150.55,68.22,64.92
2024-08-22 00:00:00+00:00,2630.86,2644.82,2587.11,2622.95,10723280428,41.98,-119.61,-144.51,24.9,2845.86,2609.78,2373.69,2609.78,2992.54,,143.88,41.83,55.47
2024-08-23 00:00:00+00:00,2622.92,2799.33,2622.58,2764.45,16857181970,49.94,-100.6,-135.73,35.13,2808.78,2602.83,2396.87,2602.83,2986.74,,146.24,87.8,65.95
2024-08-24 00:00:00+00:00,2765.48,2820.02,2737.78,2769.39,11765811307,50.2,-84.16,-125.41,41.25,2823.12,2606.98,2390.84,2606.98,2982.5,,141.64,83.49,71.04
2024-08-25 00:00:00+00:00,2769.1,2793.01,2736.09,2749.16,9375535539,49.09,-71.94,-114.72,42.78,2829.08,2623.58,2418.07,2623.58,2976.09,,135.56,76.89,82.73
2024-08-26 00:00:00+00:00,2749.25,2763.0,2668.89,2681.34,12282035835,45.45,-66.95,-105.17,38.21,2826.25,2634.71,2443.16,2634.71,2971.13,,132.59,53.98,71.45
2024-08-27 00:00:00+00:00,2681.62,2700.15,2401.18,2458.73,18028996056,36.03,-80.04,-100.14,20.1,2796.83,2640.81,2484.79,2640.81,2959.93,,144.52,13.74,48.2
2024-08-28 00:00:00+00:00,2458.9,2553.82,2422.29,2528.42,20359545410,40.21,-83.82,-96.88,13.05,2795.45,2633.07,2470.68,2633.07,2949.22,,143.59,30.38,32.7
2024-08-29 00:00:00+00:00,2528.36,2595.98,2507.5,2528.79,13946434277,40.23,-85.8,-94.66,8.86,2797.96,2629.53,2461.1,2629.53,2937.75,,139.64,30.47,24.86
2024-08-30 00:00:00+00:00,2528.73,2539.92,2432.83,2525.82,15526218255,40.1,-86.61,-93.05,6.44,2799.9,2625.32,2450.74,2625.32,2926.26,,137.31,29.76,30.2
2024-08-31 00:00:00+00:00,2525.86,2532.39,2493.71,2513.39,6646876013,39.53,-87.25,-91.89,4.64,2802.22,2623.32,2444.42,2623.32,2913.85,,130.24,26.79,29.01
2024-09-01 00:00:00+00:00,2513.42,2515.47,2401.89,2427.9,11800443265,35.74,-93.58,-92.23,-1.35,2800.77,2608.5,2416.23,2608.5,2898.86,,129.05,6.38,20.98
2024-09-02 00:00:00+00:00,2427.97,2563.09,2426.1,2538.19,12520444224,43.29,-88.67,-91.52,2.85,2789.47,2600.22,2410.98,2600.22,2884.74,,129.62,32.71,21.96
2024-09-03 00:00:00+00:00,2538.16,2552.8,2419.88,2420.6,11406800197,38.15,-93.19,-91.85,-1.34,2790.99,2588.11,2385.23,2588.11,2863.36,,129.85,4.64,14.58
2024-09-04 00:00:00+00:00,2420.19,2488.92,2313.27,2448.98,16709600747,40.0,-93.41,-92.17,-1.25,2794.21,2582.05,2369.89,2582.05,2843.47,,133.13,26.78,21.38
2024-09-05 00:00:00+00:00,2448.99,2465.39,2348.86,2367.74,13632325040,36.62,-99.0,-93.53,-5.47,2803.42,2570.78,2338.14,2570.78,2823.05,,131.94,10.75,14.06
2024-09-06 00:00:00+00:00,2367.7,2406.51,2150.86,2223.88,25825618367,31.53,-113.73,-97.57,-16.16,2829.54,2551.25,2272.96,2551.25,2799.0,,140.8,10.91,16.15
2024-09-07 00:00:00+00:00,2223.93,2310.19,2222.1,2274.11,11124608320,34.93,-119.96,-102.05,-17.91,2836.92,2534.28,2231.64,2534.28,2774.37,,137.02,19.19,13.62
2024-09-08 00:00:00+00:00,2274.44,2332.36,2243.91,2297.29,10718443487,36.5,-121.63,-105.97,-15.66,2833.45,2517.28,2201.11,2517.28,2749.93,,133.55,23.92,18.01
2024-09-09 00:00:00+00:00,2297.9,2379.79,2274.12,2358.48,15887712451,40.56,-116.67,-108.11,-8.56,2829.24,2506.55,2183.86,2506.55,2726.37,,131.55,37.8,26.97
2024-09-10 00:00:00+00:00,2358.5,2398.5,2323.07,2389.58,12795818970,42.57,-108.97,-108.28,-0.69,2815.57,2494.46,2173.34,2494.46,2705.35,,127.54,53.63,38.45
2024-09-11 00:00:00+00:00,2389.6,2389.72,2279.05,2339.84,15355180967,40.23,-105.67,-107.76,2.09,2802.53,2480.3,2158.08,2480.3,2682.51,,126.33,42.46,44.63
2024-09-12 00:00:00+00:00,2339.84,2390.19,2316.16,2361.78,12162634681,41.75,-100.12,-106.23,6.11,2756.96,2460.17,2163.39,2460.17,2663.02,,122.59,51.17,49.08
2024-09-13 00:00:00+00:00,2361.74,2462.8,2338.14,2441.61,13759640866,47.05,-88.27,-102.64,14.37,2702.42,2443.78,2185.14,2443.78,2648.36,,122.74,70.53,54.72
2024-09-14 00:00:00+00:00,2441.58,2442.63,2386.98,2418.6,8170291680,45.75,-79.82,-98.07,18.26,2642.3,2427.25,2212.21,2427.25,2631.21,,117.94,64.95,62.22
2024-09-15 00:00:00+00:00,2418.27,2430.38,2286.63,2320.9,10155470375,40.66,-80.07,-94.47,14.4,2592.71,2409.23,2225.75,2409.23,2612.68,,119.79,41.25,58.91
2024-09-16 00:00:00+00:00,2320.89,2334.79,2253.72,2295.28,16819033263,39.41,-81.41,-91.86,10.45,2589.75,2401.06,2212.37,2401.06,2593.16,,117.02,35.93,47.38
2024-09-17 00:00:00+00:00,2295.28,2392.15,2263.79,2341.71,15356783863,42.82,-77.82,-89.05,11.23,2572.17,2391.72,2211.27,2391.72,2573.58,,117.83,56.45,44.54
2024-09-18 00:00:00+00:00,2341.73,2369.73,2278.66,2369.73,18159056422,44.84,-71.89,-85.62,13.73,2552.42,2383.77,2215.12,2383.77,2555.4,,115.92,69.59,53.99
2024-09-19 00:00:00+00:00,2369.37,2492.2,2369.37,2464.75,18437147349,51.13,-58.84,-80.27,21.42,2540.52,2380.72,2220.92,2380.72,2540.07,,116.41,91.96,72.67
2024-09-20 00:00:00+00:00,2464.78,2571.99,2439.38,2561.07,19112788620,56.54,-40.27,-72.27,32.0,2552.38,2383.1,2213.83,2383.1,2527.26,,117.57,96.88,86.14
2024-09-21 00:00:00+00:00,2560.88,2621.62,2530.84,2615.86,10797825021,59.3,-20.88,-61.99,41.11,2590.65,2392.5,2194.34,2392.5,2519.86,,115.65,98.48,95.77
2024-09-22 00:00:00+00:00,2615.85,2632.04,2528.52,2582.86,13180663011,56.95,-8.09,-51.21,43.12,2600.66,2394.73,2188.81,2394.73,2513.45,,114.79,87.0,94.12
2024-09-23 00:00:00+00:00,2582.77,2701.68,2541.91,2648.55,19912841456,60.32,7.26,-39.52,46.78,2641.25,2406.13,2171.01,2406.13,2512.69,,118.0,88.14,91.21
2024-09-24 00:00:00+00:00,2648.48,2671.28,2593.15,2654.35,16658812503,60.61,19.67,-27.68,47.35,2676.05,2416.4,2156.74,2416.4,2517.43,,115.15,89.43,88.19
2024-09-25 00:00:00+00:00,2654.36,2672.46,2557.72,2579.39,14119729962,54.96,23.19,-17.5,40.7,2695.39,2426.98,2158.57,2426.98,2519.85,,115.12,72.7,83.42
2024-09-26 00:00:00+00:00,2579.22,2665.99,2559.95,2632.2,17336033595,57.94,29.9,-8.02,37.92,2712.86,2447.4,2181.93,2447.4,2525.76,,114.47,84.49,82.21
2024-09-27 00:00:00+00:00,2632.24,2728.07,2616.95,2695.9,17023020294,61.26,39.89,1.56,38.33,2742.85,2468.49,2194.12,2468.49,2526.01,,114.23,93.22,83.47
2024-09-28 00:00:00+00:00,2695.82,2704.93,2652.25,2677.54,10252590559,59.79,45.8,10.41,35.39,2764.6,2487.5,2210.4,2487.5,2527.57,,109.84,89.35,89.02
2024-09-29 00:00:00+00:00,2677.63,2683.45,2635.58,2659.35,11126215671,58.3,48.46,18.02,30.44,2782.8,2502.54,2222.28,2502.54,2528.55,,105.41,85.51,89.36
2024-09-30 00:00:00+00:00,2659.29,2662.49,2576.98,2603.06,17826446789,53.84,45.5,23.51,21.99,2791.62,2513.22,2234.82,2513.22,2529.55,,103.99,73.07,82.64
2024-10-01 00:00:00+00:00,2603.26,2657.62,2415.08,2448.92,25482371785,43.92,30.37,24.89,5.48,2786.85,2518.67,2250.49,2518.67,2524.04,,113.89,37.89,65.49
2024-10-02 00:00:00+00:00,2448.88,2498.12,2354.54,2365.23,20148256472,39.65,11.49,22.21,-10.72,2786.61,2518.84,2251.08,2518.84,2517.27,,116.01,2.86,37.94
2024-10-03 00:00:00+00:00,2365.21,2402.86,2311.03,2349.79,18051447791,38.89,-4.67,16.83,-21.5,2790.6,2514.25,2237.9,2514.25,2511.01,,114.28,9.29,16.68
2024-10-04 00:00:00+00:00,2349.73,2440.24,2339.87,2414.79,14879264082,43.73,-12.08,11.05,-23.13,2790.69,2514.06,2237.43,2514.06,2507.9,,113.29,24.88,12.35
2024-10-05 00:00:00+00:00,2414.85,2427.52,2390.84,2415.63,8152969183,43.79,-17.69,5.3,-22.99,2784.53,2518.8,2253.06,2518.8,2504.35,,107.81,25.08,19.75
2024-10-06 00:00:00+00:00,2415.53,2456.63,2407.1,2439.96,8458690205,45.66,-19.94,0.25,-20.19,2773.39,2526.03,2278.67,2526.03,2500.86,,103.65,30.92,26.96
2024-10-07 00:00:00+00:00,2439.94,2520.41,2405.13,2421.8,17414044416,44.47,-22.93,-4.38,-18.54,2767.21,2530.04,2292.86,2530.04,2497.03,,104.48,26.56,27.52
2024-10-08 00:00:00+00:00,2421.98,2464.13,2400.51,2439.84,14067361080,45.97,-23.56,-8.22,-15.34,2762.68,2533.54,2304.4,2533.54,2493.08,,101.56,30.89,29.45
2024-10-09 00:00:00+00:00,2439.84,2470.91,2350.95,2368.28,14954047093,41.21,-29.5,-12.48,-17.03,2767.8,2528.72,2289.64,2528.72,2488.98,,102.88,13.73,23.73
2024-10-10 00:00:00+00:00,2368.27,2417.29,2329.78,2383.86,15327769940,42.61,-32.58,-16.5,-16.08,2766.89,2519.86,2272.82,2519.86,2484.03,,101.78,17.46,20.69
2024-10-11 00:00:00+00:00,2383.94,2470.4,2380.5,2436.51,13489061564,47.16,-30.42,-19.28,-11.14,2756.27,2510.89,2265.51,2510.89,2480.3,,100.93,31.86,21.02
2024-10-12 00:00:00+00:00,2436.52,2488.24,2434.2,2476.52,9372169184,50.39,-25.18,-20.46,-4.72,2748.99,2505.57,2262.16,2505.57,2474.54,,97.58,44.44,31.25
2024-10-13 00:00:00+00:00,2476.52,2484.13,2436.97,2467.68,9189490605,49.67,-21.5,-20.67,-0.83,2730.85,2496.53,2262.21,2496.53,2468.51,,93.98,44.57,40.29
2024-10-14 00:00:00+00:00,2467.65,2652.88,2443.55,2628.9,21434687898,60.71,-5.51,-17.64,12.13,2726.22,2495.26,2264.3,2495.26,2466.11,,102.22,91.71,60.24
2024-10-15 00:00:00+00:00,2629.02,2685.17,2537.94,2606.02,22003780898,58.74,5.25,-13.06,18.31,2729.89,2496.59,2263.29,2496.59,2464.6,,105.43,78.84,71.71
2024-10-16 00:00:00+00:00,2606.02,2644.85,2589.61,2611.1,17012396419,59.06,14.03,-7.64,21.67,2726.43,2495.53,2264.64,2495.53,2467.65,,101.85,80.2,83.59
2024-10-17 00:00:00+00:00,2611.19,2646.87,2577.31,2604.27,15150712321,58.41,20.21,-2.07,22.28,2708.35,2490.95,2273.56,2490.95,2469.16,,99.54,77.24,78.76
2024-10-18 00:00:00+00:00,2604.81,2674.37,2595.96,2641.55,17043738652,60.94,27.79,3.9,23.89,2700.56,2489.15,2277.75,2489.15,2471.42,,98.03,87.73,81.72
2024-10-19 00:00:00+00:00,2641.49,2661.87,2631.66,2648.66,8557834553,61.42,33.98,9.92,24.06,2698.26,2488.62,2278.98,2488.62,2473.88,,93.19,89.73,84.9
2024-10-20 00:00:00+00:00,2648.67,2756.44,2635.95,2746.36,14559296242,67.38,46.23,17.18,29.05,2730.22,2495.78,2261.35,2495.78,2478.54,,95.14,97.64,91.7
2024-10-21 00:00:00+00:00,2746.31,2765.55,2655.29,2665.71,17328615363,59.25,48.88,23.52,25.36,2751.74,2506.62,2261.51,2506.62,2483.29,,96.22,77.09,88.15
2024-10-22 00:00:00+00:00,2665.66,2669.79,2605.62,2620.2,15541911074,55.2,46.76,28.17,18.59,2760.01,2519.37,2278.74,2519.37,2484.93,,93.93,66.65,80.46
2024-10-23 00:00:00+00:00,2620.09,2624.45,2457.17,2509.1,17876984551,46.79,35.7,29.67,6.03,2754.51,2527.34,2300.17,2527.34,2486.7,,99.17,41.15,61.63
2024-10-24 00:00:00+00:00,2523.61,2559.15,2506.72,2534.5,16128627601,48.71,28.66,29.47,-0.81,2754.23,2533.32,2312.42,2533.32,2488.41,,95.83,39.99,49.26
2024-10-25 00:00:00+00:00,2534.45,2563.73,2381.45,2435.93,22560233078,42.32,14.96,26.57,-11.61,2753.14,2534.34,2315.53,2534.34,2489.78,,102.0,14.18,31.78
2024-10-26 00:00:00+00:00,2436.05,2503.23,2427.46,2479.6,13597102184,45.72,7.53,22.76,-15.23,2752.22,2536.32,2320.41,2536.32,2494.89,,100.13,25.55,26.58
2024-10-27 00:00:00+00:00,2479.94,2523.17,2462.27,2505.94,9801434566,47.72,3.73,18.95,-15.23,2750.23,2540.53,2330.83,2540.53,2499.53,,97.33,32.41,24.05
2024-10-28 00:00:00+00:00,2505.59,2587.43,2470.27,2565.35,18971841402,52.02,5.45,16.25,-10.81,2751.26,2546.8,2342.34,2546.8,2504.89,,98.75,47.88,35.28
2024-10-29 00:00:00+00:00,2565.42,2680.05,2560.15,2637.96,22185845095,56.7,12.52,15.51,-2.99,2750.23,2560.29,2370.34,2560.29,2510.48,,100.26,66.78,49.02
2024-10-30 00:00:00+00:00,2637.64,2720.27,2600.61,2657.37,22382690746,57.88,19.47,16.3,3.17,2749.24,2573.96,2398.69,2573.96,2515.83,,101.64,71.84,62.17
2024-10-31 00:00:00+00:00,2657.21,2667.56,2501.57,2515.8,19760409505,47.65,13.4,15.72,-2.32,2743.43,2577.93,2412.43,2577.93,2519.35,,106.24,34.98,57.87
2024-11-01 00:00:00+00:00,2515.87,2583.78,2467.82,2511.89,20215438328,47.4,8.18,14.21,-6.03,2741.34,2579.69,2418.05,2579.69,2522.35,,106.93,33.96,46.92
2024-11-02 00:00:00+00:00,2512.21,2522.36,2471.96,2491.07,9639457439,46.02,2.34,11.84,-9.5,2739.41,2580.86,2422.32,2580.86,2523.34,,102.89,28.54,32.49
2024-11-03 00:00:00+00:00,2491.09,2495.44,2411.4,2456.43,15667779706,43.74,-5.03,8.46,-13.5,2738.36,2572.24,2406.12,2572.24,2524.1,,101.55,19.52,27.34
2024-11-04 00:00:00+00:00,2456.1,2488.35,2359.58,2397.03,17110200696,40.07,-15.49,3.67,-19.16,2744.44,2561.79,2379.14,2561.79,2525.62,,103.49,10.38,19.48
2024-11-05 00:00:00+00:00,2397.04,2478.62,2380.6,2422.65,17894057485,42.32,-21.46,-1.35,-20.1,2743.55,2552.37,2361.19,2552.37,2528.17,,103.1,17.49,15.8
2024-11-06 00:00:00+00:00,2422.54,2743.96,2421.81,2724.17,41887574364,60.9,-1.84,-1.45,-0.39,2763.41,2558.36,2353.31,2558.36,2535.82,,118.75,94.85,40.91
2024-11-07 00:00:00+00:00,2724.01,2918.74,2701.59,2895.59,35352318438,67.34,27.23,4.28,22.94,2823.75,2571.07,2318.38,2571.07,2546.34,,125.78,95.86,69.4
2024-11-08 00:00:00+00:00,2895.6,2983.74,2889.48,2962.3,32303261101,69.45,55.01,14.43,40.58,2892.97,2586.75,2280.53,2586.75,2556.29,,123.53,96.56,95.76
2024-11-09 00:00:00+00:00,2962.79,3156.37,2957.18,3131.14,29210133088,74.03,89.62,29.47,60.15,2992.31,2605.99,2219.67,2605.99,2567.69,,128.93,96.83,96.42
2024-11-10 00:00:00+00:00,3130.73,3249.91,3073.25,3191.33,47418730187,75.44,120.52,47.68,72.84,3098.87,2632.27,2165.67,2632.27,2579.2,,132.34,93.42,95.61
2024-11-11 00:00:00+00:00,3191.66,3389.53,3109.77,3374.81,55417771668,79.16,157.99,69.74,88.25,3242.51,2670.0,2097.49,2670.0,2595.04,,142.87,98.57,96.27
2024-11-12 00:00:00+00:00,3375.15,3444.15,3211.2,3246.26,56686078066,71.04,175.29,90.85,84.44,3328.55,2706.86,2085.16,2706.86,2606.99,,149.3,81.75,91.25
2024-11-13 00:00:00+00:00,3244.54,3337.88,3121.67,3192.6,52010205682,67.91,182.57,109.19,73.37,3391.96,2739.76,2087.56,2739.76,2617.76,,154.08,76.81,85.71
2024-11-14 00:00:00+00:00,3192.52,3240.27,3032.97,3058.95,35743352141,60.73,175.53,122.46,53.07,3421.53,2770.91,2120.3,2770.91,2627.35,,157.88,64.48,74.35
2024-11-15 00:00:00+00:00,3059.53,3130.7,3016.14,3103.04,32701369872,62.16,171.53,132.27,39.25,3453.67,2802.08,2150.5,2802.08,2636.76,,154.79,68.55,69.95
2024-11-16 00:00:00+00:00,3089.74,3218.09,3073.29,3133.27,26650658846,63.14,168.85,139.59,29.26,3485.41,2833.45,2181.49,2833.45,2645.51,,154.08,71.34,68.12
2024-11-17 00:00:00+00:00,3133.31,3160.15,3039.25,3075.66,28348163224,59.94,160.23,143.72,16.52,3506.67,2858.97,2211.26,2858.97,2653.47,,151.71,66.02,68.64
2024-11-18 00:00:00+00:00,3075.72,3225.13,3052.49,3207.86,35445557613,64.4,162.2,147.42,14.79,3544.31,2887.46,2230.61,2887.46,2664.44,,153.2,77.78,71.71
2024-11-19 00:00:00+00:00,3208.25,3222.0,3070.36,3111.38,29823634432,59.22,154.2,148.77,5.43,3564.91,2910.16,2255.42,2910.16,2674.61,,153.09,67.45,70.42
2024-11-20 00:00:00+00:00,3111.12,3159.95,3032.6,3072.19,29785491216,57.2,143.05,147.63,-4.58,3569.03,2937.98,2306.94,2937.98,2687.08,,151.25,49.91,65.05
2024-11-21 00:00:00+00:00,3072.06,3388.54,3035.85,3361.05,51619069348,66.3,155.72,149.25,6.48,3605.01,2980.44,2355.87,2980.44,2706.99,,165.64,85.02,67.46
2024-11-22 00:00:00+00:00,3360.65,3428.46,3262.81,3331.6,36775716442,64.79,161.53,151.7,9.83,3620.96,3022.47,2423.97,3022.47,2726.63,,165.64,76.89,70.6
2024-11-23 00:00:00+00:00,3331.65,3499.37,3317.65,3396.22,38835184688,66.59,169.39,155.24,14.15,3627.0,3069.46,2511.91,3069.46,2746.26,,166.79,78.65,80.19
2024-11-24 00:00:00+00:00,3397.0,3451.8,3288.43,3363.66,27901454185,64.79,171.02,158.4,12.63,3591.13,3117.79,2644.45,3117.79,2765.22,,166.55,71.92,75.82
2024-11-25 00:00:00+00:00,3364.6,3545.28,3304.09,3413.54,51544793988,66.29,174.33,161.58,12.75,3528.44,3167.33,2806.22,3167.33,2784.69,,171.88,75.1,75.22
2024-11-26 00:00:00+00:00,3412.95,3461.29,3255.54,3326.52,39902959158,61.38,168.0,162.87,5.13,3498.4,3197.45,2896.5,3197.45,2802.78,,174.3,58.66,68.56
2024-11-27 00:00:00+00:00,3326.03,3687.01,3303.57,3657.25,43383987191,70.37,187.5,167.79,19.71,3566.88,3235.53,2904.18,3235.53,2827.13,,189.24,95.56,76.44
2024-11-28 00:00:00+00:00,3656.61,3664.88,3531.87,3579.81,32362724276,66.47,194.47,173.13,21.34,3605.54,3266.41,2927.27,3266.41,2851.36,,185.22,84.02,79.41
2024-11-29 00:00:00+00:00,3579.91,3647.26,3538.45,3593.49,27622629486,66.82,198.8,178.26,20.54,3652.06,3289.52,2926.99,3289.52,2875.56,,179.76,85.71,88.43
2024-11-30 00:00:00+00:00,3593.6,3739.93,3572.25,3705.71,30670867436,69.62,208.88,184.39,24.5,3719.08,3315.24,2911.41,3315.24,2900.94,,178.9,95.16,88.3
2024-12-01 00:00:00+00:00,3706.62,3747.46,3663.23,3711.17,28018113530,69.75,214.84,190.48,24.36,3772.68,3332.06,2891.44,3332.06,2925.63,,172.14,94.92,91.93
2024-12-02 00:00:00+00:00,3710.5,3761.34,3557.25,3644.2,47284967570,65.92,211.71,194.73,16.99,3811.79,3351.96,2892.13,3351.96,2949.16,,174.42,83.93,91.34
2024-12-03 00:00:00+00:00,3643.74,3670.22,3504.23,3620.71,36839829742,64.58,204.98,196.78,8.2,3841.74,3373.36,2904.99,3373.36,2969.0,,173.82,80.7,86.52
2024-12-04 00:00:00+00:00,3620.04,3895.17,3617.74,3841.33,56799745752,70.62,214.96,200.41,14.55,3900.56,3412.48,2924.4,3412.48,2993.71,,181.22,93.73,86.12
2024-12-05 00:00:00+00:00,3840.84,3956.54,3683.42,3811.01,60568296606,68.88,217.92,203.91,14.0,3944.09,3447.88,2951.67,3447.88,3017.7,,187.78,79.24,84.56
2024-12-06 00:00:00+00:00,3792.21,4093.17,3782.68,4005.81,52853668566,73.42,233.29,209.79,23.5,4023.4,3491.51,2959.62,3491.51,3045.73,,196.55,89.57,87.51
2024-12-07 00:00:00+00:00,4006.03,4029.45,3974.18,4002.69,22574636761,73.23,242.43,216.32,26.11,4078.66,3537.86,2997.06,3537.86,3072.96,,186.46,89.2,86.0
2024-12-08 00:00:00+00:00,4007.69,4018.0,3927.85,4005.7,20943378971,73.3,247.06,222.47,24.6,4133.55,3577.75,3021.95,3577.75,3100.1,,179.58,89.56,89.44
2024-12-09 00:00:00+00:00,4006.1,4008.78,3525.23,3718.69,57029832059,57.87,224.98,222.97,2.01,4121.37,3608.12,3094.87,3608.12,3119.54,,201.29,55.29,78.02
2024-12-10 00:00:00+00:00,3719.0,3780.75,3520.37,3631.83,58416417599,54.15,198.19,218.01,-19.82,4083.07,3636.1,3189.13,3636.1,3138.87,,205.51,41.57,62.14
2024-12-11 00:00:00+00:00,3631.28,3850.77,3567.57,3832.82,35968053196,60.48,190.98,212.61,-21.63,4095.19,3659.69,3224.19,3659.69,3163.12,,211.06,55.79,50.89
2024-12-12 00:00:00+00:00,3833.17,3987.01,3800.09,3883.1,42971675764,61.89,187.16,207.52,-20.36,4104.76,3687.26,3269.77,3687.26,3190.6,,209.34,64.33,53.9
2024-12-13 00:00:00+00:00,3883.03,3967.4,3855.02,3911.21,34895127659,62.7,184.27,202.87,-18.59,4118.27,3713.01,3307.75,3713.01,3218.13,,202.41,69.1,63.08
2024-12-14 00:00:00+00:00,3910.85,3943.28,3826.76,3868.41,28756190559,60.6,176.5,197.59,-21.09,4113.68,3738.25,3362.82,3738.25,3246.78,,196.27,61.84,65.09
2024-12-15 00:00:00+00:00,3868.44,3971.5,3832.1,3951.94,25069616984,63.19,175.06,193.09,-18.02,4119.16,3765.17,3411.18,3765.17,3276.23,,192.21,76.02,68.99
2024-12-16 00:00:00+00:00,3951.65,4106.96,3882.71,3987.48,46536359669,64.26,174.78,189.43,-14.65,4099.23,3798.22,3497.21,3798.22,3305.86,,194.5,80.18,72.68
2024-12-17 00:00:00+00:00,3987.33,4040.34,3849.29,3886.77,35418700472,59.0,164.53,184.45,-19.92,4105.53,3809.69,3513.86,3809.69,3332.29,,194.25,62.46,72.89
2024-12-18 00:00:00+00:00,3886.89,3902.72,3617.84,3618.79,48946681636,47.79,133.25,174.21,-40.96,4101.56,3811.64,3521.73,3811.64,3351.91,,200.73,16.78,53.14
2024-12-19 00:00:00+00:00,3619.58,3717.66,3330.87,3417.93,58879190250,41.43,91.19,157.6,-66.41,4128.96,3802.86,3476.77,3802.86,3367.12,,214.02,11.22,30.15
2024-12-20 00:00:00+00:00,3417.93,3496.33,3098.2,3472.55,66383827229,43.63,61.57,138.4,-76.83,4147.23,3791.21,3435.19,3791.21,3386.25,,227.17,37.11,21.7
2024-12-21 00:00:00+00:00,3472.59,3552.92,3293.51,3337.22,31579389836,39.66,26.86,116.09,-89.23,4181.56,3772.51,3363.46,3772.51,3402.76,,229.47,23.69,24.01
2024-12-22 00:00:00+00:00,3337.0,3398.66,3219.29,3277.54,24780768375,38.02,-5.4,91.79,-97.19,4216.8,3754.18,3291.56,3754.18,3418.49,,225.89,17.78,26.19
2024-12-23 00:00:00+00:00,3277.51,3461.53,3217.37,3415.79,34496081389,43.82,-19.59,69.51,-89.1,4227.6,3743.93,3260.26,3743.93,3437.68,,227.2,31.48,24.32
2024-12-24 00:00:00+00:00,3415.74,3535.86,3355.61,3492.05,23083678195,46.78,-24.4,50.73,-75.13,4220.44,3726.47,3232.5,3726.47,3459.58,,223.84,39.04,29.43
2024-12-25 00:00:00+00:00,3491.96,3542.83,3440.1,3493.24,17651873225,46.83,-27.79,35.03,-62.82,4213.46,3710.58,3207.69,3710.58,3480.99,,215.19,39.16,36.56
2024-12-26 00:00:00+00:00,3493.3,3512.6,3302.31,3331.23,22247726776,41.45,-43.06,19.41,-62.47,4186.8,3676.85,3166.9,3676.85,3493.13,,214.84,23.1,33.77
2024-12-27 00:00:00+00:00,3331.05,3436.71,3302.58,3328.92,24091627403,41.38,-54.71,4.59,-59.3,4151.49,3643.16,3134.83,3643.16,3501.8,,209.08,22.87,28.38
2024-12-28 00:00:00+00:00,3328.77,3419.92,3318.03,3397.9,14305648523,44.52,-57.72,-7.87,-49.84,4102.16,3612.77,3123.38,3612.77,3510.51,,201.42,29.71,25.23
2024-12-29 00:00:00+00:00,3397.86,3406.65,3321.66,3349.51,13440907792,42.79,-63.27,-18.95,-44.32,4094.61,3594.31,3094.01,3594.31,3514.87,,193.1,24.91,25.83
2024-12-30 00:00:00+00:00,3349.59,3428.53,3298.8,3356.39,26981583962,43.12,-66.36,-28.43,-37.92,4091.54,3580.54,3069.54,3580.54,3518.18,,188.58,27.4,27.34
2024-12-31 00:00:00+00:00,3356.39,3444.4,3311.41,3332.53,20845452085,42.19,-69.92,-36.73,-33.19,4063.5,3555.52,3047.55,3555.52,3517.33,2985.98,184.61,29.13,27.15
2025-01-01 00:00:00+00:00,3332.41,3366.53,3310.26,3353.5,14195410493,43.35,-70.24,-43.43,-26.81,4020.05,3529.04,3038.04,3529.04,3519.48,2984.92,175.44,41.21,32.58
2025-01-02 00:00:00+00:00,3353.41,3493.45,3348.35,3451.39,22243574698,48.54,-61.88,-47.12,-14.76,3963.64,3506.05,3048.47,3506.05,3524.65,2984.07,173.27,77.67,49.34
2025-01-03 00:00:00+00:00,3451.68,3627.06,3421.83,3605.01,21877299255,55.44,-42.38,-46.17,3.8,3920.75,3492.88,3065.01,3492.88,3535.57,2984.54,175.56,94.62,71.17
2025-01-04 00:00:00+00:00,3605.2,3669.2,3574.33,3657.71,16060610759,57.54,-22.41,-41.42,19.01,3857.01,3478.17,3099.34,3478.17,3546.67,2985.41,169.79,97.46,89.92
2025-01-05 00:00:00+00:00,3657.74,3673.81,3594.62,3634.1,12830306908,56.26,-8.39,-34.81,26.43,3764.99,3460.5,3156.02,3460.5,3556.68,2985.78,163.32,91.3,94.46
2025-01-06 00:00:00+00:00,3634.11,3743.94,3611.21,3688.61,23973574043,58.56,7.04,-26.44,33.48,3705.54,3450.6,3195.65,3450.6,3568.94,2986.67,161.14,87.57,92.11
2025-01-07 00:00:00+00:00,3688.34,3701.11,3358.09,3381.58,32235312545,44.42,-5.45,-22.24,16.8,3682.57,3438.73,3194.9,3438.73,3572.42,2986.0,174.13,18.6,65.82
2025-01-08 00:00:00+00:00,3381.62,3413.68,3209.21,3326.33,34337730882,42.44,-19.57,-21.71,2.14,3683.02,3434.16,3185.29,3434.16,3576.71,2985.16,176.3,21.9,42.69
2025-01-09 00:00:00+00:00,3326.36,3355.86,3159.38,3219.43,28815726276,38.82,-38.95,-25.16,-13.79,3687.31,3421.5,3155.69,3421.5,3579.66,2984.16,177.74,10.27,16.92
2025-01-10 00:00:00+00:00,3219.5,3320.5,3196.11,3267.49,26503845190,41.25,-49.85,-30.1,-19.75,3690.23,3418.01,3145.79,3418.01,3577.79,2983.75,173.93,18.49,16.89
2025-01-11 00:00:00+00:00,3267.52,3317.65,3219.7,3282.22,11772144561,42.0,-56.65,-35.41,-21.24,3689.96,3418.25,3146.53,3418.25,3576.8,2983.18,168.5,21.01,16.59
2025-01-12 00:00:00+00:00,3282.15,3298.02,3224.51,3265.95,11647743556,41.37,-62.62,-40.85,-21.77,3690.89,3410.75,3130.62,3410.75,3574.2,2982.66,161.71,18.23,19.25
2025-01-13 00:00:00+00:00,3266.1,3335.19,2920.59,3135.5,39911742769,36.59,-77.0,-48.08,-28.92,3695.74,3392.93,3090.11,3392.93,3569.63,2981.12,179.78,26.1,21.78
2025-01-14 00:00:00+00:00,3135.67,3254.75,3126.81,3223.68,22847737224,41.51,-80.35,-54.53,-25.82,3687.42,3379.45,3071.48,3379.45,3565.83,2980.37,176.08,36.81,27.05
2025-01-15 00:00:00+00:00,3223.68,3473.1,3186.14,3450.54,25991614661,51.85,-63.96,-56.42,-7.54,3694.07,3385.41,3076.76,3385.41,3568.32,2980.76,184.0,64.37,42.43
2025-01-16 00:00:00+00:00,3450.31,3458.18,3265.68,3308.35,26395516475,46.32,-61.74,-57.48,-4.26,3693.97,3384.39,3074.8,3384.39,3561.34,2980.13,184.6,47.1,49.42
2025-01-17 00:00:00+00:00,3308.19,3525.54,3307.31,3474.11,28200207229,52.66,-46.07,-55.2,9.13,3700.35,3388.2,3076.05,3388.2,3559.22,2980.3,187.0,67.23,59.56
2025-01-18 00:00:00+00:00,3473.56,3493.06,3228.33,3305.79,32420094038,46.64,-46.7,-53.5,6.8,3699.91,3386.01,3072.11,3386.01,3553.47,2979.75,192.56,46.78,53.7
2025-01-19 00:00:00+00:00,3305.4,3444.21,3127.62,3208.96,57242875399,43.55,-54.38,-53.68,-0.7,3702.24,3378.64,3055.04,3378.64,3543.53,2979.33,201.42,35.02,49.68
2025-01-20 00:00:00+00:00,3208.93,3444.28,3147.52,3278.04,52383187336,46.28,-54.27,-53.79,-0.47,3702.06,3375.91,3049.77,3375.91,3534.87,2980.45,208.23,45.8,42.53
2025-01-21 00:00:00+00:00,3278.44,3365.78,3202.49,3327.41,32804001146,48.21,-49.62,-52.96,3.34,3701.34,3374.61,3047.88,3374.61,3528.54,2982.18,205.02,67.25,49.36
2025-01-22 00:00:00+00:00,3327.24,3364.75,3223.39,3240.22,22171220981,45.13,-52.37,-52.84,0.47,3693.97,3364.05,3034.14,3364.05,3520.93,2983.03,200.47,52.84,55.29
2025-01-23 00:00:00+00:00,3240.48,3346.73,3184.07,3334.71,32419520084,48.94,-46.39,-51.55,5.16,3660.43,3350.54,3040.64,3350.54,3510.79,2985.06,197.77,68.46,62.85
2025-01-24 00:00:00+00:00,3334.81,3424.9,3277.32,3309.55,25578325671,47.98,-43.19,-49.88,6.69,3607.44,3333.13,3058.82,3333.13,3500.76,2986.51,194.18,64.3,61.86
2025-01-25 00:00:00+00:00,3309.71,3349.3,3270.27,3317.27,13744316078,48.32,-39.57,-47.82,8.25,3552.17,3317.29,3082.4,3317.29,3486.99,2987.78,185.96,65.57,66.11
2025-01-26 00:00:00+00:00,3317.29,3359.31,3233.92,3236.13,14471528757,45.05,-42.75,-46.8,4.05,3453.96,3294.66,3135.36,3294.66,3471.66,2988.45,181.63,52.16,60.68
2025-01-27 00:00:00+00:00,3235.86,3250.4,3024.09,3178.92,39412486482,42.85,-49.33,-47.31,-2.02,3446.31,3284.53,3122.75,3284.53,3455.13,2988.84,184.82,30.88,49.54
2025-01-28 00:00:00+00:00,3179.09,3222.74,3040.09,3077.11,20718206194,39.18,-62.04,-50.25,-11.78,3457.03,3272.07,3087.11,3272.07,3442.3,2988.56,184.67,10.57,31.2
2025-01-29 00:00:00+00:00,3076.38,3177.98,3055.18,3113.0,22727786058,41.1,-68.42,-53.89,-14.53,3463.81,3266.75,3069.68,3266.75,3431.92,2988.23,180.25,17.73,19.73
2025-01-30 00:00:00+00:00,3113.29,3282.99,3093.12,3247.78,19958405782,47.75,-61.9,-55.49,-6.41,3463.01,3265.76,3068.52,3265.76,3420.22,2988.25,180.94,44.61,24.3
2025-01-31 00:00:00+00:00,3247.87,3437.57,3214.94,3298.27,30128115902,50.02,-52.05,-54.8,2.75,3464.22,3266.56,3068.91,3266.56,3408.52,2987.3,183.91,58.46,40.27
2025-02-01 00:00:00+00:00,3298.82,3329.66,3103.92,3118.33,19917507079,42.86,-58.09,-55.46,-2.63,3467.67,3259.18,3050.7,3259.18,3392.66,2985.67,186.9,22.43,41.83
2025-02-02 00:00:00+00:00,3118.61,3161.89,2755.47,2868.69,42060930305,35.3,-82.08,-60.78,-21.3,3513.42,3245.84,2978.27,3245.84,3372.67,2983.07,202.58,16.44,32.44
2025-02-03 00:00:00+00:00,2868.08,2919.48,2159.28,2884.57,92453553253,36.08,-98.68,-68.36,-30.31,3541.55,3228.89,2916.22,3228.89,3351.32,2980.36,242.41,56.74,31.87
2025-02-04 00:00:00+00:00,2883.82,2888.25,2636.17,2735.05,48795275985,32.18,-122.48,-79.19,-43.29,3558.31,3193.11,2827.91,3193.11,3326.27,2976.51,243.1,45.04,39.41
2025-02-05 00:00:00+00:00,2735.23,2824.4,2701.1,2787.78,31960764447,34.85,-135.53,-90.45,-45.07,3569.96,3167.08,2764.21,3167.08,3304.29,2972.85,234.55,49.17,50.32
2025-02-06 00:00:00+00:00,2787.66,2857.14,2662.45,2688.4,29500645692,32.27,-152.13,-102.79,-49.34,3556.99,3127.8,2698.61,3127.8,3285.69,2968.61,231.7,41.39,45.2
2025-02-07 00:00:00+00:00,2688.9,2798.03,2564.97,2622.21,29526663418,30.65,-168.69,-115.97,-52.72,3569.47,3093.62,2617.77,3093.62,3269.77,2964.52,231.8,36.21,42.26
2025-02-08 00:00:00+00:00,2623.0,2665.48,2591.78,2632.31,17059263074,31.22,-178.93,-128.56,-50.37,3579.51,3064.79,2550.07,3064.79,3252.97,2960.27,220.5,37.0,38.2
2025-02-09 00:00:00+00:00,2632.58,2695.22,2530.44,2628.72,17517088276,31.12,-185.2,-139.89,-45.31,3571.72,3032.32,2492.92,3032.32,3238.8,2956.73,216.52,36.72,36.65
2025-02-10 00:00:00+00:00,2628.65,2692.81,2564.02,2661.17,19414208113,33.16,-185.42,-149.0,-36.42,3543.94,2999.01,2454.08,2999.01,3226.47,2954.17,210.26,39.26,37.66
2025-02-11 00:00:00+00:00,2661.32,2724.9,2565.4,2602.78,21156550492,31.36,-188.13,-156.82,-31.31,3527.03,2967.14,2407.25,2967.14,3210.21,2950.8,206.63,34.69,36.89
2025-02-12 00:00:00+00:00,2602.83,2794.87,2551.17,2736.9,26919387954,39.48,-177.42,-160.94,-16.47,3478.02,2937.25,2396.48,2937.25,3195.11,2948.25,209.28,45.19,39.71
2025-02-13 00:00:00+00:00,2737.03,2756.44,2615.67,2675.9,19481004625,37.32,-171.86,-163.13,-8.74,3428.44,2905.56,2382.68,2905.56,3178.76,2945.27,204.39,40.41,40.1
2025-02-14 00:00:00+00:00,2675.94,2790.02,2666.27,2726.09,17732289901,40.22,-161.55,-162.81,1.26,3366.74,2876.01,2385.27,2876.01,3166.66,2942.3,198.63,48.43,44.68
2025-02-15 00:00:00+00:00,2726.07,2738.68,2668.53,2693.56,10803019357,38.96,-154.23,-161.09,6.87,3315.17,2848.88,2382.59,2848.88,3153.95,2939.37,189.45,53.29,47.38
2025-02-16 00:00:00+00:00,2693.56,2724.1,2655.3,2663.32,10593602117,37.78,-149.14,-158.7,9.56,3269.13,2823.1,2377.06,2823.1,3139.26,2936.53,180.83,66.3,56.01
2025-02-17 00:00:00+00:00,2663.23,2848.78,2640.18,2743.2,24170425078,42.73,-137.09,-154.38,17.29,3237.14,2806.4,2375.67,2806.4,3127.13,2934.24,182.81,59.46,59.68
2025-02-18 00:00:00+00:00,2743.02,2754.68,2606.9,2669.34,23004152928,39.59,-131.97,-149.9,17.93,3193.64,2784.22,2374.8,2784.22,3113.39,2932.66,180.31,42.52,56.09
2025-02-19 00:00:00+00:00,2669.21,2735.92,2656.38,2715.77,15272401903,42.45,-122.75,-144.47,21.71,3104.59,2757.62,2410.64,2757.62,3101.06,2931.72,173.11,56.73,52.9
2025-02-20 00:00:00+00:00,2715.68,2770.03,2708.22,2740.39,15917259320,43.97,-112.17,-138.01,25.84,2965.61,2729.72,2493.84,2729.72,3088.79,2931.99,165.16,65.95,55.07
2025-02-21 00:00:00+00:00,2740.02,2842.83,2616.92,2659.66,31441524621,40.23,-109.04,-132.22,23.17,2857.34,2706.79,2556.24,2706.79,3072.96,2933.2,169.5,40.59,54.42
2025-02-22 00:00:00+00:00,2660.04,2797.06,2653.87,2764.03,16403164397,46.56,-97.02,-125.18,28.16,2834.68,2701.56,2568.43,2701.56,3056.14,2934.73,167.62,73.38,59.97
2025-02-23 00:00:00+00:00,2764.03,2850.61,2746.77,2821.31,20493767269,49.7,-81.93,-116.53,34.6,2815.22,2698.39,2581.57,2698.39,3039.41,2937.15,163.07,90.22,68.06
2025-02-24 00:00:00+00:00,2820.46,2839.01,2478.9,2513.82,29127380459,37.08,-93.7,-111.96,18.26,2828.83,2687.33,2545.83,2687.33,3017.0,2936.3,177.14,9.39,57.66
2025-02-25 00:00:00+00:00,2514.21,2529.67,2326.63,2493.59,40044790246,36.42,-103.47,-110.26,6.8,2830.39,2672.62,2514.86,2672.62,2993.1,2935.77,178.99,31.86,43.82
2025-02-26 00:00:00+00:00,2493.38,2503.42,2255.05,2331.45,28815111323,31.6,-122.87,-112.78,-10.09,2873.87,2654.78,2435.68,2654.78,2972.1,2934.38,183.95,12.83,18.03
2025-02-27 00:00:00+00:00,2331.51,2378.09,2230.45,2305.48,24286213447,30.9,-138.75,-117.98,-20.77,2908.03,2638.94,2369.85,2638.94,2951.68,2933.14,181.35,12.1,18.93
2025-02-28 00:00:00+00:00,2305.56,2310.95,2076.17,2237.91,35737904667,29.08,-155.0,-125.38,-29.62,2942.67,2619.22,2295.77,2619.22,2932.05,2930.71,185.17,20.88,15.27
2025-03-01 00:00:00+00:00,2237.94,2279.87,2144.09,2216.64,16135258239,28.51,-167.66,-133.84,-33.82,2968.66,2598.62,2228.57,2598.62,2911.04,2928.27,181.64,18.14,17.04
2025-03-02 00:00:00+00:00,2216.52,2548.81,2175.32,2519.69,34854193845,45.02,-151.49,-137.37,-14.12,2961.96,2591.54,2221.12,2591.54,2895.79,2927.56,195.35,57.27,32.1
2025-03-03 00:00:00+00:00,2519.53,2522.32,2097.08,2145.57,31473561910,34.44,-166.95,-143.28,-23.66,2989.22,2568.68,2148.14,2568.68,2873.38,2925.43,211.77,8.96,28.12
2025-03-04 00:00:00+00:00,2145.65,2220.36,1996.77,2170.02,33935738380,35.51,-175.2,-149.67,-25.53,2988.64,2540.34,2092.04,2540.34,2854.07,2923.32,212.61,20.29,28.84
2025-03-05 00:00:00+00:00,2169.99,2272.8,2156.1,2241.98,22105432727,38.67,-173.93,-154.52,-19.41,2981.09,2518.64,2056.19,2518.64,2834.44,2921.46,205.76,28.72,19.32
2025-03-06 00:00:00+00:00,2241.91,2319.4,2177.68,2202.48,18509069102,37.58,-174.1,-158.44,-15.67,2964.65,2492.46,2020.27,2492.46,2809.47,2919.4,201.19,24.09,24.37
2025-03-07 00:00:00+00:00,2202.5,2254.23,2103.47,2138.99,22425792863,35.83,-177.32,-162.21,-15.11,2952.08,2464.73,1977.38,2464.73,2786.09,2916.91,197.58,16.66,23.16
2025-03-08 00:00:00+00:00,2139.8,2232.33,2107.73,2201.51,10533204814,38.85,-172.83,-164.34,-8.49,2933.12,2441.64,1950.16,2441.64,2760.64,2915.05,192.37,23.98,21.58
2025-03-09 00:00:00+00:00,2201.71,2210.31,1991.19,2015.51,16103964994,33.77,-182.18,-167.91,-14.28,2910.29,2405.26,1900.22,2405.26,2734.83,2911.97,194.28,2.87,14.5
2025-03-10 00:00:00+00:00,2015.43,2150.71,1812.77,1861.15,35005066442,30.23,-199.75,-174.27,-25.47,2908.75,2364.85,1820.94,2364.85,2707.87,2908.16,204.54,6.57,11.14
2025-03-11 00:00:00+00:00,1859.78,1961.8,1760.94,1919.84,30898385863,33.1,-206.55,-180.73,-25.82,2877.25,2325.05,1772.85,2325.05,2680.71,2903.94,204.28,20.17,9.87
2025-03-12 00:00:00+00:00,1919.66,1954.57,1832.02,1908.98,22898872951,32.83,-210.39,-186.66,-23.73,2829.17,2283.48,1737.79,2283.48,2652.34,2899.64,198.44,18.79,15.18
2025-03-13 00:00:00+00:00,1909.02,1919.69,1823.53,1862.97,17977225564,31.66,-214.68,-192.26,-22.41,2790.03,2243.65,1697.26,2243.65,2624.8,2895.21,191.14,12.95,17.3
2025-03-14 00:00:00+00:00,1863.0,1945.09,1861.11,1909.47,12122715282,34.22,-211.88,-196.19,-15.69,2708.21,2200.92,1693.62,2200.92,2596.29,2891.35,183.48,18.85,16.86
2025-03-15 00:00:00+00:00,1909.53,1955.24,1904.97,1937.39,6456484591,35.77,-205.04,-197.96,-7.08,2584.17,2156.72,1729.27,2156.72,2568.85,2888.74,173.97,22.4,18.07
2025-03-16 00:00:00+00:00,1937.38,1940.47,1863.49,1887.44,9292997638,34.21,-201.33,-198.63,-2.7,2534.06,2125.4,1716.74,2125.4,2540.25,2885.54,167.04,16.61,19.29
2025-03-17 00:00:00+00:00,1887.45,1951.63,1880.48,1927.0,10436892087,36.57,-192.98,-197.5,4.52,2475.72,2097.07,1718.43,2097.07,2514.07,2882.53,160.19,29.74,22.92
2025-03-18 00:00:00+00:00,1927.01,1935.18,1872.51,1932.54,10170844746,36.91,-183.79,-194.76,10.97,2445.68,2077.13,1708.57,2077.13,2489.14,2879.56,153.22,30.73,25.69
2025-03-19 00:00:00+00:00,1932.54,2068.76,1928.25,2057.75,20065206266,44.21,-164.51,-188.71,24.2,2417.29,2064.74,1712.2,2064.74,2468.75,2877.28,152.32,53.15,37.87
2025-03-20 00:00:00+00:00,2057.95,2067.48,1952.24,1982.1,13217865782,41.11,-153.56,-181.68,28.12,2396.51,2051.95,1707.39,2051.95,2446.14,2875.05,149.67,44.83,42.9
2025-03-21 00:00:00+00:00,1981.85,1994.89,1937.21,1964.85,9708125480,40.42,-144.61,-174.27,29.65,2376.92,2039.36,1701.81,2039.36,2420.48,2872.19,143.1,43.26,47.08
2025-03-22 00:00:00+00:00,1964.94,2005.04,1964.27,1980.04,6117036512,41.36,-134.74,-166.36,31.62,2263.47,2012.38,1761.29,2012.38,2394.11,2869.98,135.79,48.76,45.62
2025-03-23 00:00:00+00:00,1979.98,2019.89,1977.71,2005.3,7522339707,42.97,-123.46,-157.78,34.32,2248.5,2005.37,1762.23,2005.37,2371.85,2867.77,129.1,62.69,51.57
2025-03-24 00:00:00+00:00,2005.72,2101.98,1978.76,2077.48,14044912402,47.41,-107.45,-147.72,40.26,2234.0,2000.74,1767.47,2000.74,2356.03,2866.31,128.68,92.82,68.09
2025-03-25 00:00:00+00:00,2078.57,2096.52,2038.64,2067.76,11735658914,46.88,-94.46,-137.06,42.6,2198.88,1992.03,1785.18,1992.03,2339.69,2865.53,123.62,87.71,81.07
2025-03-26 00:00:00+00:00,2067.51,2078.37,1982.41,2009.19,13178523590,43.71,-87.88,-127.23,39.35,2164.38,1982.36,1800.34,1982.36,2325.17,2864.21,121.65,66.68,82.4
2025-03-27 00:00:00+00:00,2008.94,2037.4,1987.72,2002.36,11593274543,43.35,-82.27,-118.24,35.97,2142.43,1975.53,1808.64,1975.53,2309.47,2862.73,116.51,58.64,71.01
2025-03-28 00:00:00+00:00,2002.41,2015.45,1863.01,1895.5,18160526498,37.96,-85.46,-111.68,26.22,2092.39,1960.23,1828.07,1960.23,2293.61,2860.42,119.07,13.6,46.3
2025-03-29 00:00:00+00:00,1895.55,1911.9,1799.2,1827.32,12194771785,34.97,-92.42,-107.83,15.41,2092.84,1950.82,1808.8,1950.82,2277.71,2857.61,118.62,9.29,27.17
2025-03-30 00:00:00+00:00,1827.31,1847.57,1769.41,1806.22,9854857162,34.08,-98.51,-105.96,7.46,2099.23,1948.08,1796.92,1948.08,2261.19,2854.94,115.73,11.07,11.32
2025-03-31 00:00:00+00:00,1806.32,1852.55,1778.69,1823.48,15765030938,35.53,-100.78,-104.93,4.15,2104.03,1943.26,1782.48,1943.26,2245.08,2852.25,112.74,16.26,12.2
2025-04-01 00:00:00+00:00,1823.56,1926.3,1820.35,1905.49,15001220420,42.06,-94.86,-102.91,8.05,2104.02,1943.08,1782.14,1943.08,2229.97,2849.57,112.25,40.92,22.75
2025-04-02 00:00:00+00:00,1905.48,1951.18,1782.76,1795.31,22593742104,36.68,-97.94,-101.92,3.98,2110.29,1939.7,1769.11,1939.7,2213.82,2846.45,116.27,7.79,21.65
2025-04-03 00:00:00+00:00,1794.98,1844.07,1751.38,1815.64,16450974373,38.25,-97.61,-101.06,3.45,2114.05,1935.01,1755.97,1935.01,2195.4,2843.93,114.58,18.33,22.34
2025-04-04 00:00:00+00:00,1815.61,1833.96,1760.59,1815.34,18061720814,38.24,-96.26,-100.1,3.83,2115.75,1928.91,1742.06,1928.91,2178.18,2841.53,111.64,18.24,14.79
2025-04-05 00:00:00+00:00,1815.34,1826.3,1767.51,1805.97,6374712479,37.74,-94.86,-99.05,4.19,2118.9,1924.83,1730.77,1924.83,2159.78,2838.85,107.86,15.57,17.38
2025-04-06 00:00:00+00:00,1805.96,1815.57,1539.44,1576.73,22154445576,28.08,-110.97,-101.43,-9.53,2156.07,1907.32,1658.56,1907.32,2137.45,2834.88,119.88,6.63,13.48
2025-04-07 00:00:00+00:00,1576.95,1634.04,1415.37,1555.24,46073959047,27.37,-124.03,-105.95,-18.08,2182.3,1888.45,1594.61,1888.45,2115.28,2830.33,126.94,20.53,14.24
2025-04-08 00:00:00+00:00,1554.93,1617.34,1447.61,1472.55,21315312919,24.79,-139.46,-112.65,-26.8,2195.53,1859.19,1522.86,1859.19,2089.87,2824.89,129.99,8.62,11.93
2025-04-09 00:00:00+00:00,1472.6,1687.19,1386.8,1668.04,39252195855,39.37,-134.35,-116.99,-17.36,2184.95,1843.49,1502.03,1843.49,2069.84,2820.15,142.17,43.23,24.13
2025-04-10 00:00:00+00:00,1668.2,1669.39,1474.91,1522.52,21379604307,34.08,-140.44,-121.68,-18.75,2186.24,1821.37,1456.51,1821.37,2045.98,2814.85,145.9,21.59,24.48
2025-04-11 00:00:00+00:00,1522.47,1587.54,1505.0,1567.15,14871838813,36.88,-140.04,-125.35,-14.68,2174.41,1800.73,1427.05,1800.73,2022.52,2809.44,141.38,31.96,32.26
2025-04-12 00:00:00+00:00,1567.16,1666.02,1546.82,1643.53,12110995013,41.47,-132.04,-126.69,-5.35,2149.59,1782.64,1415.69,1782.64,2002.19,2804.39,139.79,45.49,33.01
2025-04-13 00:00:00+00:00,1643.5,1648.29,1564.84,1596.69,13909890792,39.57,-128.0,-126.95,-1.05,2106.73,1758.6,1410.47,1758.6,1978.85,2799.48,135.77,37.19,38.21
2025-04-14 00:00:00+00:00,1596.88,1689.86,1596.09,1622.77,16518325094,41.19,-121.3,-125.82,4.52,2057.09,1736.35,1415.61,1736.35,1954.87,2794.43,132.77,41.81,41.5
2025-04-15 00:00:00+00:00,1622.77,1659.84,1585.23,1588.63,13175452875,39.69,-117.39,-124.14,6.74,2015.21,1715.32,1415.43,1715.32,1936.37,2788.89,128.61,35.76,38.25
2025-04-16 00:00:00+00:00,1589.03,1610.78,1540.03,1578.11,15339621551,39.22,-113.83,-122.08,8.24,1967.35,1694.11,1420.88,1694.11,1918.06,2783.4,124.48,41.84,39.8
2025-04-17 00:00:00+00:00,1578.01,1615.31,1564.2,1582.55,11312160796,39.54,-109.39,-119.54,10.15,1938.67,1678.46,1418.26,1678.46,1903.08,2778.01,119.24,43.78,40.46
2025-04-18 00:00:00+00:00,1582.4,1599.42,1573.9,1588.92,7123507323,40.04,-104.16,-116.46,12.31,1919.79,1666.54,1413.3,1666.54,1888.75,2772.94,112.55,45.99,43.87
2025-04-19 00:00:00+00:00,1588.97,1629.05,1585.47,1612.92,7168138700,41.99,-96.95,-112.56,15.61,1902.31,1656.88,1411.44,1656.88,1876.25,2768.76,107.62,52.74,47.5
2025-04-20 00:00:00+00:00,1612.97,1618.44,1566.69,1587.51,7642784469,40.49,-92.23,-108.49,16.26,1879.22,1645.08,1410.94,1645.08,1863.67,2764.87,103.63,66.23,54.98
2025-04-21 00:00:00+00:00,1587.46,1656.12,1566.15,1579.73,15403785611,40.02,-88.1,-104.42,16.31,1829.61,1628.79,1427.98,1628.79,1844.87,2761.02,102.65,63.66,60.88
2025-04-22 00:00:00+00:00,1579.82,1773.64,1542.0,1757.33,23747917555,53.34,-69.7,-97.47,27.78,1821.71,1626.89,1432.08,1626.89,1837.11,2757.73,111.87,95.78,75.22
2025-04-23 00:00:00+00:00,1757.2,1829.71,1746.92,1796.1,22904644756,55.65,-51.39,-88.26,36.87,1816.9,1625.92,1434.93,1625.92,1829.63,2754.64,109.79,90.53,83.32
2025-04-24 00:00:00+00:00,1795.98,1801.69,1724.74,1769.83,15207402759,53.71,-38.55,-78.31,39.76,1806.02,1623.64,1441.26,1623.64,1820.18,2751.29,107.44,81.56,89.29
2025-04-25 00:00:00+00:00,1770.0,1826.7,1740.33,1786.63,17459399281,54.8,-26.72,-68.0,41.28,1801.14,1622.67,1444.21,1622.67,1811.87,2748.11,105.94,85.13,85.74
2025-04-26 00:00:00+00:00,1786.53,1839.36,1781.47,1821.88,11926379867,57.07,-14.33,-57.26,42.93,1832.74,1634.93,1437.12,1634.93,1805.53,2745.02,102.51,94.16,86.95
2025-04-27 00:00:00+00:00,1822.18,1856.44,1785.9,1792.86,11321944113,54.63,-6.78,-47.17,40.39,1852.84,1646.81,1440.78,1646.81,1797.35,2742.14,100.22,79.91,86.4
2025-04-28 00:00:00+00:00,1792.45,1827.48,1747.73,1798.85,17043640437,55.06,-0.3,-37.79,37.49,1862.63,1663.13,1463.63,1663.13,1793.02,2739.22,98.76,81.8,85.29
2025-04-29 00:00:00+00:00,1798.91,1842.03,1782.28,1799.18,14734257744,55.09,4.8,-29.27,34.07,1878.28,1669.68,1461.09,1669.68,1791.78,2736.03,95.97,81.9,81.2
2025-04-30 00:00:00+00:00,1799.21,1816.69,1736.14,1793.78,14810431362,54.55,8.31,-21.76,30.07,1886.76,1683.25,1479.73,1683.25,1789.26,2732.62,94.87,80.07,81.26
2025-05-01 00:00:00+00:00,1794.04,1872.94,1793.15,1839.22,15861442721,58.24,14.59,-14.49,29.08,1904.03,1696.85,1489.67,1696.85,1787.86,2729.48,93.8,89.81,83.93
2025-05-02 00:00:00+00:00,1839.17,1869.53,1814.73,1842.71,13570171872,58.52,19.63,-7.66,27.29,1922.19,1706.81,1491.43,1706.81,1787.46,2725.54,91.01,90.87,86.92
2025-05-03 00:00:00+00:00,1842.72,1848.25,1812.82,1833.84,8344452620,57.47,22.64,-1.6,24.24,1934.63,1718.67,1502.71,1718.67,1785.95,2721.68,87.04,88.19,89.62
2025-05-04 00:00:00+00:00,1833.65,1850.0,1804.5,1808.59,8918979887,54.47,22.73,3.26,19.46,1942.53,1727.96,1513.38,1727.96,1783.37,2717.67,84.07,80.56,86.54
2025-05-05 00:00:00+00:00,1808.7,1832.05,1783.31,1819.7,11389336489,55.57,23.42,7.29,16.13,1947.27,1739.51,1531.75,1739.51,1782.01,2713.75,81.55,83.91,84.22
2025-05-06 00:00:00+00:00,1819.73,1820.8,1753.32,1815.09,13206516310,54.98,23.33,10.5,12.83,1947.04,1751.36,1555.68,1751.36,1779.78,2709.62,80.54,60.96,75.14
2025-05-07 00:00:00+00:00,1815.02,1849.66,1788.69,1811.61,50540755039,54.51,22.72,12.95,9.77,1943.1,1762.81,1582.52,1762.81,1777.36,2705.43,79.15,58.62,67.83
2025-05-08 00:00:00+00:00,1811.55,2222.21,1809.46,2206.51,37777245241,77.8,53.48,21.05,32.43,2045.82,1793.69,1541.56,1793.69,1780.33,2702.73,102.97,96.77,72.12
2025-05-09 00:00:00+00:00,2206.13,2486.01,2186.05,2345.51,43766026875,81.41,88.06,34.46,53.61,2169.65,1830.32,1490.99,1830.32,1787.6,2701.13,117.05,81.26,78.88
2025-05-10 00:00:00+00:00,2345.76,2597.54,2320.24,2582.42,30265913403,85.68,133.05,54.17,78.88,2339.85,1880.07,1420.29,1880.07,1799.95,2700.94,128.49,98.24,92.09
2025-05-11 00:00:00+00:00,2582.71,2603.26,2441.73,2510.24,26496368543,79.67,161.02,75.54,85.48,2443.21,1926.59,1409.97,1926.59,1810.56,2700.95,130.85,89.27,89.59
2025-05-12 00:00:00+00:00,2510.29,2620.9,2411.59,2496.4,32121858921,78.53,180.0,96.44,83.57,2532.29,1963.55,1394.8,1963.55,1820.38,2700.76,136.46,85.93,91.15
2025-05-13 00:00:00+00:00,2496.34,2736.89,2418.33,2680.13,33528741590,82.17,207.47,118.64,88.83,2653.85,2007.75,1361.65,2007.75,1832.43,2701.98,149.46,94.33,89.84
2025-05-14 00:00:00+00:00,2680.26,2721.95,2549.69,2610.06,26602676588,76.83,221.05,139.12,81.92,2738.58,2049.76,1360.94,2049.76,1843.28,2702.63,151.09,87.11,89.12
2025-05-15 00:00:00+00:00,2610.03,2645.07,2482.21,2546.86,26637688883,72.26,224.12,156.12,67.99,2798.99,2087.77,1376.55,2087.77,1854.03,2702.83,151.93,80.68,87.37
2025-05-16 00:00:00+00:00,2547.06,2645.61,2532.03,2536.3,21298907763,71.49,223.13,169.52,53.6,2850.08,2123.49,1396.91,2123.49,1864.71,2702.69,149.19,79.61,82.46
2025-05-17 00:00:00+00:00,2536.3,2537.78,2449.07,2475.75,18830706230,67.11,214.98,178.61,36.36,2882.98,2157.64,1432.29,2157.64,1876.31,2701.88,144.87,73.45,77.91
2025-05-18 00:00:00+00:00,2475.77,2585.7,2344.67,2498.23,25005164865,67.9,207.94,184.48,23.46,2912.54,2192.61,1472.68,2192.61,1889.73,2701.08,151.74,75.74,76.26
2025-05-19 00:00:00+00:00,2498.8,2545.46,2353.43,2529.17,27351331811,69.0,202.52,188.09,14.43,2939.0,2229.11,1519.21,2229.11,1904.19,2701.15,154.62,78.88,76.02
2025-05-20 00:00:00+00:00,2529.14,2585.62,2446.45,2524.17,23453322578,68.59,195.57,189.58,5.98,2956.11,2265.63,1575.14,2265.63,1918.21,2701.21,153.52,77.57,77.39
2025-05-21 00:00:00+00:00,2524.16,2614.06,2454.54,2552.35,31952904125,69.68,190.14,189.7,0.45,2972.43,2301.28,1630.13,2301.28,1931.14,2701.52,153.94,80.1,78.85
2025-05-22 00:00:00+00:00,2552.77,2691.1,2546.43,2664.16,26596978352,73.6,192.64,190.28,2.36,2995.65,2342.35,1689.06,2342.35,1948.52,2702.56,153.28,86.8,81.49
2025-05-23 00:00:00+00:00,2664.08,2731.22,2504.87,2526.44,30536501878,62.83,181.42,188.51,-7.09,2988.9,2376.98,1765.07,2376.98,1962.74,2703.2,158.5,49.49,72.13
2025-05-24 00:00:00+00:00,2526.39,2575.13,2516.02,2530.65,11380899856,63.01,170.9,184.99,-14.09,2966.18,2413.09,1860.0,2413.09,1977.04,2703.74,151.4,47.42,61.23
2025-05-25 00:00:00+00:00,2530.89,2553.87,2467.88,2551.76,14556431364,63.94,162.39,180.47,-18.08,2929.47,2449.69,1969.91,2449.69,1991.96,2702.88,146.73,52.8,49.9
2025-05-26 00:00:00+00:00,2551.38,2598.57,2530.32,2564.14,14936610009,64.5,154.86,175.35,-20.49,2864.31,2487.14,2109.98,2487.14,2011.71,2701.22,141.12,55.96,52.06
2025-05-27 00:00:00+00:00,2564.14,2712.29,2512.59,2663.07,26264200536,68.73,155.08,171.29,-16.21,2742.0,2529.72,2317.43,2529.72,2033.86,2699.73,145.31,82.37,63.71
2025-05-28 00:00:00+00:00,2663.01,2688.74,2611.16,2682.21,19087366068,69.48,155.02,168.04,-13.02,2713.46,2553.5,2393.54,2553.5,2058.06,2697.48,140.47,87.32,75.22
2025-05-29 00:00:00+00:00,2681.84,2784.75,2620.98,2632.65,27567479811,65.09,149.25,164.28,-15.03,2697.98,2567.86,2437.74,2567.86,2077.35,2694.69,142.13,65.44,78.38
2025-05-30 00:00:00+00:00,2632.84,2648.26,2510.16,2529.94,24599403943,57.05,134.84,158.39,-23.55,2696.23,2565.23,2434.24,2565.23,2097.5,2690.47,141.85,42.1,64.95
2025-05-31 00:00:00+00:00,2529.83,2550.48,2484.22,2529.09,13992843765,56.99,121.94,151.1,-29.16,2695.77,2566.18,2436.58,2566.18,2116.74,2686.88,136.45,41.91,49.81
2025-06-01 00:00:00+00:00,2529.1,2547.77,2472.54,2536.27,13287852482,57.41,111.02,143.09,-32.07,2694.43,2568.17,2441.91,2568.17,2134.59,2683.6,132.07,42.39,42.13
2025-06-02 00:00:00+00:00,2536.18,2615.52,2477.29,2607.1,16744168824,61.47,106.85,135.84,-28.99,2680.99,2564.52,2448.05,2564.52,2154.8,2681.34,132.51,47.49,43.93
2025-06-03 00:00:00+00:00,2607.2,2652.42,2582.25,2593.28,18291179016,60.26,101.26,128.92,-27.66,2679.01,2563.68,2448.35,2563.68,2174.21,2678.79,128.06,42.02,43.96
2025-06-04 00:00:00+00:00,2593.48,2677.97,2585.74,2608.64,18621211035,61.17,96.95,122.53,-25.58,2683.5,2566.77,2450.04,2566.77,2194.61,2676.17,125.5,44.42,44.64
2025-06-05 00:00:00+00:00,2608.61,2640.6,2395.75,2416.29,26194462737,46.72,77.13,113.45,-36.32,2695.1,2560.77,2426.43,2560.77,2211.37,2672.87,134.03,5.28,30.57
2025-06-06 00:00:00+00:00,2416.46,2530.39,2387.61,2477.19,19407449565,50.69,65.58,103.88,-38.3,2694.99,2560.84,2426.69,2560.84,2229.27,2669.22,134.65,22.56,24.09
2025-06-07 00:00:00+00:00,2477.18,2543.05,2459.14,2526.51,11664303387,53.7,59.71,95.04,-35.33,2694.2,2562.25,2430.31,2562.25,2248.02,2666.29,131.03,34.98,20.94
2025-06-08 00:00:00+00:00,2526.19,2547.47,2493.92,2510.79,12097170203,52.6,53.18,86.67,-33.49,2694.5,2561.34,2428.17,2561.34,2265.97,2663.49,125.49,31.02,29.52
2025-06-09 00:00:00+00:00,2510.84,2693.81,2479.87,2681.52,20605172560,61.78,61.08,81.55,-20.47,2711.41,2569.2,2427.0,2569.2,2287.85,2660.09,131.81,74.01,46.67
2025-06-10 00:00:00+00:00,2681.29,2824.81,2658.68,2813.52,35555755055,67.08,77.11,80.66,-3.56,2761.18,2582.26,2403.34,2582.26,2312.53,2657.5,134.26,97.42,67.48
2025-06-11 00:00:00+00:00,2813.74,2877.63,2746.46,2773.53,30705408054,64.18,85.59,81.65,3.94,2783.11,2587.73,2392.34,2587.73,2332.85,2654.38,134.04,78.76,83.39
2025-06-12 00:00:00+00:00,2773.6,2784.26,2619.97,2651.8,25924959613,56.19,81.55,81.63,-0.08,2789.15,2594.0,2398.85,2594.0,2349.97,2650.82,136.2,53.91,76.7
2025-06-13 00:00:00+00:00,2651.92,2651.92,2443.96,2579.49,37986747138,52.05,71.69,79.64,-7.95,2789.46,2596.44,2403.42,2596.44,2366.16,2646.65,141.33,39.16,57.28
2025-06-14 00:00:00+00:00,2579.72,2580.16,2491.49,2533.44,14285000473,49.55,59.47,75.61,-16.14,2789.61,2595.52,2401.44,2595.52,2381.1,2642.69,137.57,29.76,40.94
2025-06-15 00:00:00+00:00,2533.18,2558.68,2493.2,2546.84,13961893828,50.3,50.29,70.54,-20.25,2789.49,2594.66,2399.83,2594.66,2395.6,2637.14,132.42,32.49,33.8
2025-06-16 00:00:00+00:00,2547.23,2680.09,2517.15,2540.6,22792449577,49.93,42.03,64.84,-22.81,2782.0,2588.54,2395.07,2588.54,2410.55,2631.94,134.6,31.22,31.16
2025-06-17 00:00:00+00:00,2540.31,2617.9,2456.65,2510.76,25653232897,48.09,32.69,58.41,-25.72,2771.13,2579.96,2388.79,2579.96,2424.79,2626.53,136.5,25.13,29.62
2025-06-18 00:00:00+00:00,2510.82,2546.63,2469.05,2524.3,19873957905,49.01,26.09,51.95,-25.86,2765.57,2574.54,2383.52,2574.54,2439.29,2620.62,132.29,27.89,28.08
2025-06-19 00:00:00+00:00,2524.4,2546.77,2486.1,2521.65,12782730709,48.83,20.4,45.64,-25.23,2765.6,2574.13,2382.66,2574.13,2453.85,2614.67,127.18,27.35,26.79
2025-06-20 00:00:00+00:00,2521.53,2569.01,2371.47,2407.3,22592586688,41.67,6.6,37.83,-31.23,2772.83,2568.04,2363.26,2568.04,2465.21,2608.49,132.2,7.08,20.78
2025-06-21 00:00:00+00:00,2407.35,2448.41,2222.81,2300.5,16108791762,36.31,-12.82,27.7,-40.52,2793.33,2556.25,2319.17,2556.25,2474.37,2601.89,138.87,11.86,15.43
2025-06-22 00:00:00+00:00,2298.84,2313.85,2116.68,2228.21,28458151601,33.2,-33.65,15.43,-49.08,2814.45,2537.31,2260.17,2537.31,2482.25,2593.82,143.04,14.66,11.2
2025-06-23 00:00:00+00:00,2228.48,2434.24,2191.42,2421.82,26247439429,46.44,-34.14,5.52,-39.66,2809.18,2528.74,2248.29,2528.74,2494.52,2586.88,150.17,40.1,22.21
2025-06-24 00:00:00+00:00,2421.83,2481.22,2379.57,2448.01,19539047009,47.94,-32.05,-2.0,-30.05,2800.71,2520.7,2240.7,2520.7,2507.09,2579.09,146.7,43.54,32.77
2025-06-25 00:00:00+00:00,2448.74,2468.68,2394.61,2419.31,17158118625,46.4,-32.33,-8.06,-24.27,2800.63,2520.85,2241.08,2520.85,2519.17,2571.17,141.51,45.33,42.99
2025-06-26 00:00:00+00:00,2419.15,2519.62,2399.53,2416.15,18300413888,46.23,-32.44,-12.94,-19.5,2800.89,2517.8,2234.71,2517.8,2531.26,2563.22,139.98,53.15,47.34
2025-06-27 00:00:00+00:00,2416.02,2463.15,2386.32,2423.87,15309834970,46.76,-31.53,-16.66,-14.88,2798.8,2512.67,2226.54,2512.67,2535.61,2556.75,135.47,54.52,51.0
2025-06-28 00:00:00+00:00,2423.93,2448.19,2407.76,2437.11,8273074809,47.71,-29.41,-19.21,-10.2,2797.11,2508.99,2220.87,2508.99,2537.44,2550.77,128.68,56.87,54.85
2025-06-29 00:00:00+00:00,2437.11,2523.32,2417.63,2500.96,12500580479,52.15,-22.32,-19.83,-2.49,2776.4,2499.96,2223.52,2499.96,2535.81,2544.11,127.04,68.21,59.87
2025-06-30 00:00:00+00:00,2500.61,2521.72,2438.05,2486.46,16859727663,51.09,-17.67,-19.4,1.73,2717.34,2483.61,2249.87,2483.61,2535.34,2537.13,123.94,73.78,66.29
2025-07-01 00:00:00+00:00,2486.43,2500.59,2389.82,2405.79,15025451796,45.54,-20.25,-19.57,-0.69,2657.02,2465.22,2273.42,2465.22,2533.52,2529.6,123.0,63.92,68.63
2025-07-02 00:00:00+00:00,2405.86,2616.78,2378.39,2571.34,22792512025,56.09,-8.85,-17.42,8.58,2639.41,2461.2,2282.98,2461.2,2531.35,2523.12,131.24,90.91,76.2
2025-07-03 00:00:00+00:00,2570.8,2635.19,2558.58,2591.01,20873559425,57.15,1.76,-13.59,15.35,2641.66,2461.77,2281.88,2461.77,2530.97,2516.31,127.34,91.48,82.1
2025-07-04 00:00:00+00:00,2590.85,2601.12,2475.75,2508.52,17222740209,51.52,3.48,-10.17,13.65,2638.66,2460.53,2282.39,2460.53,2530.2,2508.92,127.2,75.57,85.99
2025-07-05 00:00:00+00:00,2508.1,2529.84,2489.0,2517.28,9289382302,52.06,5.48,-7.04,12.52,2634.64,2459.05,2283.46,2459.05,2529.82,2502.07,121.03,77.26,81.44
2025-07-06 00:00:00+00:00,2517.28,2603.06,2505.37,2571.24,13190436110,55.36,11.28,-3.38,14.66,2639.67,2460.58,2281.49,2460.58,2531.73,2496.83,119.36,85.59,79.47
2025-07-07 00:00:00+00:00,2571.4,2589.32,2517.9,2543.01,18440266947,53.29,13.46,-0.01,13.47,2643.75,2462.19,2280.64,2462.19,2532.62,2492.46,115.94,64.1,75.65
2025-07-08 00:00:00+00:00,2542.97,2626.66,2525.44,2615.51,17537487206,57.66,20.79,4.15,16.64,2659.14,2466.75,2274.37,2466.75,2534.35,2488.17,114.89,92.34,80.68
2025-07-09 00:00:00+00:00,2615.51,2794.52,2591.95,2770.78,27229452849,65.18,38.68,11.05,27.62,2714.12,2479.21,2244.3,2479.21,2539.28,2485.34,121.15,94.3,83.58
2025-07-10 00:00:00+00:00,2770.74,2995.15,2757.27,2954.85,33929201261,71.61,66.94,22.23,44.71,2820.54,2506.59,2192.63,2506.59,2547.33,2483.73,129.49,93.47,93.37
2025-07-11 00:00:00+00:00,2954.83,3038.14,2916.96,2957.89,36226558863,71.7,88.56,35.5,53.06,2897.16,2539.46,2181.75,2539.46,2553.21,2481.44,128.9,87.84,91.87
2025-07-12 00:00:00+00:00,2958.33,2979.78,2907.19,2942.91,16317198254,70.48,103.3,49.06,54.24,2944.59,2575.19,2205.8,2575.19,2561.54,2478.69,124.87,85.57,88.96
2025-07-13 00:00:00+00:00,2942.85,3016.39,2938.74,2973.36,17361753131,71.54,116.1,62.47,53.63,3004.86,2602.77,2200.68,2602.77,2570.39,2476.09,121.5,90.18,87.86
2025-07-14 00:00:00+00:00,2973.23,3079.99,2965.32,3013.35,36349290556,72.92,127.99,75.57,52.42,3065.5,2631.04,2196.57,2631.04,2579.62,2474.5,121.01,90.5,88.75
2025-07-15 00:00:00+00:00,3013.29,3142.43,2934.37,3139.89,39013656112,76.77,145.94,89.64,56.3,3144.94,2667.06,2189.19,2667.06,2591.14,2473.56,127.23,99.67,93.45
2025-07-16 00:00:00+00:00,3139.89,3422.6,3102.48,3371.51,46771354461,81.84,176.82,107.08,69.74,3271.59,2714.83,2158.08,2714.83,2605.31,2473.43,141.01,94.6,94.92
2025-07-17 00:00:00+00:00,3371.51,3521.69,3316.0,3476.78,47532846793,83.6,207.4,127.14,80.26,3402.07,2767.48,2132.88,2767.48,2621.2,2474.06,145.63,95.71,96.66
2025-07-18 00:00:00+00:00,3476.12,3674.86,3463.39,3549.02,59198465810,84.69,234.75,148.67,86.09,3526.86,2823.07,2119.29,2823.07,2639.53,2475.03,150.33,89.39,93.23
2025-07-19 00:00:00+00:00,3548.93,3608.28,3512.97,3595.27,26031719746,85.36,257.2,170.37,86.83,3643.55,2877.79,2112.02,2877.79,2660.83,2476.34,146.4,93.19,92.76
2025-07-20 00:00:00+00:00,3595.24,3819.4,3582.35,3759.47,44600451066,87.47,284.95,193.29,91.66,3778.55,2941.44,2104.33,2941.44,2685.44,2478.37,152.88,95.4,92.66
2025-07-21 00:00:00+00:00,3758.92,3856.77,3705.35,3763.37,42611467663,87.51,303.76,215.38,88.38,3882.92,3009.32,2135.72,3009.32,2709.98,2479.93,152.77,92.98,93.86
2025-07-22 00:00:00+00:00,3762.88,3798.1,3624.14,3749.15,45248868820,86.27,313.9,235.09,78.81,3975.63,3068.21,2160.78,3068.21,2732.82,2480.65,154.29,91.49,93.29
2025-07-23 00:00:00+00:00,3749.24,3765.03,3532.86,3629.7,41283228953,76.46,308.74,249.82,58.92,4031.46,3120.14,2208.83,3120.14,2753.55,2480.51,159.85,79.35,87.94
2025-07-24 00:00:00+00:00,3629.73,3771.38,3515.0,3708.01,40377960354,78.21,307.42,261.34,46.09,4079.76,3180.12,2280.48,3180.12,2775.54,2480.88,166.74,84.33,85.06
2025-07-25 00:00:00+00:00,3708.01,3744.82,3579.96,3727.27,42264509577,78.63,304.43,269.96,34.47,4114.96,3240.62,2366.28,3240.62,2801.76,2481.07,166.61,86.36,83.35
2025-07-26 00:00:00+00:00,3727.24,3789.79,3702.77,3741.4,24635287361,78.95,299.74,275.91,23.82,4140.86,3299.12,2457.39,3299.12,2827.04,2482.87,160.92,87.49,86.06
2025-07-27 00:00:00+00:00,3741.26,3876.93,3733.68,3875.25,28897450394,81.75,303.32,281.39,21.93,4165.34,3365.74,2566.14,3365.74,2854.02,2485.62,159.66,99.82,91.23
2025-07-28 00:00:00+00:00,3875.26,3940.65,3756.52,3787.43,35831336149,74.73,295.67,284.25,11.42,4161.79,3424.33,2686.87,3424.33,2879.55,2488.46,161.41,84.77,90.7
2025-07-29 00:00:00+00:00,3788.32,3884.0,3716.88,3793.45,35540435995,74.89,286.79,284.76,2.03,4162.2,3475.47,2788.74,3475.47,2901.79,2491.09,161.82,82.44,89.01
2025-07-30 00:00:00+00:00,3793.58,3832.88,3683.14,3808.2,34392494235,75.3,277.73,283.35,-5.62,4174.01,3518.13,2862.25,3518.13,2921.68,2493.72,160.95,78.8,82.0
2025-07-31 00:00:00+00:00,3808.25,3877.47,3685.0,3696.71,32839839444,66.46,258.58,278.4,-19.82,4159.28,3555.08,2950.87,3555.08,2940.15,2495.87,163.21,48.89,70.04
2025-08-01 00:00:00+00:00,3696.14,3722.59,3432.38,3488.37,46261558200,53.75,224.01,267.52,-43.51,4115.24,3582.35,3049.45,3582.35,2956.88,2497.64,172.28,11.02,46.23
2025-08-02 00:00:00+00:00,3487.96,3535.56,3370.94,3392.74,30165065282,49.11,186.74,251.36,-64.62,4063.34,3603.32,3143.3,3603.32,2973.14,2498.48,171.73,3.83,21.24
2025-08-03 00:00:00+00:00,3392.74,3520.83,3357.94,3497.38,19363593865,53.81,163.77,233.85,-70.08,3999.32,3627.52,3255.71,3627.52,2992.42,2498.72,171.1,23.93,12.92
2025-08-04 00:00:00+00:00,3497.61,3734.98,3491.55,3718.99,30905749658,61.85,161.57,219.39,-57.82,3950.43,3656.47,3362.51,3656.47,3015.86,2500.77,176.27,61.96,29.91
2025-08-05 00:00:00+00:00,3719.82,3720.66,3547.62,3611.9,32778742296,56.71,149.47,205.41,-55.93,3931.41,3668.49,3405.57,3668.49,3037.29,2501.46,176.04,43.58,43.16
2025-08-06 00:00:00+00:00,3612.04,3698.12,3567.1,3683.92,26924415763,59.17,144.03,193.13,-49.1,3925.81,3678.85,3431.89,3678.85,3060.75,2503.35,172.82,55.94,53.83
2025-08-07 00:00:00+00:00,3684.06,3926.2,3650.37,3914.33,38627826066,65.84,156.51,185.81,-29.3,3957.32,3697.12,3436.91,3697.12,3088.55,2506.87,180.18,95.48,65.0
2025-08-08 00:00:00+00:00,3914.11,4068.85,3882.44,4009.85,45460293892,68.17,172.12,183.07,-10.95,4008.2,3717.84,3427.49,3717.84,3118.32,2510.53,180.62,91.7,81.04
2025-08-09 00:00:00+00:00,4009.15,4323.76,4007.71,4263.6,45279715746,73.35,202.64,186.98,15.65,4122.48,3743.05,3363.62,3743.05,3155.44,2515.21,190.3,93.77,93.65
2025-08-10 00:00:00+00:00,4263.55,4332.21,4163.94,4254.22,36173931367,72.88,223.48,194.28,29.2,4210.71,3767.59,3324.47,3767.59,3194.52,2520.28,188.72,92.0,92.49
2025-08-11 00:00:00+00:00,4254.23,4362.09,4168.88,4226.97,49989853803,71.44,235.1,202.45,32.65,4279.65,3791.48,3303.32,3791.48,3234.49,2524.75,189.04,86.54,90.77
2025-08-12 00:00:00+00:00,4227.21,4634.06,4222.36,4590.92,57237189036,77.76,270.55,216.07,54.48,4437.56,3839.55,3241.53,3839.55,3277.88,2531.15,204.95,96.62,91.72
2025-08-13 00:00:00+00:00,4590.66,4784.67,4566.24,4756.28,62550014642,79.93,308.44,234.54,73.89,4612.61,3891.96,3171.31,3891.96,3324.04,2538.35,205.91,98.01,93.72
2025-08-14 00:00:00+00:00,4756.04,4788.55,4461.28,4548.17,75681632806,70.59,318.0,251.23,66.77,4705.78,3933.0,3160.22,3933.0,3366.62,2544.91,214.58,83.2,92.61
2025-08-15 00:00:00+00:00,4549.08,4667.73,4375.55,4439.99,55445715824,66.25,313.24,263.63,49.61,4766.95,3967.93,3168.91,3967.93,3407.1,2551.21,220.12,75.64,85.61
2025-08-16 00:00:00+00:00,4440.0,4493.15,4379.16,4426.18,26816931514,65.69,304.84,271.88,32.96,4818.67,3995.48,3172.29,3995.48,3447.14,2557.96,212.54,74.67,77.83
2025-08-17 00:00:00+00:00,4426.26,4575.88,4400.71,4473.27,31348101438,66.72,298.54,277.21,21.33,4873.36,4029.77,3186.19,4029.77,3487.86,2564.76,209.87,75.69,75.33
2025-08-18 00:00:00+00:00,4473.33,4484.01,4229.38,4312.5,53518423360,60.12,277.38,277.24,0.14,4900.63,4055.72,3210.82,4055.72,3524.1,2570.08,213.07,61.64,70.67
2025-08-19 00:00:00+00:00,4312.53,4355.08,4070.54,4073.46,50440367102,51.9,238.57,269.51,-30.94,4905.82,4068.99,3232.15,4068.99,3555.84,2573.96,218.17,41.46,59.59
2025-08-20 00:00:00+00:00,4073.17,4376.79,4064.97,4334.5,49577862965,58.56,226.27,260.86,-34.59,4926.52,4100.88,3275.24,4100.88,3594.41,2580.04,224.86,60.11,54.4
2025-08-21 00:00:00+00:00,4334.57,4338.83,4205.78,4223.21,33618359942,55.06,205.17,249.72,-44.55,4912.32,4137.62,3362.92,4137.62,3627.45,2586.81,218.3,37.61,46.39
2025-08-22 00:00:00+00:00,4223.73,4884.23,4209.47,4831.35,75965521535,66.76,234.82,246.74,-11.92,4959.81,4209.55,3459.29,4209.55,3672.25,2596.55,250.91,93.97,63.89
2025-08-23 00:00:00+00:00,4831.09,4831.61,4669.73,4776.09,36503623278,65.1,250.96,247.59,3.38,4985.15,4273.49,3561.82,4273.49,3717.6,2606.75,244.55,86.8,72.79
2025-08-24 00:00:00+00:00,4776.7,4953.73,4714.47,4779.65,52405003873,65.16,261.04,250.28,10.76,5022.1,4326.52,3630.93,4326.52,3762.85,2616.71,244.17,80.41,87.06
2025-08-25 00:00:00+00:00,4779.77,4796.35,4343.95,4372.99,63936163545,53.78,233.51,246.92,-13.41,4973.41,4364.57,3755.73,4364.57,3798.89,2625.13,259.05,34.66,67.29
2025-08-26 00:00:00+00:00,4372.88,4632.07,4316.3,4600.43,53829747706,58.18,227.43,243.03,-15.59,4935.77,4410.4,3885.02,4410.4,3840.04,2635.03,263.1,60.25,58.44
2025-08-27 00:00:00+00:00,4600.51,4659.99,4489.3,4503.39,43509902322,55.74,212.33,236.89,-24.55,4911.42,4439.85,3968.28,4439.85,3877.79,2644.38,256.5,49.33,48.08
2025-08-28 00:00:00+00:00,4503.63,4629.03,4435.11,4507.18,36045274078,55.82,198.39,229.19,-30.8,4891.1,4464.72,4038.33,4464.72,3912.52,2653.77,252.03,49.76,53.11
2025-08-29 00:00:00+00:00,4507.63,4513.86,4272.46,4360.15,46899991962,52.0,173.47,218.04,-44.57,4888.46,4469.54,4050.63,4469.54,3940.63,2662.27,251.27,33.21,44.1
2025-08-30 00:00:00+00:00,4360.09,4413.27,4264.2,4374.15,25883112278,52.33,153.09,205.05,-51.96,4884.8,4475.54,4066.28,4475.54,3968.95,2671.13,243.97,34.79,39.25
2025-08-31 00:00:00+00:00,4374.89,4497.18,4373.6,4390.02,26683044984,52.74,136.64,191.37,-54.73,4878.34,4483.69,4089.04,4483.69,3997.89,2679.39,235.37,36.57,34.86
2025-09-01 00:00:00+00:00,4389.63,4490.35,4221.25,4314.47,37530746508,50.55,116.17,176.33,-60.16,4868.06,4469.87,4071.69,4469.87,4024.72,2687.58,237.78,28.07,33.14
2025-09-02 00:00:00+00:00,4314.39,4414.93,4260.46,4325.37,39884692334,50.87,99.68,161.0,-61.32,4827.44,4448.33,4069.22,4448.33,4050.96,2695.58,231.83,29.3,31.32
2025-09-03 00:00:00+00:00,4324.7,4489.2,4286.21,4450.39,35260873497,54.47,95.6,147.92,-52.32,4819.64,4443.44,4067.24,4443.44,4077.17,2704.36,229.77,32.7,30.03
2025-09-04 00:00:00+00:00,4450.22,4483.45,4268.59,4298.74,34919798552,49.71,79.21,134.18,-54.97,4818.11,4436.37,4054.64,4436.37,4095.71,2712.54,228.7,11.99,24.67
2025-09-05 00:00:00+00:00,4298.84,4484.36,4258.05,4306.99,44163736676,49.96,66.13,120.57,-54.44,4816.52,4430.42,4044.31,4430.42,4112.32,2720.36,228.53,11.71,18.8
2025-09-06 00:00:00+00:00,4306.97,4327.44,4244.75,4274.24,18108246446,48.9,52.51,106.96,-54.45,4812.13,4420.46,4028.79,4420.46,4126.82,2728.38,218.11,7.23,10.31
2025-09-07 00:00:00+00:00,4274.17,4334.27,4271.53,4305.35,17426783536,49.99,43.73,94.31,-50.58,4812.2,4420.11,4028.01,4420.11,4141.02,2736.33,207.02,14.62,11.19
2025-09-08 00:00:00+00:00,4305.38,4381.27,4279.97,4308.07,32277142378,50.09,36.56,82.76,-46.2,4793.09,4431.84,4070.58,4431.84,4151.99,2744.17,199.47,19.79,13.88
2025-09-09 00:00:00+00:00,4308.28,4381.23,4277.85,4309.04,30703320925,50.13,30.61,72.33,-41.72,4793.44,4430.56,4067.69,4430.56,4162.91,2752.42,192.6,20.01,18.14
2025-09-10 00:00:00+00:00,4309.09,4450.42,4286.06,4349.15,39521365146,51.78,28.8,63.62,-34.83,4788.79,4436.86,4084.93,4436.86,4174.91,2760.34,190.58,31.36,23.72
2025-09-11 00:00:00+00:00,4349.2,4471.7,4339.72,4461.23,35959212991,56.15,35.99,58.1,-22.11,4717.98,4418.35,4118.73,4418.35,4191.54,2768.54,186.4,82.01,44.46
2025-09-12 00:00:00+00:00,4461.48,4734.27,4453.28,4715.25,43839753626,64.09,61.48,58.77,2.71,4700.54,4415.31,4130.09,4415.31,4211.68,2779.55,193.16,96.29,69.89
2025-09-13 00:00:00+00:00,4714.7,4763.36,4609.13,4668.18,34843845977,61.86,76.99,62.42,14.58,4668.08,4409.74,4151.4,4409.74,4230.5,2790.42,190.37,82.44,86.92
2025-09-14 00:00:00+00:00,4668.17,4690.64,4581.85,4609.6,28394160275,59.09,83.6,66.65,16.94,4694.1,4421.57,4149.04,4421.57,4247.87,2801.81,184.55,71.64,83.46
2025-09-15 00:00:00+00:00,4609.72,4670.53,4469.86,4526.82,40224062009,55.33,81.22,69.57,11.65,4682.11,4417.89,4153.67,4417.89,4260.9,2812.92,185.7,54.39,69.49
2025-09-16 00:00:00+00:00,4526.08,4537.6,4428.33,4503.56,32761501436,54.29,76.57,70.97,5.6,4682.13,4417.9,4153.66,4417.9,4275.22,2824.25,180.24,49.9,58.64
2025-09-17 00:00:00+00:00,4503.64,4617.23,4429.64,4592.73,44120899417,57.6,79.17,72.61,6.56,4695.12,4422.18,4149.23,4422.18,4291.2,2836.13,180.76,67.1,57.13
2025-09-18 00:00:00+00:00,4592.44,4643.97,4556.27,4589.92,33497259158,57.45,80.08,74.1,5.98,4714.84,4433.66,4152.49,4433.66,4306.84,2846.48,174.12,66.56,61.19
2025-09-19 00:00:00+00:00,4589.51,4620.79,4443.26,4470.92,30352619653,51.68,70.39,73.36,-2.97,4718.69,4438.5,4158.31,4438.5,4322.32,2858.11,174.36,43.61,59.09
2025-09-20 00:00:00+00:00,4470.98,4509.81,4459.16,4482.27,18056494322,52.17,62.9,71.27,-8.37,4722.98,4443.11,4163.25,4443.11,4342.2,2869.67,165.52,42.85,51.01
2025-09-21 00:00:00+00:00,4482.58,4499.39,4447.12,4451.33,19330306133,50.65,53.84,67.78,-13.94,4723.19,4449.96,4176.72,4449.96,4363.37,2880.72,157.43,35.73,40.73
2025-09-22 00:00:00+00:00,4451.58,4457.08,4092.4,4202.88,58221334533,40.46,26.32,59.49,-33.17,4733.8,4443.83,4153.86,4443.83,4377.48,2890.72,172.24,16.47,31.68
2025-09-23 00:00:00+00:00,4203.02,4227.73,4120.82,4165.5,32460075911,39.19,1.47,47.89,-46.42,4745.07,4429.59,4114.11,4429.59,4386.41,2900.85,167.57,10.89,21.03
2025-09-24 00:00:00+00:00,4165.41,4206.9,4081.35,4153.47,33538388785,38.76,-18.97,34.51,-53.49,4756.62,4422.32,4088.03,4422.32,4397.24,2910.61,164.57,10.57,12.65
2025-09-25 00:00:00+00:00,4153.52,4162.06,3829.01,3868.33,68963092031,30.37,-57.52,16.11,-73.63,4814.57,4400.39,3986.22,4400.39,4400.93,2919.87,176.6,4.21,8.56
2025-09-26 00:00:00+00:00,3868.69,4069.17,3868.43,4035.89,47873508328,38.76,-73.7,-1.85,-71.85,4830.7,4388.47,3946.25,4388.47,4403.36,2930.75,178.34,22.14,12.31
2025-09-27 00:00:00+00:00,4035.91,4038.45,3975.76,4018.66,20382555776,38.25,-86.91,-18.87,-68.04,4845.35,4374.14,3902.93,4374.14,4403.54,2941.24,170.08,22.01,16.12
2025-09-28 00:00:00+00:00,4018.66,4143.0,3969.79,4141.48,24631307054,43.92,-86.47,-32.39,-54.09,4847.7,4365.81,3883.92,4365.81,4401.1,2952.4,170.3,37.13,27.09
2025-09-29 00:00:00+00:00,4141.36,4234.78,4087.93,4217.34,38560429932,47.15,-79.09,-41.73,-37.36,4847.12,4361.23,3875.33,4361.23,4400.36,2964.18,168.62,47.65,35.6
2025-09-30 00:00:00+00:00,4217.06,4238.67,4095.44,4145.96,37679153330,44.55,-78.1,-49.0,-29.1,4846.43,4351.07,3855.7,4351.07,4398.74,2975.36,166.81,38.89,41.22
2025-10-01 00:00:00+00:00,4146.03,4351.11,4125.54,4351.11,46161664723,52.63,-60.07,-51.22,-8.86,4838.21,4345.56,3852.91,4345.56,4393.94,2987.43,171.01,64.06,50.2
2025-10-02 00:00:00+00:00,4352.24,4517.67,4336.53,4487.92,48074066058,57.11,-34.35,-47.84,13.5,4800.72,4334.19,3867.66,4334.19,4388.58,3000.43,171.73,83.22,62.06
2025-10-03 00:00:00+00:00,4486.93,4591.44,4431.48,4514.87,49603450230,57.96,-11.65,-40.6,28.95,4774.63,4326.53,3878.43,4326.53,4387.91,3013.37,170.89,89.96,79.08
2025-10-04 00:00:00+00:00,4514.91,4519.53,4444.01,4489.2,21832270764,56.81,4.22,-31.64,35.86,4755.64,4320.51,3885.37,4320.51,4388.9,3026.15,164.08,86.59,86.59
2025-10-05 00:00:00+00:00,4489.05,4616.53,4472.14,4515.42,44880806324,57.73,18.69,-21.57,40.26,4753.96,4319.94,3885.91,4319.94,4390.68,3038.44,162.67,87.16,87.9
2025-10-06 00:00:00+00:00,4515.3,4736.21,4492.87,4687.77,44992456374,63.27,43.57,-8.55,52.11,4786.76,4329.15,3871.54,4329.15,4394.97,3051.97,168.43,94.66,89.47
2025-10-07 00:00:00+00:00,4687.71,4755.22,4443.57,4451.15,54879425294,53.0,43.68,1.9,41.78,4766.71,4322.07,3877.43,4322.07,4397.74,3064.4,178.66,67.17,83.0
2025-10-08 00:00:00+00:00,4451.11,4556.22,4417.77,4527.65,40456628235,55.51,49.38,11.4,37.99,4756.51,4318.96,3881.4,4318.96,4406.83,3077.14,175.79,75.43,79.09
2025-10-09 00:00:00+00:00,4526.96,4531.72,4273.56,4369.14,47903074596,49.59,40.64,17.24,23.39,4746.32,4313.87,3881.41,4313.87,4407.52,3088.96,181.67,56.46,66.35
2025-10-10 00:00:00+00:00,4369.07,4395.57,3460.22,3843.01,97736621123,35.9,-8.65,12.07,-20.71,4754.57,4281.9,3809.23,4281.9,4399.92,3097.79,235.51,29.56,53.82
2025-10-11 00:00:00+00:00,3840.96,3882.24,3652.79,3750.61,62475475938,34.12,-54.53,-1.25,-53.28,4768.05,4246.87,3725.68,4246.87,4378.3,3106.2,235.08,22.42,36.15
2025-10-12 00:00:00+00:00,3750.95,4195.4,3701.48,4164.43,61216174681,46.84,-56.85,-12.37,-44.48,4767.09,4244.95,3722.8,4244.95,4366.07,3116.98,253.56,54.38,35.45
2025-10-13 00:00:00+00:00,4164.05,4292.85,4061.22,4245.47,50253782420,48.92,-51.55,-20.21,-31.34,4769.75,4248.94,3728.13,4248.94,4355.38,3128.19,252.0,60.64,45.81
2025-10-14 00:00:00+00:00,4245.37,4265.11,3895.97,4125.41,67094148347,46.05,-56.39,-27.45,-28.95,4769.58,4247.54,3725.5,4247.54,4350.43,3139.34,260.37,51.37,55.46
2025-10-15 00:00:00+00:00,4125.36,4213.86,3935.16,3987.46,50462889453,42.93,-70.55,-36.07,-34.48,4759.8,4253.5,3747.19,4253.5,4338.17,3150.14,261.67,40.71,50.91
2025-10-16 00:00:00+00:00,3987.15,4079.65,3829.65,3894.75,49147390731,40.92,-88.23,-46.5,-41.73,4769.19,4246.44,3723.7,4246.44,4326.0,3160.58,260.84,33.55,41.88
2025-10-17 00:00:00+00:00,3894.38,3950.57,3678.62,3832.56,57404271888,39.58,-106.04,-58.41,-47.63,4783.06,4237.14,3691.21,4237.14,4312.51,3170.63,261.63,28.75,34.34
2025-10-18 00:00:00+00:00,3833.01,3927.25,3822.27,3890.35,23815676385,41.49,-114.17,-69.56,-44.61,4790.94,4224.58,3658.22,4224.58,4303.11,3180.55,250.44,33.21,31.84
2025-10-19 00:00:00+00:00,3890.58,4029.36,3843.77,3984.65,32870655221,44.58,-111.72,-77.99,-33.73,4789.4,4212.94,3636.49,4212.94,4295.32,3191.5,245.81,40.5,34.15
2025-10-20 00:00:00+00:00,3984.7,4084.16,3911.73,3980.76,40224612563,44.47,-108.84,-84.16,-24.68,4789.85,4204.68,3619.52,4204.68,4287.14,3202.33,240.57,40.2,37.97
2025-10-21 00:00:00+00:00,3980.74,4109.53,3843.23,3876.76,49960290350,41.67,-113.63,-90.05,-23.58,4779.45,4180.97,3582.49,4180.97,4278.38,3212.63,242.41,38.01,39.57
2025-10-22 00:00:00+00:00,3877.36,3890.63,3718.08,3808.12,46173305673,39.88,-121.57,-96.36,-25.21,4749.26,4146.98,3544.7,4146.98,4268.04,3222.64,237.42,32.47,36.89
2025-10-23 00:00:00+00:00,3808.08,3930.97,3801.24,3856.03,36361652714,41.76,-122.58,-101.6,-20.98,4703.53,4114.04,3524.54,4114.04,4256.15,3234.04,229.73,42.32,37.6
2025-10-24 00:00:00+00:00,3856.03,4002.56,3849.72,3934.57,34090708715,44.8,-115.72,-104.43,-11.29,4653.24,4086.3,3519.37,4086.3,4248.87,3245.94,224.23,44.02,39.6
2025-10-25 00:00:00+00:00,3934.49,3967.65,3914.64,3953.47,15245229017,45.54,-107.51,-105.04,-2.47,4590.22,4058.21,3526.19,4058.21,4241.8,3258.34,212.0,44.75,43.7
2025-10-26 00:00:00+00:00,3953.44,4177.31,3923.19,4157.99,29120786315,52.88,-83.54,-100.74,17.2,4477.52,4031.72,3585.92,4031.72,4239.47,3270.79,215.01,78.04,55.61
2025-10-27 00:00:00+00:00,4158.01,4250.67,4099.57,4120.12,40271333201,51.49,-66.83,-93.96,27.13,4417.9,4015.17,3612.44,4015.17,4235.77,3283.78,210.45,75.28,66.02
2025-10-28 00:00:00+00:00,4120.27,4173.51,3940.83,3982.26,39684155177,46.7,-63.97,-87.96,23.99,4310.38,3987.9,3665.41,3987.9,4229.25,3295.86,212.04,53.08,68.8
2025-10-29 00:00:00+00:00,3980.76,4036.35,3849.54,3903.35,35255876156,44.17,-67.3,-83.83,16.53,4234.08,3964.61,3695.13,3964.61,4221.14,3307.15,210.23,39.29,55.88
2025-10-30 00:00:00+00:00,3903.32,3948.22,3681.91,3804.38,39981939289,41.16,-77.03,-82.47,5.44,4236.34,3962.68,3689.01,3962.68,4210.24,3318.19,214.24,21.98,38.12
2025-10-31 00:00:00+00:00,3805.08,3900.58,3797.67,3847.08,37800100395,42.97,-80.37,-82.05,1.68,4228.54,3967.5,3706.46,3967.5,4197.96,3329.31,206.29,29.04,30.1
2025-11-01 00:00:00+00:00,3847.17,3906.78,3832.63,3874.19,17490279524,44.14,-79.91,-81.62,1.71,4199.81,3952.99,3706.16,3952.99,4181.14,3340.74,196.85,33.81,28.28
2025-11-02 00:00:00+00:00,3873.89,3914.88,3840.0,3911.06,20479611654,45.77,-75.7,-80.44,4.74,4141.46,3936.27,3731.07,3936.27,4165.99,3352.41,188.14,40.29,34.38
2025-11-03 00:00:00+00:00,3911.75,3912.63,3560.26,3602.31,53091469560,36.22,-96.17,-83.58,-12.59,4145.0,3910.11,3675.22,3910.11,4145.85,3362.51,199.87,6.09,26.73
2025-11-04 00:00:00+00:00,3602.04,3652.69,3063.09,3292.57,76827517773,29.55,-135.82,-94.03,-41.79,4234.69,3875.37,3516.04,3875.37,4121.16,3371.02,227.71,19.32,21.9
2025-11-05 00:00:00+00:00,3292.15,3479.81,3170.51,3425.17,46955882330,35.06,-154.75,-106.18,-48.58,4263.45,3851.89,3440.32,3851.89,4099.6,3380.08,233.53,30.49,18.63
2025-11-06 00:00:00+00:00,3425.36,3454.34,3245.28,3312.26,36731850433,32.71,-176.84,-120.31,-56.53,4303.12,3825.87,3348.63,3825.87,4073.99,3388.71,231.79,20.98,23.6
2025-11-07 00:00:00+00:00,3312.03,3471.8,3195.9,3435.3,42609994022,37.61,-182.3,-132.71,-49.6,4309.9,3803.12,3296.34,3803.12,4050.89,3397.99,234.94,31.34,27.6
2025-11-08 00:00:00+00:00,3435.15,3482.27,3357.71,3400.38,23613870398,36.8,-187.3,-143.63,-43.67,4303.47,3773.91,3244.34,3773.91,4029.48,3406.2,227.05,28.4,26.91
2025-11-09 00:00:00+00:00,3400.1,3616.44,3359.72,3582.62,28821543888,43.69,-174.54,-149.81,-24.73,4280.75,3754.0,3227.25,3754.0,4011.49,3415.13,229.17,43.75,34.5
2025-11-10 00:00:00+00:00,3583.44,3656.15,3508.99,3568.46,35638045619,43.29,-163.68,-152.58,-11.1,4268.24,3738.58,3208.93,3738.58,3993.83,3424.13,223.31,45.51,39.22
2025-11-11 00:00:00+00:00,3568.47,3644.53,3404.86,3415.28,39734688531,39.17,-165.53,-155.17,-10.36,4266.58,3718.94,3171.31,3718.94,3978.08,3432.27,224.48,36.19,41.82
2025-11-12 00:00:00+00:00,3415.8,3586.01,3373.71,3413.09,34898956623,39.11,-165.27,-157.19,-8.08,4256.77,3696.8,3136.82,3696.8,3963.03,3440.23,223.61,39.54,40.41
2025-11-13 00:00:00+00:00,3412.99,3561.86,3156.03,3232.76,50283416669,34.61,-177.56,-161.26,-16.3,4246.36,3661.71,3077.05,3661.71,3944.62,3447.43,236.63,19.92,31.88
2025-11-14 00:00:00+00:00,3232.3,3252.66,3071.97,3103.79,47003809463,31.8,-195.46,-168.1,-27.36,4237.14,3619.22,3001.3,3619.22,3929.33,3453.95,232.63,4.78,21.41
2025-11-15 00:00:00+00:00,3104.23,3227.69,3104.23,3166.63,19932940649,34.59,-202.24,-174.93,-27.31,4164.21,3569.65,2975.1,3569.65,3911.94,3460.79,224.87,12.16,12.28
2025-11-16 00:00:00+00:00,3166.79,3244.84,3007.07,3092.85,30987886524,32.89,-211.14,-182.17,-28.96,4089.65,3518.29,2946.92,3518.29,3893.43,3467.28,225.79,9.47,8.8
2025-11-17 00:00:00+00:00,3092.94,3218.13,2957.31,3024.54,41026793235,31.35,-221.15,-189.97,-31.18,4038.56,3470.4,2902.24,3470.4,3871.09,3473.21,228.29,9.62,10.42
2025-11-18 00:00:00+00:00,3024.41,3167.93,2948.33,3122.98,41581494270,35.99,-218.62,-195.7,-22.92,3981.25,3431.38,2881.52,3431.38,3849.2,3479.61,227.67,24.67,14.59
2025-11-19 00:00:00+00:00,3122.65,3122.65,2871.23,3023.07,40229739844,33.52,-222.12,-200.98,-21.13,3941.62,3392.32,2843.02,3392.32,3826.74,3485.56,229.39,19.34,17.88
2025-11-20 00:00:00+00:00,3022.89,3057.79,2790.6,2831.78,43917885207,29.35,-237.58,-208.3,-29.28,3901.46,3341.55,2781.65,3341.55,3796.36,3490.67,232.09,4.76,16.26
2025-11-21 00:00:00+00:00,2829.26,2880.6,2626.87,2765.7,51476486049,28.05,-252.27,-217.1,-35.17,3843.48,3286.13,2728.78,3286.13,3761.91,3495.4,233.63,13.49,12.53
2025-11-22 00:00:00+00:00,2766.09,2795.43,2704.5,2767.61,15408928941,28.15,-260.74,-225.82,-34.92,3749.79,3228.96,2708.13,3228.96,3726.97,3500.17,223.44,13.67,10.64
2025-11-23 00:00:00+00:00,2767.59,2856.45,2767.47,2801.68,20358404499,30.0,-261.7,-233.0,-28.7,3712.0,3188.93,2665.85,3188.93,3693.22,3505.12,213.84,16.98,14.72
2025-11-24 00:00:00+00:00,2801.2,2982.82,2763.38,2952.71,32491657389,37.65,-247.41,-235.88,-11.53,3702.85,3171.93,2641.01,3171.93,3661.96,3508.85,214.24,32.02,20.89
2025-11-25 00:00:00+00:00,2952.58,2978.7,2857.84,2957.94,23336017779,37.91,-232.98,-235.3,2.32,3673.66,3148.57,2623.48,3148.57,3627.37,3511.91,207.57,34.52,27.84
2025-11-26 00:00:00+00:00,2958.33,3043.93,2889.89,3027.81,21433162961,41.34,-213.45,-230.93,17.48,3656.17,3134.35,2612.53,3134.35,3598.9,3514.14,203.74,42.88,36.47
2025-11-27 00:00:00+00:00,3027.8,3070.73,2987.2,3014.54,16972780500,40.87,-196.77,-224.1,27.33,3617.68,3113.31,2608.95,3113.31,3568.64,3516.66,195.16,61.95,46.45
2025-11-28 00:00:00+00:00,3014.54,3095.03,2995.77,3032.3,20659958964,41.81,-180.05,-215.29,35.24,3581.72,3094.91,2608.09,3094.91,3541.9,3519.34,188.31,65.61,56.81
2025-11-29 00:00:00+00:00,3032.3,3051.96,2966.85,2991.69,12775481230,40.24,-168.13,-205.86,37.73,3496.04,3065.36,2634.69,3065.36,3524.87,3520.9,180.94,59.04,62.2
2025-11-30 00:00:00+00:00,2991.38,3051.6,2978.83,2992.11,11530446514,40.27,-156.84,-196.05,39.21,3396.86,3036.54,2676.23,3036.54,3509.7,3522.81,173.21,61.77,62.14
2025-12-01 00:00:00+00:00,2991.92,2996.88,2720.44,2800.19,36679598313,33.4,-161.53,-189.15,27.62,3333.52,3005.79,2678.06,3005.79,3482.42,3524.07,180.58,32.03,50.95
2025-12-02 00:00:00+00:00,2800.22,3032.76,2784.39,2997.94,26593645111,44.0,-147.58,-180.83,33.26,3250.89,2985.03,2719.17,2985.03,3457.47,3526.38,185.43,74.85,56.22
2025-12-03 00:00:00+00:00,2997.8,3212.56,2988.14,3191.57,29949301036,52.05,-119.52,-168.57,49.05,3241.28,2982.97,2724.66,2982.97,3438.79,3529.96,188.21,96.42,67.77
2025-12-04 00:00:00+00:00,3188.34,3238.56,3071.31,3134.32,27434991113,49.77,-100.74,-155.01,54.26,3246.15,2984.5,2722.84,2984.5,3421.73,3533.14,186.71,82.96,84.74
2025-12-05 00:00:00+00:00,3134.36,3192.46,2989.83,3024.43,28000268228,45.64,-93.65,-142.73,49.08,3225.59,2977.39,2729.19,2977.39,3404.32,3535.62,187.85,59.91,79.76
2025-12-06 00:00:00+00:00,3024.49,3067.66,3013.98,3040.21,10962819760,46.33,-85.77,-131.34,45.57,3218.88,2974.76,2730.63,2974.76,3388.47,3538.2,178.27,61.72,68.19
2025-12-07 00:00:00+00:00,3040.18,3148.77,2930.65,3061.3,20383496376,47.29,-76.93,-120.46,43.53,3222.84,2976.59,2730.34,2976.59,3371.89,3540.74,181.11,65.79,62.47
2025-12-08 00:00:00+00:00,3061.01,3177.87,3043.7,3125.2,25262165670,50.2,-64.03,-109.17,45.14,3223.23,2976.7,2730.18,2976.7,3354.7,3543.05,177.76,78.12,68.54
2025-12-09 00:00:00+00:00,3124.94,3395.84,3092.88,3321.11,32012553374,57.88,-37.57,-94.85,57.28,3282.06,2991.61,2701.16,2991.61,3341.51,3547.02,186.7,88.94,77.61
2025-12-10 00:00:00+00:00,3321.2,3446.62,3290.15,3325.39,30694387989,58.03,-16.07,-79.1,63.03,3332.31,3016.29,2700.26,3016.29,3330.48,3550.99,184.54,83.31,83.45
2025-12-11 00:00:00+00:00,3324.39,3327.34,3149.03,3237.06,29066243707,53.71,-6.09,-64.49,58.41,3347.39,3039.86,2732.32,3039.86,3319.06,3554.42,184.1,71.14,81.13
2025-12-12 00:00:00+00:00,3237.03,3265.37,3050.27,3084.17,24391003174,47.18,-10.39,-53.67,43.28,3335.56,3055.68,2775.81,3055.68,3303.63,3557.02,186.31,50.09,68.18
2025-12-13 00:00:00+00:00,3084.13,3134.85,3080.08,3116.7,9916869400,48.61,-11.05,-45.15,34.1,3325.38,3071.43,2817.49,3071.43,3287.27,3559.29,176.92,54.57,58.6
2025-12-14 00:00:00+00:00,3116.74,3128.62,3034.69,3060.59,15619543350,46.28,-15.92,-39.3,23.39,3324.66,3076.83,2828.99,3076.83,3269.41,3561.18,170.99,46.84,50.5
2025-12-15 00:00:00+00:00,3060.48,3175.12,2899.69,2964.18,28765976892,42.5,-27.24,-36.89,9.65,3324.36,3077.14,2829.92,3077.14,3245.53,3562.84,178.45,27.15,42.85
2025-12-16 00:00:00+00:00,2964.38,2978.92,2890.01,2964.18,22709189818,42.5,-35.8,-36.67,0.87,3325.45,3073.96,2822.47,3073.96,3222.42,3565.01,172.05,13.33,29.11
2025-12-17 00:00:00+00:00,2964.02,3025.82,2791.33,2831.4,26159825528,37.61,-52.69,-39.88,-12.82,3337.82,3064.8,2791.78,3064.8,3199.4,3566.52,176.51,6.11,15.53
2025-12-18 00:00:00+00:00,2831.49,2994.55,2777.12,2827.07,29194181349,37.45,-65.67,-45.04,-20.64,3347.41,3054.54,2761.67,3054.54,3177.87,3567.97,179.44,7.46,8.97
2025-12-19 00:00:00+00:00,2827.41,3014.61,2811.39,2977.97,27870687989,45.67,-63.05,-48.64,-14.41,3347.4,3053.85,2760.3,3053.85,3161.34,3569.83,181.13,30.0,14.53
2025-12-20 00:00:00+00:00,2977.87,2992.31,2967.84,2977.58,7612418215,45.66,-60.31,-50.97,-9.34,3347.39,3053.13,2758.86,3053.13,3143.95,3571.75,169.94,29.94,22.47
2025-12-21 00:00:00+00:00,2977.51,3009.81,2945.39,3001.61,11178096676,46.94,-55.57,-51.89,-3.67,3333.85,3063.2,2792.54,3063.2,3126.5,3573.72,162.41,33.53,31.16
2025-12-22 00:00:00+00:00,3001.61,3073.35,2965.18,3006.07,20342034264,47.19,-50.86,-51.68,0.83,3333.87,3063.61,2793.34,3063.61,3108.4,3576.66,158.53,34.2,32.56
2025-12-23 00:00:00+00:00,3006.07,3033.2,2902.33,2963.37,21453213168,45.01,-49.99,-51.35,1.35,3318.96,3052.2,2785.43,3052.2,3095.62,3579.1,156.56,27.82,31.85
2025-12-24 00:00:00+00:00,2962.92,2975.17,2888.99,2945.59,13984770325,44.09,-50.16,-51.11,0.95,3310.64,3042.76,2774.88,3042.76,3088.68,3581.19,151.53,30.62,30.88
2025-12-25 00:00:00+00:00,2945.42,2968.71,2891.11,2903.58,11828871179,41.92,-53.08,-51.5,-1.57,3311.7,3036.72,2761.73,3036.72,3078.25,3583.15,146.25,25.9,28.11
2025-12-26 00:00:00+00:00,2903.62,2991.22,2894.15,2925.75,18562196049,43.5,-52.99,-51.8,-1.19,3310.4,3030.99,2751.59,3030.99,3070.52,3584.38,142.74,37.34,31.29
2025-12-27 00:00:00+00:00,2925.75,2957.3,2917.27,2948.0,7378783299,45.12,-50.54,-51.55,1.01,3306.73,3025.33,2743.92,3025.33,3060.78,3585.05,135.4,42.93,35.39
2025-12-28 00:00:00+00:00,2947.9,2957.14,2925.75,2948.57,9227601389,45.16,-48.0,-50.84,2.84,3295.78,3016.5,2737.21,3016.5,3051.74,3585.92,127.97,43.08,41.12
2025-12-29 00:00:00+00:00,2948.56,3051.94,2908.75,2934.54,25957694515,44.24,-46.58,-49.99,3.41,3238.64,2997.17,2755.7,2997.17,3038.78,3587.34,129.06,53.14,46.38
2025-12-30 00:00:00+00:00,2934.42,3002.8,2916.33,2971.42,18816704381,47.29,-42.0,-48.39,6.39,3165.07,2979.47,2793.87,2979.47,3026.84,3589.3,126.02,65.59,53.94
2025-12-31 00:00:00+00:00,2971.41,3021.85,2959.14,2967.04,16451891101,46.96,-38.28,-46.37,8.09,3106.48,2965.97,2825.45,2965.97,3017.87,3591.46,121.49,64.11,60.95
2026-01-01 00:00:00+00:00,2967.0,3006.01,2966.85,3000.39,10268796662,49.82,-32.26,-43.55,11.28,3092.08,2961.78,2831.48,2961.78,3009.62,3593.73,115.61,72.15,67.28
2026-01-02 00:00:00+00:00,3000.45,3146.98,2989.9,3124.42,25242778003,58.73,-17.29,-38.29,21.0,3094.43,2962.17,2829.9,2962.17,3007.45,3596.65,118.58,91.26,75.84
2026-01-03 00:00:00+00:00,3124.31,3135.03,3077.47,3125.92,11460707919,58.83,-5.25,-31.68,26.44,3110.54,2965.43,2820.33,2965.43,3007.9,3599.73,114.22,91.84,85.08
2026-01-04 00:00:00+00:00,3125.96,3160.55,3119.43,3140.71,13890479323,59.81,5.43,-24.26,29.69,3139.17,2974.26,2809.35,2974.26,3007.38,3602.81,109.0,92.69,91.93
2026-01-05 00:00:00+00:00,3141.49,3261.25,3134.09,3226.13,27211995956,65.02,20.55,-15.3,35.85,3186.87,2987.36,2787.84,2987.36,3010.04,3606.33,110.29,90.57,91.7
2026-01-06 00:00:00+00:00,3226.12,3303.56,3184.01,3295.95,27853981622,68.6,37.73,-4.69,42.42,3239.63,3010.58,2781.54,3010.58,3015.47,3610.78,110.95,98.16,93.81
2026-01-07 00:00:00+00:00,3295.91,3296.39,3126.55,3166.84,22665982583,56.98,40.46,4.34,36.12,3249.6,3027.57,2805.54,3027.57,3016.35,3615.11,115.16,66.85,85.19
2026-01-08 00:00:00+00:00,3166.92,3179.87,3052.51,3104.38,22760237888,52.37,37.16,10.9,26.26,3257.17,3033.89,2810.61,3033.89,3017.97,3619.49,116.03,51.35,72.12
2026-01-09 00:00:00+00:00,3104.33,3140.71,3058.1,3083.05,18879517395,50.85,32.44,15.21,17.23,3261.83,3039.17,2816.51,3039.17,3023.0,3622.79,113.64,44.15,54.12
2026-01-10 00:00:00+00:00,3083.17,3099.17,3075.14,3082.4,6960662969,50.8,28.33,17.83,10.5,3265.93,3043.21,2820.48,3043.21,3029.33,3625.97,107.24,43.98,46.49
2026-01-11 00:00:00+00:00,3082.41,3141.96,3080.75,3118.89,10497219711,53.47,27.69,19.81,7.89,3273.32,3048.85,2824.38,3048.85,3036.36,3629.46,103.96,53.23,47.12
2026-01-12 00:00:00+00:00,3118.83,3166.22,3068.07,3092.33,21152711365,51.29,24.76,20.8,3.96,3276.82,3055.3,2833.77,3055.3,3042.17,3632.84,103.54,45.45,47.55
2026-01-13 00:00:00+00:00,3092.01,3352.58,3088.51,3322.1,27237310134,64.71,40.51,24.74,15.77,3319.14,3074.12,2829.11,3074.12,3049.56,3637.34,115.01,92.25,63.64
2026-01-14 00:00:00+00:00,3322.19,3397.9,3280.38,3354.72,33926411912,66.13,54.99,30.79,24.2,3358.1,3096.68,2835.25,3096.68,3057.5,3641.92,115.19,89.98,75.9
2026-01-15 00:00:00+00:00,3354.77,3382.45,3276.82,3317.1,27598686935,62.97,62.71,37.17,25.53,3382.34,3116.24,2850.15,3116.24,3063.28,3646.0,114.5,80.2,87.48
2026-01-16 00:00:00+00:00,3317.34,3325.25,3251.81,3295.48,22732887284,61.16,66.31,43.0,23.31,3398.84,3133.62,2868.4,3133.62,3068.9,3650.05,111.57,70.35,80.18
2026-01-17 00:00:00+00:00,3295.48,3328.28,3282.66,3308.86,11206492253,61.89,69.45,48.29,21.16,3412.84,3151.63,2890.42,3151.63,3074.43,3654.56,106.86,74.22,74.92
2026-01-18 00:00:00+00:00,3308.91,3367.17,3278.43,3281.16,13557863288,59.4,68.91,52.42,16.49,3415.09,3168.96,2922.84,3168.96,3080.22,3658.11,105.57,66.2,70.26
2026-01-19 00:00:00+00:00,3282.2,3282.65,3166.02,3186.62,27956112545,51.76,60.16,53.96,6.19,3407.63,3179.72,2951.82,3179.72,3084.11,3661.09,106.36,38.83,59.75
2026-01-20 00:00:00+00:00,3186.62,3197.39,2925.54,2935.61,32985301273,37.83,32.59,49.69,-17.1,3412.57,3178.15,2943.74,3178.15,3086.82,3663.23,118.18,2.13,35.72
2026-01-21 00:00:00+00:00,2935.88,3064.39,2867.26,2978.9,35797876195,40.79,14.07,42.57,-28.49,3415.1,3177.08,2939.06,3177.08,3086.44,3665.54,123.82,21.04,20.67
2026-01-22 00:00:00+00:00,2979.31,3034.34,2905.56,2949.63,21993593333,39.42,-2.93,33.47,-36.39,3426.48,3168.34,2910.2,3168.34,3081.6,3667.43,124.17,15.52,12.9
2026-01-23 00:00:00+00:00,2949.45,3013.95,2892.52,2953.26,22417700837,39.69,-15.93,23.59,-39.51,3434.81,3159.71,2884.6,3159.71,3077.98,3669.48,123.98,16.21,17.59
2026-01-24 00:00:00+00:00,2953.24,2965.47,2942.44,2948.74,8198666763,39.46,-26.29,13.61,-39.9,3440.95,3150.11,2859.26,3150.11,3076.46,3671.14,116.76,15.36,15.69
2026-01-25 00:00:00+00:00,2948.53,2955.02,2785.9,2815.9,22414089670,33.22,-44.7,1.95,-46.65,3453.81,3129.6,2805.38,3129.6,3071.98,3671.37,120.5,4.9,12.15
2026-01-26 00:00:00+00:00,2815.77,2946.0,2811.07,2926.46,29668620102,41.51,-49.8,-8.4,-41.4,3437.53,3111.12,2784.72,3111.12,3069.28,3671.23,121.53,22.97,14.41
2026-01-27 00:00:00+00:00,2926.2,3031.04,2898.31,3022.21,27976005223,47.58,-45.59,-15.84,-29.75,3431.5,3103.89,2776.28,3103.89,3067.22,3671.55,122.33,38.61,22.16
2026-01-28 00:00:00+00:00,3022.24,3040.72,2981.59,3006.61,21751566455,46.73,-43.02,-21.27,-21.74,3429.49,3099.0,2768.51,3099.0,3060.93,3671.87,117.82,37.0,32.86
2026-01-29 00:00:00+00:00,3006.26,3008.04,2751.65,2818.23,37487198041,37.91,-55.54,-28.13,-27.41,3439.35,3085.76,2732.17,3085.76,3050.79,3671.09,127.72,10.82,28.81
2026-01-30 00:00:00+00:00,2818.14,2823.91,2633.84,2702.38,41877689970,33.7,-73.96,-37.29,-36.66,3459.76,3066.76,2673.76,3066.76,3040.1,3669.54,132.17,9.35,19.05
2026-01-31 00:00:00+00:00,2702.3,2709.53,2248.7,2445.09,47569532203,26.63,-108.07,-51.45,-56.62,3513.13,3033.07,2553.01,3033.07,3027.31,3666.06,155.65,17.56,12.57
2026-02-01 00:00:00+00:00,2445.07,2472.65,2224.12,2267.96,40358630560,23.04,-147.69,-70.7,-77.0,3579.9,2991.85,2403.8,2991.85,3010.34,3660.55,162.28,4.14,10.35
2026-02-02 00:00:00+00:00,2267.56,2393.06,2158.94,2344.36,48844346396,27.57,-170.96,-90.75,-80.21,3576.25,2942.96,2309.68,2942.96,2996.01,3654.88,167.41,17.86,13.19
2026-02-03 00:00:00+00:00,2344.45,2357.21,2109.06,2227.56,47906083919,25.13,-196.56,-111.91,-84.65,3564.64,2886.61,2208.57,2886.61,2981.28,3648.28,173.18,12.4,11.47
2026-02-04 00:00:00+00:00,2227.97,2291.13,2074.1,2143.5,45219604814,23.52,-221.08,-133.75,-87.33,3550.74,2827.93,2105.11,2827.93,2964.87,3641.02,176.31,7.18,12.48
2026-02-05 00:00:00+00:00,2143.62,2167.14,1818.66,1821.68,60381662655,18.61,-263.45,-159.69,-103.76,3570.78,2754.24,1937.69,2754.24,2944.67,3631.33,188.61,0.25,6.61
2026-02-06 00:00:00+00:00,1821.13,2090.33,1748.63,2063.39,64998454203,30.38,-274.35,-182.62,-91.73,3520.29,2691.96,1863.63,2691.96,2929.4,3622.83,199.54,24.36,10.6
2026-02-07 00:00:00+00:00,2063.33,2115.82,1995.92,2090.55,41145430304,31.58,-277.61,-201.62,-75.99,3453.57,2632.43,1811.29,2632.43,2911.65,3614.54,193.86,26.46,17.02
2026-02-08 00:00:00+00:00,2090.63,2148.12,2066.38,2088.76,19541713443,31.54,-277.13,-216.72,-60.41,3389.42,2577.54,1765.65,2577.54,2893.88,3606.83,185.85,26.32,25.72
2026-02-09 00:00:00+00:00,2087.92,2144.98,2008.36,2103.57,26750982266,32.27,-272.42,-227.86,-44.56,3355.8,2535.94,1716.08,2535.94,2875.91,3598.81,182.33,27.47,26.75
2026-02-10 00:00:00+00:00,2104.18,2122.02,1990.14,2019.5,23267337087,30.28,-272.34,-236.76,-35.58,3310.96,2487.97,1664.97,2487.97,2856.18,3590.27,178.73,20.96,24.92
2026-02-11 00:00:00+00:00,2019.58,2030.41,1903.69,1940.62,23922680362,28.51,-275.46,-244.5,-30.96,3265.05,2437.52,1609.99,2437.52,2835.73,3581.27,175.01,15.24,21.23
2026-02-12 00:00:00+00:00,1940.84,1999.5,1897.33,1946.94,20106364835,28.87,-274.26,-250.45,-23.81,3205.01,2387.2,1569.39,2387.2,2815.76,3571.63,169.81,18.44,18.22
2026-02-13 00:00:00+00:00,1946.61,2069.46,1924.14,2048.53,20412430639,34.57,-262.09,-252.78,-9.31,3128.35,2342.19,1556.03,2342.19,2798.65,3562.93,168.06,31.21,21.63
2026-02-14 00:00:00+00:00,2048.33,2105.07,2042.64,2086.01,16925555543,36.59,-246.58,-251.54,4.96,3066.62,2305.7,1544.77,2305.7,2781.86,3554.39,160.52,46.6,32.08
2026-02-15 00:00:00+00:00,2085.95,2100.48,1929.39,1966.04,31030538835,33.07,-241.19,-249.47,8.28,2973.54,2257.67,1541.81,2257.67,2762.22,3545.18,161.27,33.74,37.18
2026-02-16 00:00:00+00:00,1965.92,2021.08,1938.55,1997.92,19219250473,34.86,-231.67,-245.91,14.24,2833.01,2206.46,1579.91,2206.46,2743.21,3536.69,155.65,40.96,40.43
2026-02-17 00:00:00+00:00,1997.92,2013.86,1941.78,1992.19,20929890501,34.68,-222.03,-241.13,19.1,2662.31,2155.74,1649.17,2155.74,2724.36,3529.21,149.68,44.9,39.87
2026-02-18 00:00:00+00:00,1992.2,2037.16,1923.81,1953.97,20187307041,33.44,-215.0,-235.9,20.91,2518.64,2112.53,1706.42,2112.53,2704.01,3522.01,147.08,49.06,44.97
2026-02-19 00:00:00+00:00,1953.99,1985.81,1906.82,1948.2,17380103826,33.25,-207.5,-230.22,22.73,2377.1,2074.82,1772.53,2074.82,2683.63,3514.27,142.22,49.96,47.97
2026-02-20 00:00:00+00:00,1948.27,1980.24,1923.62,1969.02,21682976627,34.72,-197.6,-223.7,26.1,2300.98,2051.01,1801.05,2051.01,2663.01,3505.52,136.1,28.59,42.54
2026-02-21 00:00:00+00:00,1968.86,1994.83,1955.79,1973.74,11561261802,35.06,-187.21,-216.4,29.19,2266.34,2036.3,1806.26,2036.3,2639.99,3497.33,129.17,30.47,36.34
2026-02-22 00:00:00+00:00,1973.57,1982.21,1934.86,1957.81,9488829492,34.4,-178.21,-208.76,30.55,2197.71,2016.98,1836.24,2016.98,2616.63,3488.7,123.33,24.42,27.82
2026-02-23 00:00:00+00:00,1958.14,1958.14,1838.04,1855.5,23731172668,30.4,-177.29,-202.47,25.18,2163.78,1998.37,1832.96,1998.37,2590.93,3478.4,123.1,6.15,20.35
2026-02-24 00:00:00+00:00,1855.47,1868.32,1804.11,1852.97,18475122228,30.31,-174.75,-196.92,22.17,2146.6,1983.85,1821.09,1983.85,2563.46,3467.62,118.89,16.23,15.6
2026-02-25 00:00:00+00:00,1852.88,2145.51,1847.05,2054.63,27717195805,44.9,-154.68,-188.48,33.79,2141.91,1995.49,1849.08,1995.49,2538.64,3456.57,131.72,73.38,31.92
2026-02-26 00:00:00+00:00,2053.78,2082.79,1976.36,2026.79,23327720766,43.54,-139.42,-178.66,39.25,2137.39,1993.66,1849.93,1993.66,2515.84,3445.44,129.91,65.23,51.61
2026-02-27 00:00:00+00:00,2026.74,2062.63,1888.63,1930.76,21136821039,39.15,-133.53,-169.64,36.11,2124.4,1985.67,1846.94,1985.67,2492.36,3433.96,133.06,37.1,58.57
2026-02-28 00:00:00+00:00,1930.75,1983.99,1837.3,1965.05,21675923669,41.42,-124.66,-160.64,35.98,2109.63,1979.49,1849.34,1979.49,2470.0,3420.83,134.03,47.14,49.82
2026-03-01 00:00:00+00:00,1965.39,2053.29,1909.1,1939.07,23649071468,40.2,-118.36,-152.19,33.82,2088.54,1971.26,1853.98,1971.26,2447.14,3406.74,134.76,39.53,41.26
2026-03-02 00:00:00+00:00,1939.06,2085.43,1922.44,2027.27,26235436166,46.03,-105.04,-142.76,37.71,2089.66,1971.65,1853.65,1971.65,2425.3,3394.14,136.78,65.37,50.68
2026-03-03 00:00:00+00:00,2027.41,2040.79,1930.4,1982.77,24100196312,43.71,-96.96,-133.6,36.64,2090.93,1973.76,1856.59,1973.76,2403.11,3381.85,134.89,52.33,52.41
2026-03-04 00:00:00+00:00,1982.71,2198.66,1946.04,2126.51,33610946768,52.1,-78.06,-122.49,44.43,2117.46,1982.74,1848.01,1982.74,2379.2,3370.35,143.3,81.71,66.47
2026-03-05 00:00:00+00:00,2126.56,2163.04,2056.02,2071.61,22383576284,49.09,-66.74,-111.34,44.6,2121.36,1983.89,1846.43,1983.89,2353.54,3358.34,140.71,67.8,67.28
2026-03-06 00:00:00+00:00,2072.03,2092.52,1957.02,1978.75,19733648079,44.42,-64.51,-101.97,37.46,2107.31,1978.53,1849.74,1978.53,2326.77,3346.67,140.34,44.26,64.59
2026-03-07 00:00:00+00:00,1978.69,1994.97,1950.02,1969.46,10236899078,43.97,-62.78,-94.13,31.36,2107.42,1978.7,1849.97,1978.7,2300.25,3336.15,133.52,41.91,51.32
2026-03-08 00:00:00+00:00,1969.45,1978.71,1915.3,1936.6,16314032554,42.33,-63.33,-87.97,24.65,2105.35,1975.63,1845.92,1975.63,2272.81,3324.16,128.52,33.58,39.92
2026-03-09 00:00:00+00:00,1936.64,2052.33,1930.6,1992.94,24015826480,46.04,-58.54,-82.09,23.55,2105.41,1975.67,1845.94,1975.67,2247.04,3313.01,128.03,47.86,41.12
2026-03-10 00:00:00+00:00,1992.99,2087.99,1992.01,2037.12,23552353781,48.82,-50.59,-75.79,25.19,2111.94,1979.83,1847.71,1979.83,2224.05,3299.04,125.74,55.3,45.58
2026-03-11 00:00:00+00:00,2037.12,2085.29,2008.04,2051.57,19031715359,49.73,-42.64,-69.16,26.52,2119.96,1985.0,1850.03,1985.0,2206.37,3285.42,122.28,59.3,54.15
2026-03-12 00:00:00+00:00,2051.77,2094.33,2019.28,2073.14,20624954899,51.13,-34.21,-62.17,27.96,2130.5,1990.2,1849.91,1990.2,2188.26,3271.89,118.9,65.26,59.95
2026-03-13 00:00:00+00:00,2073.29,2206.81,2071.58,2092.56,29345212033,52.41,-25.66,-54.87,29.21,2143.39,1996.14,1848.89,1996.14,2171.12,3260.48,120.07,69.08,64.55
2026-03-14 00:00:00+00:00,2092.56,2105.57,2062.66,2097.09,10073411269,52.73,-18.3,-47.55,29.25,2155.8,2003.11,1850.42,2003.11,2153.99,3247.97,114.56,63.15,65.83
2026-03-15 00:00:00+00:00,2096.88,2201.96,2084.21,2177.48,15333885132,57.99,-5.92,-39.23,33.3,2174.25,2019.21,1864.17,2019.21,2138.57,3236.34,114.79,89.94,74.05
2026-03-16 00:00:00+00:00,2177.78,2384.47,2166.0,2351.18,38938369545,66.64,17.7,-27.84,45.54,2241.11,2044.12,1847.12,2044.12,2129.27,3225.56,122.19,92.9,82.0
2026-03-17 00:00:00+00:00,2351.13,2375.46,2297.67,2318.05,26737564550,63.94,33.37,-15.6,48.97,2289.35,2057.29,1825.23,2057.29,2117.1,3215.35,119.02,85.84,89.56
2026-03-18 00:00:00+00:00,2318.56,2348.9,2154.58,2203.67,25617966362,55.56,36.13,-5.25,41.39,2306.63,2066.13,1825.64,2066.13,2100.73,3204.5,124.4,61.46,80.07
2026-03-19 00:00:00+00:00,2203.48,2232.2,2099.89,2137.42,24090913749,51.36,32.61,2.32,30.29,2310.13,2076.47,1842.8,2076.47,2083.35,3193.23,124.96,47.34,64.88
2026-03-20 00:00:00+00:00,2137.39,2175.7,2117.28,2146.5,17970488517,51.9,30.2,7.89,22.3,2315.04,2085.54,1856.03,2085.54,2069.92,3182.39,120.21,49.28,52.7
2026-03-21 00:00:00+00:00,2146.71,2166.72,2072.38,2076.69,8654913047,47.55,22.39,10.79,11.6,2311.45,2092.42,1873.39,2092.42,2057.4,3171.15,118.36,34.4,43.67
2026-03-22 00:00:00+00:00,2077.2,2125.98,2027.05,2053.05,16438149794,46.14,14.14,11.46,2.68,2311.42,2093.71,1875.99,2093.71,2049.56,3159.16,116.98,26.98,36.89
2026-03-23 00:00:00+00:00,2052.95,2195.99,2023.27,2152.15,28509077302,52.5,15.42,12.25,3.16,2314.84,2102.18,1889.51,2102.18,2047.24,3148.43,120.96,40.8,34.06
2026-03-24 00:00:00+00:00,2152.11,2174.33,2103.38,2155.7,18389631713,52.71,16.53,13.11,3.42,2317.4,2103.64,1889.87,2103.64,2043.47,3137.67,117.39,39.23,35.67
2026-03-25 00:00:00+00:00,2155.72,2198.37,2146.62,2168.02,17086301657,53.5,18.19,14.12,4.06,2323.52,2108.46,1893.39,2108.46,2042.28,3127.14,112.7,40.73,40.25
2026-03-26 00:00:00+00:00,2168.03,2171.16,2033.73,2059.58,18628112246,46.21,10.63,13.43,-2.79,2320.21,2112.5,1904.78,2112.5,2040.6,3115.91,114.46,10.05,30.0
2026-03-27 00:00:00+00:00,2059.45,2075.17,1971.51,1991.27,19453998121,42.3,-0.86,10.57,-11.43,2318.35,2113.59,1908.83,2113.59,2043.99,3104.33,113.69,4.78,18.52
2026-03-28 00:00:00+00:00,1991.28,2038.7,1982.13,1992.69,8641221084,42.41,-9.73,6.51,-16.24,2312.29,2116.39,1920.49,2116.39,2042.58,3092.75,109.61,5.13,6.66
2026-03-29 00:00:00+00:00,1992.69,2016.55,1939.53,1982.56,9451184647,41.8,-17.39,1.73,-19.12,2313.2,2115.87,1918.55,2115.87,2040.42,3080.91,107.28,9.67,6.53
2026-03-30 00:00:00+00:00,1982.55,2082.06,1979.08,2023.51,17840662425,45.21,-19.92,-2.6,-17.32,2313.75,2115.19,1916.63,2115.19,2039.11,3068.73,106.98,19.26,11.35
2026-03-31 00:00:00+00:00,2023.52,2118.8,2011.8,2104.71,21278561395,51.31,-15.2,-5.12,-10.08,2314.24,2117.85,1921.47,2117.85,2039.14,3055.67,106.98,40.35,23.1
2026-04-01 00:00:00+00:00,2104.72,2165.67,2082.29,2138.74,19542997434,53.64,-8.61,-5.82,-2.79,2316.56,2121.13,1925.7,2121.13,2041.52,3043.03,105.29,68.07,42.56
2026-04-02 00:00:00+00:00,2138.72,2158.16,2016.99,2056.85,18847170816,47.73,-9.89,-6.63,-3.25,2316.52,2119.35,1922.17,2119.35,2043.85,3030.26,107.86,45.33,51.25
2026-04-03 00:00:00+00:00,2056.7,2075.76,2042.18,2053.39,9609678843,47.49,-11.05,-7.51,-3.53,2316.33,2117.16,1917.99,2117.16,2045.98,3017.9,102.55,43.99,52.46
2026-04-04 00:00:00+00:00,2053.58,2082.0,2044.87,2065.35,6926913517,48.45,-10.88,-8.19,-2.69,2309.89,2111.55,1913.22,2111.55,2046.31,3005.7,97.88,48.61,45.97
2026-04-05 00:00:00+00:00,2065.37,2120.5,2022.65,2109.0,9928800793,51.9,-7.14,-7.98,0.84,2262.64,2099.45,1936.25,2099.45,2046.77,2993.29,97.88,65.47,52.69
2026-04-06 00:00:00+00:00,2108.94,2172.99,2089.1,2107.76,19097527675,51.79,-4.23,-7.23,3.0,2215.89,2088.93,1961.97,2088.93,2049.61,2980.87,96.88,64.99,59.69
2026-04-07 00:00:00+00:00,2107.78,2270.59,2061.47,2241.81,22588914083,61.06,8.8,-4.02,12.82,2225.94,2090.84,1955.73,2090.84,2054.48,2969.73,104.89,91.31,73.92
2026-04-08 00:00:00+00:00,2242.28,2269.88,2181.23,2190.34,21469476310,56.56,14.79,-0.26,15.05,2234.38,2093.48,1952.59,2093.48,2058.45,2958.27,103.73,75.76,77.35
2026-04-09 00:00:00+00:00,2190.33,2243.97,2158.02,2189.14,17218638798,56.46,19.23,3.64,15.59,2241.1,2095.62,1950.13,2095.62,2063.15,2946.96,102.46,75.4,80.82
2026-04-10 00:00:00+00:00,2189.38,2257.18,2176.85,2245.15,17131968712,60.15,26.95,8.3,18.65,2263.73,2104.04,1944.35,2104.04,2069.09,2937.17,100.88,92.32,81.16
2026-04-11 00:00:00+00:00,2245.1,2327.46,2230.75,2285.39,12620960384,62.61,35.91,13.82,22.08,2292.6,2115.66,1938.71,2115.66,2075.42,2927.77,100.58,89.16,85.62
2026-04-12 00:00:00+00:00,2285.43,2288.45,2177.49,2192.2,15307071617,54.27,35.08,18.07,17.0,2297.23,2117.66,1938.09,2117.66,2079.79,2917.96,101.33,61.17,80.88
2026-04-13 00:00:00+00:00,2192.33,2393.76,2176.32,2370.71,23709131572,64.13,48.27,24.11,24.16,2340.39,2128.41,1916.43,2128.41,2088.04,2910.47,109.62,93.97,81.43
2026-04-14 00:00:00+00:00,2370.31,2415.53,2304.41,2323.31,25185167270,60.4,54.27,30.14,24.13,2364.97,2136.17,1907.38,2136.17,2097.4,2901.91,109.73,76.86,77.33
2026-04-15 00:00:00+00:00,2323.34,2385.0,2310.71,2359.44,17004367348,62.2,61.24,36.36,24.88,2397.46,2151.17,1904.87,2151.17,2107.53,2893.62,107.2,85.93,85.58
2026-04-16 00:00:00+00:00,2359.7,2369.17,2285.71,2348.65,20602833116,61.31,65.14,42.12,23.02,2418.32,2169.04,1919.75,2169.04,2113.41,2884.65,105.5,82.98,81.92
2026-04-17 00:00:00+00:00,2348.85,2464.78,2318.14,2421.07,26467618336,64.96,73.23,48.34,24.89,2449.37,2190.45,1931.54,2190.45,2121.3,2875.67,108.44,90.11,86.34
2026-04-18 00:00:00+00:00,2421.1,2427.28,2341.13,2351.1,14400085617,59.15,73.15,53.3,19.85,2457.76,2208.88,1960.0,2208.88,2129.7,2866.7,106.85,74.29,82.46
2026-04-19 00:00:00+00:00,2350.86,2355.78,2254.7,2264.92,17083701612,52.88,65.39,55.72,9.66,2454.95,2220.95,1986.95,2220.95,2135.7,2856.26,106.43,50.45,71.62
2026-04-20 00:00:00+00:00,2264.87,2346.27,2262.05,2315.21,19084768822,55.82,62.57,57.09,5.48,2462.38,2231.48,2000.57,2231.48,2143.22,2845.4,104.85,62.91,62.55
2026-04-21 00:00:00+00:00,2315.18,2338.01,2287.38,2327.97,16107716719,56.56,60.66,57.8,2.86,2471.35,2240.94,2010.53,2240.94,2149.24,2834.47,100.98,55.4,56.25
2026-04-22 00:00:00+00:00,2327.96,2422.86,2314.59,2376.09,22465555335,59.34,62.32,58.71,3.61,2477.64,2256.9,2036.16,2256.9,2157.1,2823.9,101.5,71.09,63.13
2026-04-23 00:00:00+00:00,2376.09,2380.14,2287.55,2331.51,19909161913,55.78,59.35,58.83,0.51,2471.72,2270.81,2069.89,2270.81,2161.2,2812.98,100.86,53.8,60.1
2026-04-24 00:00:00+00:00,2331.57,2337.27,2301.53,2315.69,13371168064,54.54,55.08,58.08,-3.0,2460.08,2283.32,2106.57,2283.32,2166.08,2801.12,96.21,48.32,57.73
2026-04-25 00:00:00+00:00,2315.74,2323.41,2302.2,2318.83,6545621782,54.75,51.36,56.74,-5.38,2450.81,2293.81,2136.82,2293.81,2172.89,2790.46,90.85,49.4,50.51
2026-04-26 00:00:00+00:00,2318.91,2379.32,2307.57,2369.73,10622966933,58.22,51.92,55.78,-3.85,2440.52,2306.91,2173.31,2306.91,2180.89,2779.67,89.49,67.05,54.92
2026-04-27 00:00:00+00:00,2369.84,2403.73,2267.41,2303.06,17879618684,52.54,46.45,53.91,-7.46,2440.06,2309.98,2179.89,2309.98,2188.22,2769.34,92.83,23.02,46.49
2026-04-28 00:00:00+00:00,2303.08,2310.44,2259.06,2289.42,12761522276,51.43,40.55,51.24,-10.69,2432.8,2314.93,2197.05,2314.93,2194.15,2761.57,89.87,16.53,35.53
2026-04-29 00:00:00+00:00,2289.41,2345.94,2221.22,2253.42,21884731493,48.53,32.59,47.51,-14.92,2424.52,2318.14,2211.77,2318.14,2198.48,2754.09,92.36,13.22,17.59
2026-04-30 00:00:00+00:00,2253.48,2277.72,2232.13,2256.25,12309496389,48.77,26.21,43.25,-17.04,2423.58,2318.7,2213.82,2318.7,2202.57,2744.54,89.02,14.38,14.71
2026-05-01 00:00:00+00:00,2256.34,2324.79,2256.08,2295.09,13243880777,52.14,24.01,39.4,-15.39,2423.5,2319.18,2214.86,2319.18,2207.01,2734.79,87.57,35.85,21.15
2026-05-02 00:00:00+00:00,2295.04,2339.74,2292.72,2316.23,6905015549,53.91,23.7,36.26,-12.56,2410.99,2325.39,2239.78,2325.39,2211.48,2725.75,84.67,47.12,32.45
2026-05-03 00:00:00+00:00,2316.21,2354.71,2297.55,2321.64,9861070993,54.38,23.62,33.73,-10.12,2405.83,2322.93,2240.03,2322.93,2215.97,2717.42,82.71,49.8,44.26
2026-05-04 00:00:00+00:00,2321.82,2397.61,2309.26,2346.4,25497505008,56.55,25.26,32.04,-6.78,2407.65,2324.09,2240.52,2324.09,2219.35,2709.68,83.11,62.08,53.0
2026-05-05 00:00:00+00:00,2346.42,2398.83,2344.93,2361.18,17739612383,57.83,27.44,31.12,-3.68,2407.9,2324.17,2240.45,2324.17,2219.55,2702.32,81.02,69.41,60.43
2026-05-06 00:00:00+00:00,2361.29,2423.04,2338.48,2350.8,22745786496,56.57,28.0,30.49,-2.49,2408.14,2324.28,2240.42,2324.28,2220.21,2694.62,81.28,64.21,65.23
2026-05-07 00:00:00+00:00,2350.85,2351.74,2280.81,2291.11,23409823896,49.81,23.36,29.07,-5.7,2389.3,2317.78,2246.27,2317.78,2221.96,2686.15,80.54,34.63,56.08
2026-05-08 00:00:00+00:00,2291.08,2320.69,2265.83,2306.97,20013463010,51.47,20.73,27.4,-6.67,2385.47,2315.58,2245.68,2315.58,2225.35,2677.79,78.7,42.49,47.11
2026-05-09 00:00:00+00:00,2307.07,2336.93,2300.54,2326.73,12217205123,53.53,20.0,25.92,-5.92,2384.47,2318.67,2252.86,2318.67,2228.95,2670.03,75.68,52.28,43.13
2026-05-10 00:00:00+00:00,2326.74,2381.26,2313.13,2369.04,19587186882,57.67,22.58,25.25,-2.67,2390.87,2321.36,2251.85,2321.36,2234.8,2662.84,75.14,73.24,56.0
2026-05-11 00:00:00+00:00,2369.19,2374.3,2305.08,2339.36,15525623296,54.03,21.98,24.6,-2.62,2391.85,2321.93,2252.0,2321.93,2240.52,2655.26,74.72,58.54,61.35
2026-05-12 00:00:00+00:00,2339.29,2339.69,2256.42,2274.64,16145394773,47.06,16.09,22.9,-6.8,2384.93,2316.86,2248.78,2316.86,2242.97,2646.96,75.33,26.47,52.75
2026-05-13 00:00:00+00:00,2274.59,2322.23,2233.55,2257.58,15193768365,45.39,9.94,20.31,-10.37,2385.76,2313.16,2240.56,2313.16,2245.01,2638.48,76.28,13.33,32.78
2026-05-14 00:00:00+00:00,2257.57,2317.95,2238.47,2280.93,17563432027,48.1,6.86,17.62,-10.75,2385.42,2311.42,2237.42,2311.42,2247.27,2629.09,76.51,25.0,21.6
2026-05-15 00:00:00+00:00,2280.93,2298.69,2204.77,2223.33,18146855938,42.5,-0.22,14.05,-14.27,2390.32,2306.65,2222.97,2306.65,2250.55,2619.61,77.75,8.5,15.61
2026-05-16 00:00:00+00:00,2223.34,2229.85,2162.05,2179.75,11451672017,38.82,-9.24,9.39,-18.63,2392.93,2297.15,2201.36,2297.15,2254.32,2610.6,77.04,6.78,13.43
2026-05-17 00:00:00+00:00,2179.85,2196.78,2097.02,2127.65,10143205921,34.93,-20.36,3.44,-23.8,2410.41,2288.38,2166.35,2288.38,2257.01,2601.72,78.67,9.4,8.23
2026-05-18 00:00:00+00:00,2127.68,2155.96,2078.62,2128.52,19890789125,35.05,-28.77,-3.0,-25.77,2421.75,2280.33,2138.92,2280.33,2259.93,2593.34,78.57,14.49,10.22
2026-05-19 00:00:00+00:00,2128.53,2143.56,2093.48,2109.96,12030742868,33.66,-36.51,-9.7,-26.81,2433.59,2273.16,2112.72,2273.16,2261.66,2584.65,76.54,9.1,10.99
2026-05-20 00:00:00+00:00,2109.85,2146.51,2101.83,2126.98,12076799234,36.16,-40.8,-15.92,-24.88,2439.91,2266.69,2093.48,2266.69,2262.11,2575.92,74.26,15.98,13.19
2026-05-21 00:00:00+00:00,2127.17,2154.22,2103.46,2131.41,14344389472,36.83,-43.35,-21.41,-21.94,2441.28,2258.51,2075.74,2258.51,2261.96,2567.02,72.58,17.44,14.17
2026-05-22 00:00:00+00:00,2131.37,2138.98,2056.93,2064.64,13229489284,31.48,-50.17,-27.16,-23.01,2445.8,2245.93,2046.06,2245.93,2262.12,2559.33,73.26,2.38,11.93
2026-05-23 00:00:00+00:00,2064.63,2145.58,2010.55,2115.95,16650709488,38.83,-50.86,-31.9,-18.96,2440.23,2235.65,2031.07,2235.65,2263.37,2553.45,77.67,28.43,16.08
2026-05-24 00:00:00+00:00,2115.54,2127.31,2061.33,2097.99,10602558120,37.32,-52.24,-35.97,-16.28,2429.65,2223.23,2016.8,2223.23,2264.02,2546.81,76.84,24.04,18.28
2026-05-25 00:00:00+00:00,2097.99,2138.41,2090.52,2111.37,10167436482,39.22,-51.67,-39.11,-12.56,2412.18,2210.74,2009.29,2210.74,2264.07,2540.81,74.77,30.63,27.7
2026-05-26 00:00:00+00:00,2111.37,2138.01,2054.36,2070.86,15924080901,35.7,-53.86,-42.06,-11.8,2396.1,2196.74,1997.38,2196.74,2263.33,2533.98,75.4,19.35,24.67
2026-05-27 00:00:00+00:00,2070.87,2092.98,2014.63,2022.2,14534289020,31.98,-58.85,-45.42,-13.43,2391.91,2183.29,1974.67,2183.29,2258.94,2527.09,75.61,3.79,17.92
2026-05-28 00:00:00+00:00,2022.09,2025.76,1966.28,2007.55,18109844096,30.94,-63.25,-48.98,-14.27,2382.47,2168.32,1954.17,2168.32,2255.28,2519.22,74.46,12.42,11.85
2026-05-29 00:00:00+00:00,2007.55,2042.54,1975.19,2011.98,14941194039,31.67,-65.63,-52.31,-13.31,2363.96,2152.58,1941.21,2152.58,2251.74,2511.43,73.95,17.34,11.18
2026-05-30 00:00:00+00:00,2011.91,2028.44,2000.17,2019.46,7478416074,32.95,-66.14,-55.08,-11.07,2328.14,2135.11,1942.07,2135.11,2247.23,2504.46,70.69,23.07,17.61
2026-05-31 00:00:00+00:00,2019.24,2034.12,1991.91,2004.34,9253505209,31.66,-67.0,-57.46,-9.54,2294.13,2118.35,1942.58,2118.35,2241.6,2497.41,68.66,20.07,20.16
2026-06-01 00:00:00+00:00,2004.24,2017.61,1956.15,2003.22,19458810001,31.56,-67.0,-59.37,-7.63,2271.43,2104.78,1938.14,2104.78,2237.82,2491.26,68.14,23.76,22.3
2026-06-02 00:00:00+00:00,2003.26,2003.97,1838.06,1857.72,25205401403,21.97,-77.84,-63.06,-14.78,2269.24,2084.79,1900.34,2084.79,2227.56,2485.03,75.13,6.22,16.68
2026-06-03 00:00:00+00:00,1857.64,1889.06,1771.31,1811.73,24083350214,19.91,-89.12,-68.27,-20.84,2259.58,2061.33,1863.08,2061.33,2217.33,2478.26,78.17,10.56,13.51
2026-06-04 00:00:00+00:00,1811.74,1817.35,1717.8,1769.58,27112623897,18.22,-100.3,-74.68,-25.62,2261.2,2038.64,1816.09,2038.64,2205.54,2471.64,79.7,12.1,9.63
2026-06-05 00:00:00+00:00,1769.99,1772.11,1540.16,1580.86,39924177669,12.94,-122.97,-84.34,-38.63,2301.41,2008.7,1715.98,2008.7,2190.18,2464.42,90.57,6.72,9.79
2026-06-06 00:00:00+00:00,1580.88,1599.95,1506.51,1568.77,18426248218,12.69,-140.29,-95.53,-44.77,2327.4,1980.75,1634.11,1980.75,2173.13,2456.65,90.78,9.85,9.56
2026-06-07 00:00:00+00:00,1568.75,1714.97,1563.78,1686.4,15172606860,27.57,-142.89,-105.0,-37.89,2321.62,1958.65,1595.68,1958.65,2159.84,2449.97,95.09,28.47,15.01
2026-06-08 00:00:00+00:00,1686.25,1713.47,1644.79,1690.15,17427269148,27.99,-142.99,-112.6,-30.39,2312.16,1937.66,1563.16,1937.66,2148.34,2444.26,93.21,29.08,22.47
2026-06-09 00:00:00+00:00,1690.21,1695.52,1613.83,1637.71,15196855528,25.74,-145.62,-119.2,-26.42,2299.36,1913.19,1527.03,1913.19,2134.8,2438.62,92.38,22.37,26.64
2026-06-10 00:00:00+00:00,1637.63,1665.76,1603.83,1620.14,12655731412,25.01,-147.43,-124.85,-22.58,2280.6,1887.63,1494.66,1887.63,2120.64,2432.88,90.21,21.2,24.22
2026-06-11 00:00:00+00:00,1620.14,1690.45,1620.08,1672.28,12379882531,31.22,-143.01,-128.48,-14.53,2262.95,1868.01,1473.08,1868.01,2106.56,2427.24,88.79,30.93,24.83
2026-06-12 00:00:00+00:00,1671.82,1689.44,1650.63,1665.13,9989137815,30.84,-138.48,-130.48,-8.0,2232.2,1845.47,1458.74,1845.47,2093.23,2420.8,85.22,30.06,27.4
2026-06-13 00:00:00+00:00,1665.05,1693.6,1661.61,1680.21,6101094488,32.69,-132.15,-130.82,-1.34,2198.81,1824.58,1450.35,1824.58,2080.52,2414.41,81.42,32.92,31.3
2026-06-14 00:00:00+00:00,1680.15,1729.35,1654.21,1724.61,7804982667,37.94,-122.15,-129.08,6.93,2156.33,1805.24,1454.16,1805.24,2068.64,2407.9,80.97,42.67,35.22
2026-06-15 00:00:00+00:00,1724.44,1730.6,1710.97,1759.41,9236377600,41.78,-110.14,-125.29,15.15,2118.05,1789.67,1461.3,1789.67,2056.43,2401.62,76.59,50.84,42.14
